virus_id,step,waymo_x,waymo_y,hybrid_x,hybrid_y,label
703.0,40.0,630.3692450009346,6764.772629302412,-3993.3941761279048,790.1014182961494,0
864.0,46.0,-388.2451223155278,-1278.5319065035037,180.75194437333386,204.40163788533656,0
794.0,0.0,1165.4373280970012,7190.18284878837,1206.476839870887,3003.543515680413,0
579.0,58.0,853.7771837064727,2041.8371305051132,99.59255981971961,3479.789716703977,0
702.0,25.0,268.8140117332111,-142.3148326581965,4151.606789152205,1055.8517736840681,0
817.0,21.0,-6912.448471940699,-1102.661782641364,10850.50462389684,-5159.980370416349,1
462.0,46.0,206.3402357398146,-1042.092942665019,2300.422239767201,1290.9313807250987,0
865.0,18.0,-3677.2370872075126,2574.163285161363,2667.0834381554537,-469.98935871688525,1
921.0,24.0,5754.005511751757,2418.335649663023,6981.3981808406115,7019.784347331162,0
1030.0,19.0,5878.4231378487475,790.5927980899426,508.43278562976786,-745.881534883451,0
362.0,7.0,1099.0591864984594,2449.205907266486,2483.5590368333515,-5955.678528903451,0
165.0,19.0,-515.4364110555291,6783.4943110055665,4781.16368115582,-2718.858029121682,1
789.0,7.0,-5300.631863384359,-5027.943239862136,4329.465294990878,-607.8845400286605,1
439.0,9.0,-2484.421745980315,15522.865656261438,4296.704245738866,-2891.3670144386315,1
0.0,20.0,2667.4803583533794,-991.1000292168576,8228.797669420657,-1231.2192983963264,0
737.0,40.0,3510.5510474534985,1008.8548787775815,3157.8855262661677,-2751.166783953655,0
273.0,47.0,658.1370515605597,674.6818478916523,-2277.4714909620957,7031.508846580509,0
109.0,55.0,-2195.5198218041037,6384.098218944774,6217.303511061759,81.33982971108753,0
739.0,0.0,-413.3357941511232,1697.7528284306354,2043.5602134949784,-3919.806191565426,1
418.0,38.0,-2124.766641059504,13236.27091897663,2980.1667626428944,748.2032651528473,0
972.0,74.0,3192.3565477846496,-4939.053377624834,9462.782863069915,3183.0294980867047,0
516.0,9.0,-143.63263482122824,7772.533051411594,1470.5532776870102,1660.9829555042402,0
937.0,66.0,6096.287611085458,3814.6088989529726,7759.8040721419975,2300.344395834023,0
0.0,43.0,-4602.7820152153,-177.08946521368648,-8173.686543273375,474.08112464399983,0
525.0,0.0,-714.1856555984903,8096.1502496318235,1579.3580860390123,1459.815648378891,1
822.0,61.0,-129.64174170544925,8066.501706417743,9376.431445728127,6898.681019808539,0
253.0,79.0,-5522.331991696465,-486.00089876777474,5789.207307074731,-1356.2899494844974,0
791.0,5.0,-2763.1417327053655,-8938.627222833602,536.8122329887736,-2659.7877890369273,1
838.0,68.0,-3742.726037177396,3845.76865652968,2241.365372373848,-967.9641641480616,1
755.0,21.0,-3017.4329214196214,11137.70664076297,3373.6749362063656,-2536.9182335752157,1
809.0,17.0,436.1411877770826,9185.293761872023,3732.469173704096,-9596.943470161163,1
539.0,11.0,3187.751797175637,3039.4631975246766,5500.2483597105,770.1641497369455,0
608.0,30.0,1171.8295240757413,-7432.097060969361,-7893.368275450345,9234.421851281366,1
583.0,5.0,1807.7527223443494,14482.691481528458,5000.574358884143,-1345.604985569781,1
925.0,15.0,-5072.690042908811,-1336.7937195341506,5084.314283876651,-12832.642538432838,1
63.0,31.0,-1572.4199424810174,1707.1312623557715,-2447.504508652846,-1818.4088302932266,0
238.0,0.0,-5008.271355599125,-5155.14783765036,7320.407564693979,-6081.456130906672,1
508.0,13.0,8189.189312859369,5572.276791778959,1794.0926912565471,-8210.411836597268,0
639.0,50.0,-4724.0798269436345,7340.115907059192,629.007808615075,1290.673858333089,0
668.0,9.0,290.0655065992348,10851.90363755103,17302.476871821647,-820.2652933430613,1
207.0,37.0,996.9466796069491,5541.031853219845,-3467.9168029424063,3222.098994153797,0
955.0,30.0,2310.006859005678,-4752.9229521180805,10628.489987576126,-19387.772457953943,0
253.0,11.0,8331.209120566691,-1341.3677815831418,647.3970969038182,-5822.136748603761,0
827.0,67.0,-1805.9648547510214,3317.237251940231,7515.244770592034,-3354.044559532578,0
762.0,1.0,-4023.725900725522,-6228.9716989191575,1933.8501443300484,-2968.424069159872,1
523.0,46.0,1244.0551448403353,-17925.599903038266,610.3487457088821,2584.8030331329865,0
172.0,30.0,8846.69085982238,-9847.668454863218,7157.986130391755,-583.7727345846262,1
127.0,7.0,6435.512859112909,6973.782966501707,5455.160197644622,-1005.2655568315391,1
590.0,14.0,8283.003799365692,4225.648784560201,11588.33216831791,15950.421617487504,1
644.0,25.0,72.09773067712617,-4091.449676092935,-3579.4076401727843,2884.7355205817225,1
776.0,1.0,14964.835126773829,5162.464399658236,6702.031752991752,-3803.9053311408966,1
573.0,18.0,-10047.760269952321,2489.71569354611,1621.4568061300427,-1662.552069223221,1
137.0,60.0,2994.737576607152,11082.121389778229,-185.89107291032326,-8184.733065162801,0
42.0,73.0,-2554.4494607462634,807.1439157085697,6219.4977789126615,-17756.209773479335,0
36.0,74.0,113.69922965661203,9159.246829027996,10459.15740282949,-9569.155027887911,0
844.0,10.0,-2128.093035319332,1313.408546960153,4938.306598222708,-2426.531704905447,1
271.0,21.0,1058.4514643329371,725.2418836978459,2981.676126529443,-1607.8941615962199,0
917.0,66.0,-2631.6049438830246,-1041.0443360851307,5139.121189375796,-77.22760252842727,0
1007.0,1.0,7246.255988630743,2422.6870914977007,7745.243667174224,8871.288735495025,0
886.0,10.0,779.5929953015557,1899.6292065232333,6357.82426387902,-521.1645309665037,1
645.0,11.0,-1271.1320857140388,8657.883049036236,-1298.0536415308934,-1481.6091121741074,0
364.0,19.0,-1191.8805441728662,416.49686318714566,199.47328367719504,16399.686091096006,0
815.0,27.0,-311.5005407971994,11140.505140762092,3870.452433666643,-4260.501771884607,1
609.0,0.0,1488.5842612571116,480.4517598086475,-406.4048458619304,-1065.1323118576652,1
537.0,35.0,1413.2992285541554,2773.4059847354924,1437.0433100713115,6559.439236076173,0
465.0,43.0,-895.0700681257902,-5.766002564828341,10855.986797101628,-1890.7889308232857,0
771.0,37.0,3131.762909486403,1622.2995634131403,1891.9890426047384,10162.960523053642,0
535.0,32.0,-3162.8114593743967,-714.2762674211299,8840.252969355062,-8963.601690977881,1
487.0,79.0,5855.978262838455,-3820.6328163912353,-1382.2516983357443,4977.061488725237,0
273.0,50.0,-89.2491526747242,1512.9164714581432,649.6751045421145,4354.37483057565,1
1031.0,14.0,637.0743443478623,83.89032912937785,-9510.101441232413,-3972.1236640137995,0
679.0,9.0,-696.5714734357384,-848.9737943581033,7034.308197758253,2311.1189020476018,1
510.0,12.0,236.48353111799304,-899.7894868735962,647.7679169374522,11457.397809855167,0
309.0,38.0,6657.72911387174,8958.055888903944,-4364.491427479558,1099.2252631895806,0
637.0,25.0,3640.842623534726,-2198.71818173756,-11980.964891242664,-2441.818009790573,0
533.0,4.0,276.4657549213184,10830.306057171387,8050.002221808512,-784.8217505393601,0
841.0,18.0,-33.03494660581299,4818.092237870524,6456.059028967803,9987.887226695042,1
652.0,46.0,-962.1679755199724,-2737.632449357031,12545.656769656858,3222.651259393485,1
946.0,11.0,-2413.8234813610425,1423.4404556743766,882.4977179184939,-4685.916737253755,0
159.0,0.0,8701.11204946048,1950.8016842132222,6021.474146189914,-1252.166441946096,1
937.0,48.0,869.8247570333325,1098.312935659988,4623.224064377118,-4313.231119615869,0
152.0,72.0,-12355.275396205954,-2510.4376848499664,1170.642586931015,10403.816961624974,0
903.0,36.0,1702.651638957776,1812.6533149386523,7116.755475840455,-5506.440494294917,0
0.0,8.0,1603.4542353850072,334.4555778715935,5469.292295677512,-1287.2696341669725,1
814.0,16.0,1524.0632019312811,-2554.1223323441336,5303.7525238177,2792.9030159747936,0
321.0,44.0,-4127.756587349985,3427.242185620069,469.66926716414446,-14792.261517234016,1
0.0,13.0,390.44059358462755,-5374.218986053245,-637.4536638130015,692.6805611940108,0
196.0,24.0,9909.785063907288,-5832.261538613884,856.6599469350489,-10969.024312235479,0
1008.0,66.0,3401.97730848859,9819.101078699501,2053.758385008031,-7637.1999215703,0
762.0,8.0,6113.000356862012,9599.553413885908,8983.3439291197,2722.8879404025565,1
716.0,6.0,1068.6494897078046,-6027.383135074843,2046.018089593299,1166.9304482774824,1
889.0,7.0,8421.184890290324,-1110.8051173838014,697.8263687565353,4927.116691296534,1
210.0,5.0,-1586.775524079444,891.2346430869326,12.336202568741967,-3372.849838575112,0
134.0,7.0,-584.9740047801401,2769.411737137028,5451.007474955302,11334.638330782507,1
263.0,22.0,1909.8954411896086,-5390.806841894662,-4794.978632844531,-5866.524067936223,1
982.0,36.0,2466.8677118219457,4642.734118942378,-3164.04423478438,-671.865620806684,1
545.0,17.0,-9675.595749495791,1514.6698640294785,11830.816368659252,-1527.8211744205762,1
0.0,64.0,2582.7305597042737,1267.4460661351945,4777.703780375311,-961.0264850892661,0
873.0,20.0,-2409.682429386326,976.5054514486205,4120.814333567338,4075.992501289497,0
726.0,13.0,813.1015304353468,-549.4793238472059,4327.671441594186,-147.1346980165065,1
818.0,72.0,4650.527273807092,3687.0274186293536,5917.568004196298,-2649.973293123277,0
932.0,11.0,3411.1559936574668,7781.901478272008,209.71701232839058,535.4621082077476,0
908.0,0.0,10162.733949820507,700.3748838510624,7786.226431543728,11262.216016401271,1
785.0,30.0,-3843.659781065678,-10932.141580728454,4309.643577211341,-5762.262854223898,1
355.0,43.0,2388.8394764985123,10028.489726283953,2571.364394991103,-758.7353829099472,0
451.0,5.0,-273.6641380906224,-11643.539019055293,4558.886300745364,-8341.591662411254,0
540.0,30.0,455.7417173230185,-5320.4018854858605,-3808.7118554208837,1872.2316048505386,1
192.0,0.0,5837.332616203581,-4492.970790535751,2678.973698954198,-718.9718528986782,1
209.0,22.0,1886.9185368679136,-2021.9394281223529,-6812.486659755786,-2967.603282689993,0
790.0,5.0,-950.2664019479996,15510.759282140869,-1352.5018172843838,1245.1791537853705,0
100.0,22.0,2991.818305469635,3068.969311899832,9863.799094269832,-452.46294084925967,1
28.0,26.0,980.2499048268198,4014.268537730704,6987.261578013409,-10342.548686554996,0
52.0,2.0,4873.1546011187675,55.94946174564677,3522.0555705991974,-15239.101409281771,1
300.0,20.0,3072.722481779472,14911.465951885832,626.6106537093328,15147.818327454968,0
768.0,60.0,2524.310165346232,-2599.633473576894,31.719785475621393,11094.723374136303,0
588.0,17.0,510.10464277276026,3712.185276644516,275.09211725745996,-4051.6715208616574,1
572.0,40.0,4960.2271297158,-15278.41422696369,9388.316406134572,4816.07697681893,0
0.0,31.0,-2103.819757288682,-979.8959985932386,-2928.6446747925165,-6117.389443383119,1
40.0,56.0,3176.4919204335542,5618.935062354597,2645.757516505966,1118.867652678905,0
588.0,75.0,10170.118275547991,-156.06756755456155,6734.540792077212,4300.469962437085,0
914.0,0.0,-5371.978677489824,4304.401030544722,177.94661184659952,-2940.668259085399,0
709.0,53.0,-16388.610864753784,11150.601847105154,2664.1011879312964,3058.24705976176,0
577.0,26.0,-2883.890171711885,-3325.703842752144,2947.5853119034446,2026.6348805158104,1
225.0,9.0,1007.8160684463337,-4339.010204099039,2130.1256628925657,9626.10344639589,0
783.0,11.0,-8376.48744631066,5103.809383603042,5500.625819214635,-4192.753055049015,1
863.0,1.0,10239.191559222143,-1467.4303507258087,200.2027788008728,-1370.0797443700476,1
886.0,19.0,4199.301741373689,241.81299449499932,1648.0360819154052,1817.0004173045572,1
159.0,11.0,-929.3714167399762,1834.5816626468036,1318.9601957740902,-1511.3354431106209,0
777.0,19.0,2032.8980631213099,12594.091727085222,336.22491163701676,-1059.3830609055985,1
125.0,7.0,-3381.2894235581766,-2642.3978152069767,-523.7397729287718,-7396.395526627957,0
935.0,25.0,-2462.258998797154,3960.0050978522368,7659.553796573908,-107.5601744471137,0
354.0,10.0,235.37023980236722,5731.174848268509,6153.645940761702,8904.916447541118,1
765.0,9.0,700.3215367671811,5892.268358470261,2279.8041616362643,-6094.0576823371575,1
685.0,56.0,-4168.209393349627,1120.5753556965146,4810.792267243711,223.8108964119096,0
34.0,7.0,8724.542500552956,-2435.593864393279,1270.4924133974098,-2339.91384495589,1
607.0,55.0,2569.1763287027557,257.329447711812,3045.3641450202895,851.7111616481071,0
476.0,6.0,-2209.9256624616514,-4680.30110972332,-7783.232652071196,10259.57963329197,1
828.0,21.0,-4525.972935216807,-13904.220032681906,1093.0822786655585,-1348.1444024678508,1
856.0,73.0,580.7679256362679,7140.779566005103,1396.7519429212994,-5252.600255320305,0
0.0,2.0,1100.982313124291,4286.827116753967,10506.704746402818,-7432.704938556875,1
628.0,71.0,4940.655109127735,-7595.97428924468,407.2908997495306,3487.419587944696,0
388.0,38.0,1719.7126530657995,79.65570104751566,9664.026669659632,6813.377463399609,0
8.0,31.0,-1748.1305278735003,358.9901433609607,2400.6451356047146,8290.501851753796,0
627.0,6.0,448.06508752311686,4699.359486064736,-3463.0219738627075,-2531.5578136196045,0
930.0,27.0,2173.2213296238947,-2128.1361438576505,2553.3045397262035,-3583.883439686319,1
826.0,0.0,8991.72259105827,6099.155375743152,2199.6183324613157,10752.847822432643,1
296.0,58.0,-555.5537023725866,-1325.013124248238,179.24732852549468,-3046.508961097189,0
86.0,17.0,4040.73037111288,1766.468486758225,1240.0612870602085,859.8867331401505,0
252.0,56.0,-7073.547341917262,-983.2776115964275,-97.30291837327093,-1145.9757110140354,0
708.0,24.0,1104.9309317462937,-4338.059364375162,1801.0883158658442,-6546.660996506405,0
142.0,68.0,2151.1534946219967,-5260.7253004742615,-2888.885008994307,9198.07480769122,0
271.0,16.0,-4832.725861788958,334.1268056930253,1549.6230792783406,33.88445610233248,1
914.0,50.0,1306.2418246643379,9886.636198534718,8860.155047682827,2844.4449316265463,0
714.0,6.0,2378.172542728991,-8343.980377048572,2004.0908578356084,-2013.6107986901084,1
489.0,21.0,888.6748319927776,6266.726602862314,-2777.4947870533297,-865.5139229795453,1
255.0,63.0,-919.2314316343702,2101.3433034687264,-353.44200641419525,-2693.3787524802838,0
293.0,1.0,10424.783679034643,7246.598338670847,2340.5550905644063,-1779.9373412844022,1
1034.0,5.0,1591.9836482040039,9941.106360443913,1816.815769939611,-1514.434456097466,1
0.0,12.0,-9342.395493210213,7383.376817328348,2744.350958395876,6906.384821891097,0
675.0,39.0,1504.8080226589038,-173.97444881074898,5696.591339271041,-10499.006954813567,0
668.0,17.0,1726.648304646436,-948.9045155131453,-219.80903564314377,5142.269574994327,0
397.0,52.0,-525.4589799768169,1966.8189309009963,-1179.2764506811072,6362.522218180564,0
937.0,44.0,4959.867008026867,3094.4818131872403,7368.930996614628,-2172.415633508481,0
87.0,0.0,1135.3514110965534,-15063.914619117599,-4159.709662343533,-1137.7164471273504,1
204.0,80.0,-9664.312671646796,10497.099406298024,-4100.225271722671,-1298.3495390554071,0
1032.0,55.0,7481.854500709511,8173.327553334801,-333.1518936801246,-14696.827297234984,0
576.0,64.0,2154.278371065697,10721.54714780227,3269.13501521975,2968.04032762091,1
329.0,23.0,224.6994715565097,6319.267891774663,3822.9194844837566,-1028.3123897099435,1
301.0,12.0,-1689.223476530528,6707.530199120892,7410.9557401061475,9765.663954843047,1
502.0,23.0,1465.5313855730876,-1322.542745390206,2233.8862656008614,-3906.9381558988607,1
109.0,24.0,345.5420668998724,-230.44168681025445,3411.3568947329586,-1746.045795633473,1
17.0,19.0,4259.4960350491965,-3261.2146892863457,269.03832264114476,-4436.755172304742,1
415.0,8.0,4182.278808994601,-1889.5087234701052,7497.125915600971,1569.3050867276393,0
210.0,3.0,3045.8936962441157,-5410.034510255251,-5440.636566283609,-4974.000478295588,0
460.0,52.0,5884.606113582329,451.37227954135415,-2808.1473225987957,10762.280347750642,0
401.0,81.0,-83.80915817403789,7943.6170237651,9075.702999834051,-6028.371050088825,0
387.0,10.0,914.5138298311272,-1834.8441174034851,5640.435938431761,-206.29679228972907,0
308.0,5.0,10926.1268963392,860.3651575858527,1314.200512768289,5020.7583060161905,0
271.0,29.0,1045.9176354418064,3146.5746360134362,4988.322106591454,1636.3172973874216,1
693.0,0.0,2701.001250304933,2713.045674651412,5634.75529608354,320.79115667050837,0
864.0,68.0,8423.956106670465,7230.425319577822,-2286.193389746307,7441.537869652762,0
778.0,7.0,2312.8814133849187,10273.1857805257,-1696.8881543642162,-383.1067276535159,1
990.0,25.0,4402.953899512915,9330.592309523654,2773.3783179629345,6426.780975803173,0
734.0,10.0,723.5388799717814,3371.172147499196,-8176.625584510581,-11026.585145411602,0
837.0,43.0,5392.317475857737,-2362.9088155821223,-1940.5915377471106,-1987.4754939607192,0
871.0,0.0,1973.036734672461,-2714.05325277403,3893.868497386762,-2279.426555677111,0
433.0,10.0,29.148296443641442,-1650.5425387146695,2371.491286065005,508.21119142992666,0
43.0,16.0,-861.2342201025701,-741.3940325080764,1623.5894163871249,1056.2248802648348,0
845.0,18.0,3444.981499969849,-2423.3684518185605,3435.2946731048723,-4729.846666549293,0
841.0,7.0,2087.5618745185666,3484.4285416572134,-5095.493974162235,-3077.172050111826,0
695.0,49.0,2126.6311279222737,-65.66574009712491,-11307.161293429908,-926.1871359123135,0
166.0,31.0,4790.348949671257,-1220.225029644125,-4658.151612743861,8206.037743229686,1
87.0,61.0,-1723.954118689655,-5938.646498486359,-3248.3896377726105,-4108.333541870016,0
962.0,21.0,-8584.551924948273,8419.800927200182,697.984792411623,-982.2267676395094,1
351.0,4.0,3092.9226170386064,-4043.0652394330937,233.6087000702404,7010.961504710112,1
362.0,8.0,752.4865699763546,5347.281741096927,3091.2633847241395,-11042.263983134306,1
698.0,66.0,-1668.45370574756,-2351.6074555722544,-9310.884455549867,6306.864730128631,1
529.0,7.0,-860.2146843151772,8663.482251907695,3330.7702042911988,-14062.04203161038,0
159.0,60.0,-518.5299948254684,1433.0686093088611,5992.073767016162,12152.113830959026,0
350.0,0.0,-238.75683388334187,6129.369819375758,498.01231045129146,1953.0537072910554,0
750.0,21.0,6918.1059811098,-913.3987610996173,128.2134066844797,3748.514818632139,1
123.0,14.0,-31.785827076068017,870.6517912902294,634.8128599043965,-4798.252318396455,0
617.0,5.0,3154.3149923139063,2487.007467045703,5533.312999310471,-7612.496127374676,0
584.0,10.0,-14365.034924212667,-3949.9584542347675,5493.260410443762,-865.7353855134937,1
759.0,60.0,5180.384459397809,-14436.585169602275,10938.132122516921,-1905.010346046985,1
861.0,57.0,1841.3474302403029,489.72397359887054,893.5361174072617,15107.787283814876,0
622.0,10.0,-3802.623551199844,-2860.7484169639424,-2248.586779339583,2111.5079130397226,1
321.0,25.0,-87.81946095349397,-5134.53263201879,6235.590814810368,-3066.088640176563,1
744.0,8.0,-6068.1551473754225,-12930.29344135048,5209.768395970283,1599.852615717953,0
910.0,15.0,1381.4104024081835,353.9763967739609,5075.800816092895,-686.6765545452357,1
52.0,8.0,2391.429773646011,-1412.9338381481116,1239.2134463025084,-4984.141041078548,0
933.0,5.0,1927.452121768108,1728.967762087777,-886.2750561657324,-17267.92686230152,0
963.0,11.0,5488.465766627923,-1634.099223840046,-288.00323728760304,-1869.6459445932064,1
0.0,11.0,3892.1690950218194,-665.6385000396933,9385.95816892216,-1242.0142287952863,1
0.0,66.0,6013.434197787558,-5692.811460104849,-866.2187398290594,-9798.444382265961,0
897.0,24.0,-923.2878959119219,5728.846477500148,8106.810688374479,-5971.431512411791,1
378.0,24.0,4914.115905518962,-3156.3021949481777,2505.4170947150233,-3498.638366096493,0
80.0,44.0,10988.723313288088,-16794.219153837086,-235.8569787377569,-105.24375143947918,0
651.0,11.0,4611.976372507024,1017.4148601830966,448.1502660362677,1876.562570264527,0
420.0,11.0,-2542.9372343905998,-9627.192562047529,968.0558771012618,3736.852514205534,0
309.0,38.0,10948.55056086524,1833.4513783150749,723.5488610794524,-5465.145645101652,1
790.0,16.0,2223.380029816938,-759.9598738904665,2959.252681822939,-7372.405736882656,1
499.0,29.0,-3786.3933821470573,658.4257857710197,10231.386772218406,-14916.75945902275,0
937.0,24.0,-289.52673411113193,-10182.483011816032,-9041.233249934614,-18.399443848723422,0
309.0,46.0,6497.290422172368,-576.9227660389379,-5064.963488229292,155.5241515145866,0
83.0,9.0,79.15976890452862,-1394.4007324027127,-14122.700606819677,5660.156578813616,0
403.0,52.0,-5868.104683213747,-13375.56276208624,16351.61837769463,8311.470040225644,0
469.0,28.0,1331.4365332353862,2329.7252499691017,-15.530831386014512,-16956.57950322693,0
891.0,0.0,1209.3379654117205,10907.037700116092,2451.02131187098,-8926.11361452149,0
417.0,8.0,3458.0770863216526,1922.1618095068652,-1087.0937193411605,-2390.481490615604,1
536.0,3.0,-8618.530839526817,7007.123314649072,851.6178390229727,-740.883602140482,1
910.0,7.0,4199.193175191247,9892.686532022837,7668.402718806776,2352.49968185545,0
112.0,0.0,2788.461488341695,3800.43905897656,2068.011072729954,-3010.9459310469997,0
667.0,27.0,4839.997998945248,7827.863304468173,502.0776092496168,299.5023508184278,1
725.0,44.0,-9406.234169192558,2787.8331139965567,1705.323866833582,-2739.021824419108,1
212.0,50.0,-37.87020024069227,-1086.0218226927734,-3494.5078322388795,-4857.61960879254,0
491.0,16.0,-4997.7314763540935,2258.9081905688217,2622.0060075460297,1583.536608236832,1
263.0,45.0,2262.190028922103,-11189.783670436982,-11934.71137730333,-446.8052608528168,0
291.0,10.0,-882.6172332293547,-4127.518554573467,-4097.3953878206585,6019.246907710315,0
788.0,6.0,3324.0138956171854,-1643.3238867823284,1149.6646664765258,-375.22961451530705,0
685.0,48.0,-1397.708706383563,-3748.2183738435665,4226.97612407387,233.3122136673202,0
118.0,15.0,-3713.3590886513525,-16131.475037776905,7382.692734294643,-3675.8045330631976,0
830.0,6.0,244.48449086866128,-2463.111044433049,560.1979215482147,-5442.660606903057,1
576.0,8.0,7438.639172533149,4754.710505886141,5391.830706843872,-15579.723545705061,1
451.0,12.0,2093.2525993569043,7899.923877093535,15830.999845775368,-2147.0697329704058,1
356.0,73.0,-1011.5924292855849,9494.535084822204,-3719.283144506646,-1721.4492757556222,0
393.0,4.0,-5293.407154817054,-5681.995925851003,1322.157786940871,7035.9973643715675,0
837.0,70.0,829.7679120217504,310.6460104143307,-7917.102246637386,-817.5365962598175,0
647.0,17.0,-29.009310944794834,-2675.677044391354,2018.3390896926287,-6568.048084662387,1
157.0,32.0,1587.930692269647,4051.608389928359,6454.87691549916,-6366.250983543328,1
808.0,28.0,8737.225765460282,6513.281814346419,6427.151368636149,-1270.207871855342,1
672.0,20.0,431.84640061628136,3001.487627764434,5345.443850651017,-852.5848801109307,1
614.0,4.0,-349.7094358369882,424.02667984709296,-179.10671655596252,4039.102342654106,0
597.0,16.0,1511.1794906802606,15895.041739337408,-224.25683208814263,-6593.44545921429,1
304.0,8.0,1144.5024329449216,11365.778378698864,5942.783339747718,5695.34585232832,0
822.0,58.0,515.02479102507,9669.010584554442,1020.3143856053348,2113.4594698148717,0
989.0,17.0,-5426.455882321008,-8822.452950719802,-11405.216397743898,2496.7127175629917,0
718.0,5.0,-6148.916783923961,-7423.700058478144,4.249274559062769,8803.094670838129,0
50.0,49.0,5567.633947696614,1056.9448456434202,8100.408432560772,667.4523596788997,0
331.0,75.0,3183.442047772259,9723.58265760818,68.83788550504518,555.1548957833675,0
562.0,10.0,1246.0979723648275,-661.0797282094929,5097.104863939054,10153.731536524616,0
413.0,14.0,-270.0172829699503,2769.701714524787,9785.389113572255,1465.3801583521754,1
202.0,6.0,-6900.586549640506,1984.5821859856615,5333.8011834450335,496.6625251566195,0
1047.85,23.0,335.0932202945131,5600.741112570055,-47.271199461796414,3374.034418912269,0
44.0,36.0,-429.427803066872,-2250.9826903100898,1947.1065490939372,10459.5438798417,1
346.0,19.0,-3175.607458004964,1430.5860727202207,-305.5981772946984,-3050.647835171476,1
877.0,57.0,16361.888781104051,-1378.927897964426,-11229.119212818401,6359.842548330074,0
25.0,26.0,1736.3825532094922,4879.833218728671,2712.479137828699,-9283.863395876666,1
774.0,71.0,147.83013308620616,634.8753123599573,-4418.257982294739,-884.5191690768519,0
82.0,8.0,635.9347293213318,-12497.938457353914,2476.1482255598003,676.8339376703532,0
0.0,58.0,970.3575366169827,7492.529921460079,-7033.2536608812115,4864.343153506363,0
960.0,43.0,-632.4567621276979,6914.780816235298,5894.984413771982,-3132.991565223251,0
639.0,15.0,1209.993982879629,-7.8875528493376805,-4841.278521534652,-2883.9047770946895,1
691.0,14.0,1897.3133316088038,5108.793797620217,437.22278714549566,-1807.6682639815167,0
303.0,31.0,-11182.991332605508,-6013.648866449038,6693.509077350859,3664.443731003167,1
688.0,21.0,3335.3307620527994,1470.1833111603955,2249.5395107843874,5599.009678080571,1
400.0,32.0,1770.6261382464381,5853.439833773538,-4561.844821881121,-5854.91787846859,0
372.0,23.0,4965.617742246783,6553.07840335897,5609.30457016176,1627.9774603452825,0
457.0,74.0,958.8328499980651,-3188.3123960051876,-1797.720562580474,315.3207895075293,0
648.0,25.0,5087.178295244371,-4225.844067724616,10937.303907507376,1567.6181792406833,0
151.0,25.0,-1243.9379631384463,268.4766964823109,10070.254316274004,-1033.6746035448973,1
318.0,13.0,2112.844693826089,322.78318355346835,3283.8278232299813,2286.518045080352,1
1047.85,22.0,-169.17826294939408,-428.54607601677895,5016.361039427208,1149.5977552734398,1
145.0,10.0,-11775.598535220302,2947.248015289628,1157.5167333061886,1106.5224048148843,1
111.0,42.0,1327.700065153095,4506.574274014275,-599.3972032739571,-5348.447624012479,0
391.0,27.0,8223.312395237388,9928.533240377426,2358.703169610341,-2159.292474459202,1
683.0,19.0,2709.3910507466185,-2117.0855208286275,-1961.3106279391627,1829.947835778239,1
343.0,40.0,2233.183614490579,-531.5563616882812,-8284.408393189715,5847.562115474137,0
533.0,76.0,1332.3392418761505,-20015.125023165827,-1720.8263012506695,1463.461826582432,0
699.0,2.0,-52.1533125889373,2456.015440412708,78.16557288207666,-3651.2216151104776,0
246.0,62.0,-1576.3232802460068,3461.2026787210125,3561.576177230118,-5879.947221014972,0
569.0,11.0,-4629.994826112941,5199.619050864502,11436.3312079641,912.6116195120157,1
567.0,2.0,746.7059514581806,2711.178329663265,328.560926272605,5058.128085376814,0
40.0,19.0,10187.083048504252,484.71457314596637,-298.96752566240286,1958.2230255326199,0
749.0,19.0,6226.60180226328,-3395.234658890535,-43.08417252107665,-1041.898829555923,1
693.0,1.0,2623.7137201078876,1420.6024310294474,1757.8378171629847,1692.9342986547745,0
195.0,5.0,7526.628937973456,4514.74875463577,5354.2493390468335,-5074.44363954775,1
0.0,15.0,3672.63105695774,-4611.706846973321,2463.5063069137123,5088.657854851322,1
1018.0,5.0,2402.033685590901,895.8446613167466,-332.95525498717706,668.8191412151775,0
444.0,16.0,2173.5663028011218,5275.706901416701,9166.6374194505,4887.474548666477,0
538.0,49.0,-110.63311971616068,-96.9573675666179,154.1287295115128,-4713.641199172415,1
336.0,29.0,4972.622494211536,12320.215192563,17560.050469523812,-1304.8807565218185,1
988.0,18.0,-2400.7980993995325,-3069.157942003407,1882.2522282086293,-5201.891478477543,0
582.0,28.0,-117.26576872561554,-671.3239224016406,2846.0655511613986,7147.712255892052,0
340.0,66.0,1982.6149457542197,4918.239663865712,11275.940819664875,2874.0305838869035,0
486.0,14.0,-2302.711653503313,-8514.872368854709,2058.6644171961716,1917.6739879846236,1
424.0,9.0,5066.997263460556,-357.0098105591735,1553.4942888974358,-3249.770862140788,1
530.0,4.0,6574.841513103449,4896.164984926148,-3264.988949540787,-5388.1946388977585,0
348.0,47.0,2009.9918237652262,567.0254064642986,-216.63929149403475,-2709.06020867213,0
56.0,4.0,1935.9578648972843,-3989.123052884893,1115.5655148365008,-14185.883214099511,0
281.0,28.0,2365.5650609210725,563.9558752945335,3535.9865301767445,-2659.60535806188,0
863.0,43.0,-8999.73084031129,-5223.2802396826555,9521.115319022594,2341.031851149051,0
782.0,15.0,2582.120568504368,738.899146946987,1588.1504861156345,-97.03250567604732,0
917.0,53.0,-10141.359169279764,6746.172773127888,10761.358230962758,4496.716447027079,0
387.0,22.0,1732.8891376053878,2866.4548185996837,9106.675290424993,10271.002337698877,0
868.0,0.0,-11664.451457071082,3466.574222121223,11354.440698700597,-1846.9817613666196,1
564.0,31.0,-1188.6486782348659,-3066.348394663063,10165.047175064223,291.68186609155237,0
1046.0,3.0,1055.771670985101,-4262.726342385561,387.1374821688246,340.32057805147997,0
637.0,9.0,-66.48988289464569,735.2133406840585,1436.4147936694137,-716.8906253737324,1
677.0,2.0,-8889.475050120327,1830.5166230555785,1759.6140415150833,1013.4956538097459,1
101.0,3.0,219.8898428347038,-773.2100682673529,185.98392992509633,2045.553944259104,1
854.0,8.0,1630.1082905960786,547.1176399524522,690.3356434199248,-1652.4327838701627,0
788.0,59.0,-14111.769691412417,919.3206527629286,-384.78874516176006,3597.338998431189,0
274.0,32.0,2473.1196219012672,-3938.77717521835,1765.7781267751502,6613.194910271153,0
574.0,64.0,-512.8479342979479,-5060.09750706692,-588.8343511886793,8750.163813538968,0
488.0,1.0,-11374.655259864394,720.8624845466184,1989.5291173427586,-447.5423550224109,1
532.0,1.0,339.2938642265808,6387.060437495494,6963.914234342904,1568.5424495570705,1
470.0,26.0,-578.4545876328036,8033.667164656683,6744.902160066319,42.91449056441979,1
604.0,6.0,245.96273231720443,-1659.213063879297,2937.498081601685,243.97141354920768,1
637.0,25.0,-1899.0595445612894,11102.365739440966,11514.235682429253,-1739.4166456230187,1
869.0,54.0,208.332984567003,17.206780218618803,-14477.896085543081,839.5859829659523,0
1046.0,0.0,2970.0955859324986,1545.1587453130555,9803.253251208687,-5405.36517072017,1
185.0,18.0,-545.0102728656825,11227.379987111326,307.688644509353,-21.677945926125176,0
311.0,62.0,4619.777370807913,-4649.175712367749,531.6510088368875,-5386.389902629942,0
996.0,15.0,973.0215840658899,1949.270596646093,-83.53617116374758,-571.6028460268677,0
756.0,46.0,9885.531855776126,5754.012712905233,1155.2819591225648,1711.2148817341567,1
926.0,20.0,-12616.105190226226,1945.1801664679906,2324.6692242468257,9573.797291995967,0
453.0,10.0,-535.9656374896138,-278.65559783197676,-7682.885848353764,-6564.501920109711,1
477.0,6.0,4177.942098910017,268.7395750902173,5279.72065628642,9925.288406395717,0
662.0,0.0,27.07559155273202,3261.2259574923537,396.93447156291234,3838.3774762456487,0
404.0,45.0,5804.9450794680615,-13452.861525825332,5310.522165080196,-12071.802570097532,0
289.0,0.0,1779.0073123920076,-3310.397204080411,693.4138548390144,-1477.5002965668828,0
878.0,14.0,2709.610209303276,-11117.818447014184,6534.366320852417,736.9476704146189,1
834.0,23.0,1904.5102591334107,-202.50733017529456,2623.061089725121,7896.123250259534,1
832.0,10.0,1849.2820215330737,1486.0408713181962,210.76108800972912,12273.203611713032,1
425.0,8.0,623.3720297371917,13329.70475120758,4242.247235894814,5768.094330157286,0
408.0,10.0,1307.1004317026834,5174.473924746987,13804.822163297686,-121.20754391607522,1
904.0,75.0,379.071470327612,-5253.391387132806,5356.218567704486,-374.20403451271704,1
285.0,47.0,-396.73097722102875,2751.633701087304,5570.840448650506,-6644.264473595429,1
829.0,57.0,-5098.61238793625,-714.327976108161,5591.110095012866,-591.4749478834292,0
364.0,42.0,-7275.700940918287,-2662.0920332896712,-3625.6124896532438,-13972.309043511297,0
474.0,13.0,666.0714553739282,2311.338571990429,-2275.3854228269847,1624.6014070242572,0
84.0,31.0,-2355.565280435094,1298.2610996934127,1533.214315132304,-5069.853657865426,1
172.0,3.0,9965.358157345578,-348.4270171699408,7908.925034831275,1222.5197236461868,0
569.0,26.0,3357.766669379359,3962.113470635761,-114.46366699323448,-1200.6034363440294,1
166.0,73.0,10451.961438504246,-3304.336516798663,-1013.6703770414974,-1285.1323155166542,0
305.0,12.0,2519.451121870862,-1729.332791308529,-11487.821422584706,445.5076766100445,1
0.0,17.0,-3752.703475742288,-8082.915099349048,-2676.185500226914,-5809.640468987509,1
504.0,42.0,3497.6872035336837,-439.2279497271811,8688.335836980963,-11974.040174554779,0
108.0,27.0,-152.94662999704292,-3606.7909809994244,6933.319093254295,2141.675922514182,1
733.0,15.0,4937.859103439515,-1012.9485686483893,-504.08323174483223,-978.8939247558424,1
217.0,15.0,3136.9247478849443,-8922.504060738873,5410.586819519138,-593.0546599576769,0
435.0,7.0,296.69105783353666,-12864.951547103543,6187.129734025423,5243.455378905128,0
153.0,15.0,10117.32686684821,-2028.3582843863423,7150.897458442865,2362.382389176582,1
239.0,28.0,-1739.985942958427,-1064.093474297824,2422.2275961600035,7578.966117759881,1
795.0,11.0,-1379.3198916477202,8915.339161739219,9997.874651082215,-1002.5425078351092,1
823.0,21.0,1976.745071397723,-1157.4382506666316,10267.152182131646,-897.707158510016,1
750.0,5.0,1342.8118323904273,2045.5985853465327,9885.798555460868,-3035.447114417856,1
80.0,60.0,11233.69198346307,6613.52428848286,2761.225443977264,-214.20128110460462,0
0.0,50.0,3311.434425746002,-937.0111085381002,11206.970914667123,12396.867391051872,0
254.0,21.0,7331.514625048665,512.82649204452,2588.164588129181,635.3641119015267,1
68.0,11.0,-6305.338110434737,1182.2530047953965,4856.723164025096,-14754.916488957959,1
289.0,3.0,5469.392873837825,4978.292998955345,533.4187473108389,-2932.165292326528,1
302.0,64.0,-10407.290744265605,397.13347058028967,4825.236464680205,4591.661113220103,0
156.0,56.0,8369.65422508479,690.4505906987788,5895.893005860817,59.55485625901247,1
571.0,12.0,-16210.289012258709,-4447.015228939112,-2835.481654205573,-1604.6238424718981,1
55.0,0.0,-13521.40433099831,-6424.661693778005,5921.36273212272,-1264.6394151058144,0
147.0,80.0,-357.55785056605686,-7009.872430477318,299.26241494708347,-2881.872575549938,0
372.0,22.0,4142.974269774383,-2734.4993592447445,7072.659319444505,-585.3521731841524,1
152.0,20.0,-2272.813896248397,-2986.065743682306,6217.339173238607,1632.0292408409814,1
17.0,19.0,-1277.011359518281,7639.383527935759,1883.2878262390664,10863.643898128605,0
512.0,8.0,125.07934674737771,-3699.477974829483,-3358.413147290481,294.1787636644158,1
634.0,0.0,-1646.719014097461,94.28468352351865,1772.8319274897594,1583.9488136775622,0
779.0,21.0,-1308.6088623799124,7032.028667495811,9047.951889230602,-1328.6131830843278,1
1005.0,72.0,-792.8014469900957,371.3268223303839,2849.669887787728,-5217.533473395636,1
422.0,16.0,-3321.415063461637,295.895710917255,6467.342228856522,4828.22020363664,0
925.0,9.0,-165.0459503730712,-1338.4615435385492,2613.8624639634318,-16843.23757030793,0
423.0,65.0,2456.2546644951253,1209.6423384266263,-5.9666688632999865,272.8185011030555,0
70.0,17.0,-1309.473893675956,8972.65830713321,2534.4572572343295,-1651.5252419128624,1
656.0,6.0,-2073.697794415126,2091.79890314347,3167.524341300673,-4789.081530101799,0
426.0,18.0,1378.148277443018,1676.275663583297,10796.572872893354,1741.077691038452,1
709.0,52.0,2612.5893124505237,485.0698093812316,4311.681060152706,-1129.0983174944831,0
502.0,4.0,1420.4787381507495,-1443.2462515635657,2612.474026797862,3473.0634154034346,0
481.0,10.0,-8931.633061637393,505.4087927501064,540.1492374091217,5844.5250087469685,0
173.0,7.0,-3062.707482357472,2356.915360765759,6046.164148603912,5676.549129759311,0
375.0,17.0,3868.356249565888,-187.79000566367972,7283.444468854345,-1070.5550100356172,0
793.0,0.0,-6497.221816402272,-950.8822659880238,2967.3560261182092,1923.6108224633883,0
492.0,36.0,2527.648905301501,-10391.215152772056,192.13265077065694,10203.922384025864,0
701.0,72.0,982.9171588105708,-4912.830814496823,-5010.1940895054195,8986.162679971794,0
304.0,36.0,1569.6471555199219,-3863.110793531411,7943.43568150051,-3572.906428916312,0
866.0,23.0,4722.1388528587695,-5394.25062922259,3410.0466365763173,-1992.64895199806,1
906.0,3.0,-3996.6589551469224,1071.5971194994524,-360.6794258539822,2170.152814886762,0
315.0,3.0,-8018.734041024624,91.80729583241828,4553.886663994381,-2416.8015183850007,0
971.0,50.0,5790.920059854659,359.8037242340007,2588.8889368591745,10725.121662836693,0
679.0,5.0,-265.34048436602717,-1366.0234228080406,118.9367145347988,-5793.155684774065,0
539.0,0.0,-4833.874166157857,-9649.67290247032,-211.8719025168735,17624.5678298791,0
691.0,31.0,1849.8284233991285,495.6476355199336,5780.745223727289,887.6846947318274,0
181.0,12.0,-982.9352705082695,-6904.875656813373,54.94394864684523,-5050.477073718891,1
24.0,4.0,-3290.6947051408115,2526.5522336076897,2899.0228256530245,2131.5175551566385,0
98.0,20.0,1159.1983482653293,-1650.9397110687723,-13999.19272053579,-6000.1464231363025,1
607.0,0.0,911.4506607947826,-591.6354838367436,1538.6348123204634,7320.796458447079,0
647.0,18.0,3330.3982892456497,4258.361961664812,397.1716732410259,-4654.677658688905,0
987.0,31.0,-7455.942172052823,-996.6362368808213,1152.4566242248734,380.88582720929844,1
893.0,6.0,1142.951002784761,2507.832414008579,6596.214641182767,-1277.2470376041983,1
130.0,13.0,-4730.366430519241,-1369.2847087805512,3759.614193017297,1388.1089839264419,0
379.0,2.0,-133.28613096413187,-754.4922211734352,-3651.9384644710863,-3023.7631215340148,0
681.0,3.0,216.34977023201452,176.2672264467542,384.56700918519437,-143.78686789353424,1
867.0,10.0,-2255.0482399215475,-2012.6022504643634,1410.2095190306575,3058.8639357020493,1
145.0,29.0,1825.4500134908112,-3374.676446674672,5588.691330835574,-17560.79811162951,0
168.0,18.0,-2010.4286824107412,-41.494122611976366,671.6869953703967,10310.279319158128,1
676.0,9.0,-3370.7298113905763,208.9870924097345,1405.474886683213,4819.069984496119,1
58.0,10.0,335.1390200410754,4839.300348872401,616.5610640243287,13663.427653485316,0
974.0,8.0,886.0284656546828,2044.8860058832227,-99.0351077628768,-3976.7125752712914,0
286.0,0.0,-835.4022194327847,-2938.5617810897784,4508.001451424418,4420.206625545134,1
210.0,0.0,721.3314764548422,-11686.084786209649,9482.344316339586,-6833.114633445975,0
624.0,53.0,-207.52618394363822,-4879.328282847509,1437.8522994126483,-374.01032378579384,0
851.0,2.0,2888.3713810972017,-1880.2713339027096,1941.0032233804232,-3569.12302955768,0
356.0,60.0,-971.4673504924758,-2007.547492906847,9167.61723631679,-714.2904093513935,0
766.0,0.0,47.45080391006536,237.269139852202,-513.2509722781406,1207.4138895617216,0
577.0,28.0,8580.801890901623,-1024.8212640803004,3727.2417115876,1764.562176721989,1
887.0,12.0,2084.928971505581,-5031.131379306971,1206.4307404087676,3606.6985545980933,0
402.0,43.0,1004.111854408728,2372.243522694645,1370.9766618483325,-4993.279441202618,0
498.0,13.0,761.9853256232813,354.03180914355335,7293.099100254108,1188.7071710725413,1
642.0,3.0,3782.2406920543017,-2253.2110474695082,1953.8132524347234,433.7118341588761,0
890.0,5.0,2786.528502991634,-294.4388368908626,10429.730577074712,5304.365586638533,0
976.0,43.0,5485.472327557135,13217.632519985977,-260.1381236956483,-14214.170308285733,1
214.0,7.0,1912.5075594313694,-11345.237033881149,-9659.086953102687,327.332983357035,0
196.0,8.0,-5930.938696401155,-5224.979048378238,6240.684118607777,-696.6117607793041,1
746.0,11.0,723.7010902499829,1611.6764758086301,7925.575607419,3759.8833060121315,1
988.0,24.0,-9816.382313477972,-185.18613945867293,-453.56791304908074,7744.238371368139,1
482.0,27.0,477.1711361532627,538.9792973324329,2294.946939605104,-10394.216434391561,1
970.0,6.0,-169.80667349264536,-5019.211704774769,1468.8834943693982,6876.921531219561,1
446.0,14.0,1740.4951215416281,11731.926365332109,-1092.6966693852944,3561.0805328696333,0
717.0,53.0,-15063.251510249866,6854.348101487752,4917.919016304626,-15.616504551680464,0
100.0,24.0,4695.7124434319,-1837.1220498490854,5031.367612454689,-4162.793546079819,0
481.0,12.0,4940.101035567558,-1134.4653411773124,-2252.217797220887,6146.507187757635,1
505.0,51.0,1705.0420482189045,8043.274309020551,6510.665672412528,-3447.105820886105,0
589.0,49.0,-1066.5986587626076,-643.5049378765773,1674.0023847715315,-4794.391143107319,1
303.0,12.0,-926.3602056035977,2371.8684476430108,-8320.20233052502,18.762458549101666,0
144.0,64.0,262.8850539292225,1400.9474786209116,722.2620820187477,-325.42133260535275,0
894.0,70.0,1231.45677810538,-633.1146152781794,11241.916417438057,-8011.980010236784,0
844.0,7.0,10074.600526293461,-8042.054345183973,3621.6604971691786,-8052.652303458059,1
519.0,54.0,2799.791670011928,14345.593324219524,6822.453292801855,63.017321264814655,0
506.0,70.0,-732.0724828485481,-1838.8528881177094,15600.61285253097,1554.1579170373923,0
668.0,8.0,-5484.536513016812,-2505.250893757101,5082.286603073748,1501.3151991809445,0
331.0,44.0,-3211.1244293112795,-3813.744295032011,-13873.29388460057,-5137.274213030899,0
439.0,32.0,-1817.3322237028015,-610.0724083177515,2517.568279946985,-8567.368530700103,1
324.0,71.0,-2960.551797658551,1669.48939945921,1126.9179966956383,5519.606727981802,0
431.0,2.0,-2142.811350829691,5525.889581155632,165.96278029977398,-3397.849687000142,0
277.0,3.0,-244.83791502014697,-1280.8319506874432,1406.791534841323,838.1140211991683,0
477.0,0.0,-1206.219384308978,1946.7936075078674,2181.6291313354964,2073.0420411143073,0
1047.85,20.0,176.79625630129522,-1911.0250155777187,2006.1505917975605,-1523.254305975418,1
126.0,35.0,-5192.724711526557,-2579.7167494644646,6845.0831840775845,-5582.865768988156,1
958.0,0.0,-8362.66097231691,-328.3423735614815,5659.621539759187,4658.808251806412,0
0.0,2.0,1914.0070670942428,3160.2153633517473,8070.836005382702,-980.107380445319,0
634.0,0.0,2325.3549172141293,-4010.973557707117,623.7708801697202,473.1568300290555,0
760.0,23.0,-699.0266536713343,-5078.970253455071,7416.086528522339,-2010.1576545758644,1
781.0,39.0,2324.277162679512,1790.918006891442,6094.705966999006,1048.077001330446,1
842.0,23.0,9742.823862859073,6507.882123110224,7724.444955204832,-948.9613529653284,0
483.0,6.0,-5482.828963290964,1713.7462263008902,-6325.19634714369,1829.2165719382979,0
419.0,52.0,-248.27696039160577,-4231.52632139132,1855.5730910771404,836.9930698091056,0
371.0,29.0,11365.94294295926,7932.344112395162,1951.8682044687391,-6158.886080893251,0
118.0,2.0,-10815.817792846208,9272.273501863689,-655.5061827746096,6362.134934237894,0
614.0,2.0,-1838.583956939,-1991.1393909782644,-5195.943340609756,753.7609728168355,0
990.0,9.0,-193.70777102591097,870.1379996551009,-2577.9461836467335,-4404.855594785318,1
860.0,29.0,1587.9466324929622,-2281.9714895155976,866.4865825810743,-3892.251621359487,1
822.0,19.0,3468.8118503350543,9098.051577495104,11403.636220150709,8647.423633668292,1
453.0,61.0,3247.3886812206347,-684.882229238835,-1295.9275762261975,-479.8464262833153,0
494.0,32.0,-20657.0556640625,5362.469121636164,10961.841027489736,-2133.914982303627,1
1024.0,6.0,487.31548916312283,-1945.2919956257388,2410.8250795188096,-6556.861533490053,0
964.0,12.0,3715.234276793582,2581.0069124802326,-909.3383684621042,820.7048215160112,1
305.0,17.0,365.0002062286264,1176.1753107406155,2336.1422320079437,392.8405105615968,1
780.0,57.0,-6588.916574197409,4773.263596076149,-546.9924324322557,1640.3185584256098,0
197.0,15.0,2887.512226570783,-3978.4489671264773,2663.2552398974294,1929.8939487675589,1
635.0,18.0,4028.3286638398977,-507.2409415303755,1323.2398854036564,5245.725576130273,0
508.0,19.0,519.1776372217186,-3340.413721690453,1324.2770400141455,-2061.182233095114,1
103.0,32.0,-134.64275160470515,-4140.380122199053,-1718.31913056491,-85.36222658351608,1
147.0,42.0,1650.709272525357,3397.06517884535,5370.1251880747395,-790.58572088707,0
23.0,26.0,1583.0323355058736,5249.978197844949,270.10750718189973,-2852.3344989426414,1
470.0,13.0,-8958.33029520268,1754.8404556393543,3198.5644427806337,-3931.0383122520634,1
602.0,44.0,54.601376611858996,-1640.209951068869,1895.2709328578167,3411.89139351864,1
80.0,9.0,-2735.798683037949,11344.315471453227,15756.659230533576,881.4937544525187,0
248.0,32.0,1198.6040379677831,856.0764942675873,9240.26934723711,-1784.848776052062,0
744.0,14.0,6929.848614987866,-3487.5196217276366,-7982.4458698052385,8856.905715639272,1
485.0,33.0,2220.958971079899,-1236.326858300773,6252.509011603248,12188.407966729977,0
545.0,15.0,-11994.040684581423,-7108.639810254283,-15578.005873689068,-6343.527540297238,0
57.0,21.0,-11341.781201175389,580.1761265378472,-1757.6472506301789,4648.6561486693045,0
527.0,6.0,-62.62628910128001,-1529.3832625514387,-1748.7942010159004,107.48388753927486,0
409.0,8.0,-9274.533558455772,3758.5016246343757,2153.502307215055,4114.993622033163,1
206.0,0.0,710.7588537901345,-15234.902658965435,5268.002916857452,-453.461359096018,0
93.0,11.0,-6309.41055856363,6306.804318525225,2903.1424320814695,1994.9564107066371,0
785.0,13.0,4207.176276535425,-3306.942842648927,443.6888805192137,-6210.57365759731,1
478.0,6.0,7110.843175909542,1400.8334165125164,756.7969089728573,8349.105587472839,1
880.0,33.0,-7711.986375783599,6167.786577824722,5932.087108714608,-14935.203093184347,0
128.0,0.0,6940.543453178942,-10249.937739478582,3706.248209144191,2596.002361584036,1
57.0,25.0,-3097.562854117936,18341.393851915607,1862.9192298442133,-2145.1518135594265,1
439.0,3.0,-407.2974690466922,2145.991706857115,-365.0495761280856,9110.491270952829,1
555.0,72.0,9597.34504427687,-1815.8786649068422,10865.05965246887,-3428.931995159851,0
867.0,25.0,152.18067155242807,-2802.499868868101,-143.88222805754867,-16222.883281171438,0
229.0,25.0,-2066.2163779744815,-2797.5994243068167,2343.2835790540676,-5042.983853716704,1
826.0,18.0,-1158.4355689842944,-714.6381237683534,-9041.76183928154,5126.281512934482,1
549.0,22.0,3438.944740767116,-3157.44963409924,-479.4601207661427,7164.197910681776,0
137.0,9.0,6680.776374695521,-11145.623415091002,2715.950464805518,-1161.1201580050251,1
111.0,68.0,2173.0549229584917,-5833.340185870509,-8982.348247625338,-6105.25480164474,0
292.0,0.0,-322.8124692016314,-13.844903517053353,-841.4870819109456,9379.31133260209,0
626.0,13.0,5463.569187380087,1618.0355996935111,2208.40396545339,5604.014180600926,1
313.0,79.0,2597.318127791706,-2578.4931502999625,605.9982735150561,7255.396962831309,0
118.0,55.0,1697.9589504121816,-616.2446846963439,7619.234063113052,1319.1545347124375,0
842.0,8.0,1174.1474465350204,-2611.2999429640304,1043.4363474843424,3094.404765016934,1
719.0,0.0,3642.0786005162613,-3853.697884553576,-4987.408011252838,-1.6347286555492246,0
668.0,12.0,1492.0838156947102,2213.82873261311,9750.223359333197,-9379.507625284221,1
137.0,29.0,-2848.1641071369527,10639.29042995241,-222.30544693688478,1383.252301014517,1
647.0,30.0,354.37927649014716,-364.4729390126706,2353.5759606806487,-1346.5946872794202,1
462.0,79.0,-2093.5411711164834,-1889.2798184844503,3585.927667343124,-4650.608468313732,0
67.0,68.0,10180.846621456425,15363.253052993863,-2413.6504840101443,5873.50938200678,0
727.0,4.0,-282.0986908582099,2304.4185916597503,-6052.528500231087,650.3393797196622,1
386.0,6.0,1118.9339046542855,-2126.3197635870383,6306.129224203113,-3023.794491213613,0
675.0,26.0,-519.4059231997326,-10277.54429695265,2803.7083492624415,2330.5715221175788,0
652.0,11.0,263.65841506845914,-7303.8703737865335,7523.918147252227,-4466.674922637298,0
529.0,71.0,-1041.197712033055,-6014.552526857413,-2850.6049129185503,-2332.273656642214,0
994.0,28.0,712.0397558890802,1570.068984448059,7001.3554868760175,4047.6723691619436,1
412.0,43.0,3652.898276101174,153.46381910420632,1847.334863170484,-569.3243530052082,0
251.0,38.0,-921.1981485175411,6340.174839878839,-7359.457053217005,1830.6977978001175,0
49.0,77.0,2879.54533147453,8028.383816867243,-7127.816249588549,-5108.237869020932,0
303.0,3.0,3822.6792460613524,-6805.9902095425505,6980.4970630593825,107.00296614374429,1
49.0,46.0,-1495.925578121289,-441.96536822828915,5994.9240862955285,16841.248217794164,0
353.0,7.0,10106.572765007775,5769.650774472989,1000.0698088978377,-2305.378285455701,1
100.0,48.0,-983.7442447657861,-858.1520431626798,3505.8733684438203,-644.570888800467,1
761.0,28.0,-184.2302792544745,-3831.999158732152,5871.787796332748,894.3182564368949,1
624.0,37.0,11793.039310035128,-6812.400835127576,-1803.6601328203815,545.843613489099,0
144.0,72.0,-5057.02800381739,-5349.838158430053,-10853.168714379908,-8563.332746991056,0
1019.0,4.0,-350.5408028710492,-3093.992689573188,-1966.8450844210065,-12407.689694576315,0
536.0,6.0,1721.5914742677496,-117.6840025614365,-3907.267853292527,4405.701213541786,0
503.0,3.0,2306.3272561640815,-21.33734517330953,913.0970728228439,3865.130110450181,0
562.0,11.0,8381.188506612998,62.74081693153721,782.0944160913789,2463.4999163087587,1
623.0,20.0,-610.5101615588012,-8672.504346479749,3909.8389884615785,-4349.6334480946825,1
76.0,0.0,1970.6256286864314,1339.4482355044906,1102.615947189088,-13579.68930500452,0
0.0,31.0,3743.4575980151226,-4144.471118521487,6329.874721797492,-523.3437630079086,1
226.0,4.0,994.153532252195,-9340.48032257543,2789.8373437142263,10160.858172301101,0
634.0,8.0,554.5565806439472,7846.52331766552,5259.5551281340295,-1534.9073485831398,1
478.0,51.0,6593.566913971781,8088.573260999719,-2155.1245552060045,4219.84071942513,1
914.0,30.0,349.2273760263623,5461.146819050508,-1973.9096669842988,236.7460842733027,0
65.0,39.0,8576.464899836206,-4360.192893076228,6924.249344662669,2379.418079087876,0
495.0,7.0,9849.191428526536,-4567.463513488769,6351.35286732806,-15336.248731795182,1
346.0,45.0,-880.054088653716,1442.6616703028812,-7085.537383039951,-5220.472524393697,1
668.0,22.0,-1243.539280168796,13650.979830967648,2432.5758634940503,3343.770362268774,1
851.0,11.0,-2802.409484154466,-1165.6440080651403,-179.2135623954473,-3626.3643625649383,1
696.0,24.0,39.64761064768065,1144.5461344062517,1678.4296613442657,-447.0666284282596,0
0.0,60.0,6610.79913282544,8299.858706369736,4943.436021912384,12370.76042525261,0
811.0,31.0,3268.5671930893477,4857.704072717826,628.4628978708857,-4100.2892992527895,1
388.0,48.0,-36.848002777976205,-8092.565069148832,4986.436171875593,-23.047305183795856,0
839.0,39.0,8112.032171884757,13275.469718722286,21.19075213217961,-3936.658807212546,0
953.0,5.0,2367.1750443673855,-2699.0961296627165,-6447.790816461166,265.15455643763414,1
612.0,66.0,6007.814419173661,3961.8501316562997,-6235.358589413358,2278.025481498345,0
247.0,18.0,2062.551709564469,2719.572078642177,2481.111809199295,732.953496474941,1
550.0,39.0,6737.877525997464,-1014.0354956959818,700.5432110553311,-1750.1352639278625,0
822.0,64.0,-7734.244332005733,-4599.818444996296,7440.600279562702,-15489.098106060621,0
660.0,41.0,12618.094477183438,349.7383184632936,2763.43882417917,3982.9164484530156,0
299.0,24.0,877.7234934364858,-4904.381216590329,4894.8551171033205,-611.6975931636208,0
235.0,8.0,1719.9142483278656,-3170.4347588970513,167.37520012311387,-1537.4586204051784,1
745.0,33.0,-797.0554721902081,1315.5148141452182,-5772.886812061859,-17316.650232298514,1
915.0,5.0,-15480.633636778306,-659.340754271251,-11121.728871170822,7902.502776523112,1
619.0,13.0,4877.344388739439,6906.652967424827,9141.287963580911,2058.8078992656974,1
869.0,24.0,811.1178352656411,12561.836630470814,8841.253244657484,-2139.849353445608,0
696.0,0.0,295.21688177117267,7340.496800771535,-382.183122737486,70.49054508038489,0
651.0,32.0,-3649.3063145617457,16535.89917321827,7584.522067890656,12628.472851503215,0
233.0,0.0,-3730.338869421595,-389.03128543681987,1048.935439131285,-8271.13936447118,1
942.0,37.0,9399.756849077703,1360.3318400949788,771.685036344715,-9788.828335674369,0
822.0,42.0,2325.751146513268,2286.3471717323478,-7353.868564498852,-1278.384357371744,0
264.0,9.0,-1543.2314370572406,-2208.4444565887275,-31.07406665313647,4030.271760170931,0
354.0,27.0,1848.5451015253227,-10426.084257863748,3704.0539202643863,-2730.639973297985,1
1047.85,19.0,-4105.5553996134095,1073.8197085393099,3053.779982869077,10594.865847427447,1
322.0,31.0,4755.868631700357,3592.329488017507,-345.4295797701853,-5479.042206114544,0
23.0,31.0,5711.195557500331,4243.254876329909,4524.936910601529,-2171.6209072950987,0
595.0,35.0,518.6788336586059,261.2006402741217,4626.102196281276,3239.739784870802,0
637.0,10.0,-1139.9355665267854,-965.7022155166355,7584.9711219677665,186.78076766799097,0
814.0,76.0,-1119.1187327806654,-976.6072855549814,518.9248921017473,3805.2467436670795,0
672.0,21.0,13924.168633438885,8509.009257596901,3761.810882889578,5688.538445135948,0
523.0,4.0,12.347909178276268,2040.1908434770758,11921.125063333782,-1124.2453987813624,1
591.0,0.0,9190.738646366293,2595.62875480746,-3268.109890631897,-2046.3579105797166,0
728.0,46.0,933.2714898374534,869.6690128506572,712.9243324828988,1394.2098588828808,0
885.0,47.0,2811.952909552002,-4416.451496798369,5262.8700193418545,4728.228224005153,0
135.0,61.0,1907.3499522433046,925.7353157368375,607.9723954772887,1826.9410668980631,0
36.0,1.0,307.74724367507247,5992.161021512287,-126.70105689259799,7014.384844956256,0
921.0,8.0,-2682.6695243494346,-1743.5780692833334,482.5889145651268,-6387.659049232086,1
486.0,73.0,-96.8979000856275,7722.5711324745735,1925.5196342119589,-2396.1390639676206,0
749.0,15.0,934.2130594239668,159.82419653301525,7745.094253385516,-3876.0091478669674,0
722.0,79.0,10564.950586699408,1051.5594120046335,6567.066783144754,3233.3783573782785,1
0.0,22.0,5413.890591625332,8747.357881396238,-1411.4924773648781,2571.16434840538,1
801.0,47.0,-9054.756671631934,-9377.319770013333,9648.706192372563,-2059.0066485380607,1
961.0,4.0,4058.2914223302882,1386.0699073621865,4567.973190619305,-16362.169235245341,1
417.0,14.0,-1108.0393361927465,-12620.424519110933,2709.9557024117353,715.7682895670387,1
755.0,74.0,-107.23194276999044,746.2107619322071,9905.833506653418,4977.677193810638,0
475.0,41.0,1367.3829769706651,16237.27473987766,4543.327861795004,-1367.1605696067977,0
657.0,41.0,-175.14553055709496,-1326.9916446354027,-7522.951030089333,10851.496572464857,1
175.0,51.0,149.52545510928485,12894.475039315783,-4089.8936093842885,-3924.814862275143,0
556.0,71.0,1613.024346843037,-6141.637047686903,2398.7354435235347,-8294.205228784933,0
654.0,16.0,-1911.172143367884,-12075.38737340859,2347.460265280548,552.3971653247609,1
27.0,5.0,3667.4913804577736,11027.532670274331,122.43274431712128,-4973.9906915542615,1
883.0,1.0,-597.7665998435573,-2449.475855555913,-2740.7372690206444,4226.741052390735,0
484.0,31.0,-10902.827637053073,11188.416733029297,4632.016897764432,-557.6495026332552,1
110.0,16.0,-4119.955760250383,-235.9534393648878,12152.87813108663,-709.9533156472035,1
718.0,10.0,3568.120621730398,8895.612067898612,-210.58240351380596,546.5646552681756,1
722.0,17.0,9257.471516005926,-9378.463096661088,12064.10838854493,11317.748637778255,1
289.0,25.0,1098.0611479671547,7584.807318058832,1576.5252386947254,-2212.053523000454,1
833.0,64.0,936.1726686466579,1376.0121135070679,6258.361784505297,-1259.4624470300928,0
24.0,54.0,278.7424147108961,-3221.5765710703135,-7095.5595463695845,5347.920121471208,0
656.0,63.0,5098.907695755848,9200.089560179129,7198.617292892898,-2382.5636608399755,0
106.0,22.0,2061.0691504921697,-3140.3540924828653,-3829.568614588631,1146.0876499272981,0
1004.0,3.0,-4646.343238764509,-562.5609948941012,7038.459542400926,779.4824097623684,1
140.0,26.0,-176.51368353662383,6096.090893891067,2384.0176801078924,-9695.908443754188,1
479.0,32.0,-3002.566778312582,5448.837301616691,753.7777519171655,-6632.65400986788,1
232.0,6.0,-242.06997559992624,7169.1892816170475,-5344.9841709327575,9417.427953961542,0
50.0,8.0,4783.271037721486,2794.573279600747,5199.746019307497,-1007.2466647731362,1
2.0,41.0,698.086720887243,-7802.505000796831,535.1801099380043,2621.0676151069038,0
966.0,50.0,-61.34468129534247,12901.704160138775,285.85908771624827,5881.583555502343,1
619.0,58.0,-1203.5438929408992,391.8318280542626,-1357.4680216571435,-3386.177545248376,0
170.0,22.0,2589.4094802808536,4319.534464896634,-486.7950286622121,12855.91940737086,0
891.0,66.0,-4502.4330774177615,-4454.152031890719,-481.4455711078581,-2245.1619652849513,0
888.0,14.0,2404.1013330559663,-47.68665702988028,7291.894037412623,-15347.955644878075,0
43.0,3.0,406.5022309720657,1806.1246429940825,8870.111236363853,4802.6590507496,1
419.0,38.0,8058.532131225783,7780.861473809933,268.7053404377973,-15960.893055668419,0
235.0,63.0,692.0405564246547,9579.558912360673,7089.312136227023,6446.871813459146,1
568.0,35.0,2083.782494307024,-2993.9736320806246,-4897.442796051423,7232.719778352488,0
356.0,21.0,1088.6150413780244,-1500.4018457142015,5633.045432508328,4392.377284057877,0
836.0,69.0,4101.249609403892,5446.514454564593,-318.8136556526979,3386.610888333699,0
466.0,15.0,1494.7606164072008,-8608.549723941076,3365.3901924016172,-1377.5615179988054,1
681.0,8.0,227.66339247828182,1488.283702143361,-1946.6624347639859,-2709.877542897086,0
558.0,29.0,283.3285875077247,3401.614326961942,163.12426355112603,1790.4746879592865,1
46.0,0.0,-934.8598693087988,-46.9206080193494,5943.587367327387,-3976.0675822344706,0
441.0,44.0,2411.4092341816577,5375.2528685443685,3809.599536153951,-508.86115213433027,0
160.0,77.0,3059.9117666731418,1039.4992225660883,-1744.4362116255109,922.4918410595099,0
284.0,28.0,797.8729468823116,-12090.598348104273,1886.4410327219002,-6139.69740273083,1
695.0,57.0,-12271.24738762122,3724.7778978631914,1456.699129601354,955.618353136346,0
160.0,29.0,11389.768930462553,14792.257102599946,1824.2872343512454,523.1613008194842,0
501.0,45.0,-378.404488363331,519.7401230446255,2395.206648382557,854.1406627022384,0
652.0,63.0,2898.1750490574623,-2581.292371015591,-466.7028778323854,1101.6585288913034,0
638.0,28.0,260.6223381596742,-12908.785774497766,407.93779665341924,-3118.070967705433,0
400.0,10.0,-17694.790676245855,-5949.697311870896,5338.038054772861,9373.280258931392,1
821.0,20.0,1888.0593725246558,-3953.070201617693,-4146.514573519879,2521.3392724503883,1
708.0,19.0,2584.112784438523,4633.758134026237,5016.423197682758,-5955.549634328279,1
487.0,71.0,-1667.5042390546146,10700.692007865098,2945.36370927911,-2791.436548451842,0
340.0,28.0,4397.040008393857,-2596.414438515449,-6997.487465584324,-5314.837630249595,1
692.0,27.0,-5448.4940447649515,-328.69013968377385,-15227.098071924218,-3248.373881275287,1
599.0,14.0,3824.3901058495944,460.7333016446073,9518.890804025265,9372.871997517923,0
271.0,36.0,2586.6710705966925,2309.3006581086597,1658.2004511241416,-3320.9734576166993,1
704.0,29.0,-865.8581037162432,-2030.2855010219212,6336.956879344054,-3472.4423179209975,1
699.0,37.0,5122.081599540691,-569.0473534876767,2748.201598531842,3548.732550499385,0
629.0,0.0,-220.36345730173593,1255.7545100024504,-3233.947546632623,4466.17219403576,1
798.0,34.0,-199.8694784562315,78.7327544489699,1620.9422161992316,197.48888268493283,1
756.0,26.0,1291.8285364305416,6836.798775941547,10705.72791400144,-1105.8202614961374,1
0.0,29.0,2193.4682951265618,-8483.460627887316,9904.400259573948,-1904.8369765559287,1
937.0,8.0,4469.537440710202,-2490.5320777252496,4073.709257831224,-7168.424977999915,1
175.0,1.0,1764.3796417973724,521.243200560824,-2428.7742378940416,-2026.7775820410125,0
915.0,62.0,-5397.222257908286,8195.090943397952,159.6965399423172,1911.7395955861139,0
511.0,71.0,31.870303470745725,6957.878939786915,1969.3370688473315,986.1772635477964,0
883.0,2.0,3092.8029789550437,13954.87346098779,5135.157523689149,5152.705838189991,1
440.0,50.0,881.4764301463941,242.22974562007087,-363.37532233192235,-2737.069441825729,0
578.0,50.0,4241.067643556143,2361.3154474287967,10352.6073668061,1107.4468103309855,1
731.0,6.0,-406.54897845577125,-4292.481906636196,6683.045944995931,-6690.411711472847,1
813.0,8.0,5495.147517933726,-7580.472091627228,3430.59090626679,7951.015466739459,1
586.0,78.0,4122.518497324429,-2033.3347885293076,442.8399722025744,-14473.88383942569,0
874.0,0.0,-302.1347314370139,-11178.114082934648,8550.341581633656,-4280.907586304731,0
960.0,8.0,-260.6000823861507,-13606.659126598632,6558.849031643611,2222.087276413777,1
910.0,0.0,-165.3371805361694,1012.1937974918721,1184.541512294579,1281.0284397451342,1
471.0,0.0,2325.256661479176,-5311.872464752756,848.7434701034016,5660.683772416899,1
123.0,3.0,-12704.153145168457,-1629.110089087524,-2687.848410798367,7107.665767716917,0
626.0,11.0,-104.32301688794473,-4626.176951597214,-4.533542459819046,938.8260609631724,0
266.0,8.0,364.8819214220864,-5883.152712103304,-3271.0289077927637,6493.406624515883,0
781.0,22.0,642.34438847201,1976.7919206302554,3074.900782505618,-1360.2995246773244,1
737.0,18.0,2647.8976752721774,15003.473548771675,3104.763420018516,452.6926700215022,0
858.0,3.0,-2499.9512555267856,1268.1694609620558,-5506.324335939659,2388.420391560116,0
572.0,3.0,2031.6914894808524,5097.409699897728,749.299336458163,-5442.240082861666,1
659.0,15.0,2313.054899412964,-2526.1717273538384,5066.8263186277,-278.58164412101223,1
89.0,46.0,1785.1053504421338,-2149.358987706731,2675.28449267674,9428.704843864194,0
610.0,0.0,-13884.685121120721,-1925.0900168003516,11171.532766689359,6801.467156630972,1
95.0,12.0,-6072.395129027865,23.124447716846646,829.9072827626438,5736.62673097967,1
543.0,0.0,3095.0331637693976,1098.9203908453283,2999.630480258975,-970.8983322472953,1
0.0,14.0,1699.15685383668,-455.0091713362449,-476.3246991065488,-1477.6315536216412,1
210.0,18.0,2759.9644204350125,3544.493597429603,-1046.265099624112,689.5209729237486,1
953.0,19.0,7921.197174797932,11752.43477107241,103.20210065309254,1279.7909706925711,1
150.0,41.0,327.30030504359684,10756.43565151821,10094.092754874517,-2820.265344732654,0
45.0,7.0,-15426.871822868687,-2150.914835208364,1929.2371581355246,1713.2384580020912,1
198.0,31.0,5394.592780947303,-5241.0855934615765,5643.649835524004,426.3970410275597,1
594.0,12.0,3349.556257590693,-2868.1083262450984,-2038.895385097513,8896.826569999103,0
420.0,1.0,5069.375579173955,4743.9967014805225,1620.8483098875072,3099.0324836561012,0
675.0,6.0,1364.1001277632395,3913.4050240263587,1912.8080510922478,-4508.807914474513,1
906.0,61.0,69.55302154013314,-5678.8638738689415,-317.44388466544524,-417.0934503371616,0
174.0,26.0,-902.5924665325813,-843.842807530347,-3589.6154777701054,355.69201498806706,0
318.0,45.0,-1604.9533760513953,3502.1341094991562,-7356.76222472993,-4947.0493218595875,0
51.0,73.0,242.35498441484242,-918.8623666624969,-2650.2383126883788,2415.7972077384757,0
349.0,53.0,-2144.886909817502,17551.417297594293,-6131.841958081275,-854.2816563884851,0
647.0,6.0,-292.55320488381176,-4666.867478507025,8827.706055851655,-4913.083518577518,0
996.0,22.0,610.728704491186,-1056.1527939459688,-1466.599169144335,3190.7102433504315,0
171.0,67.0,4084.335664097928,-1308.7734448431381,782.9170520630879,-1159.7750162849902,0
1034.0,80.0,4189.567759844207,34.335695723428216,463.1664200352853,-1027.3001387882646,1
691.0,38.0,1077.5904332218297,98.3598418403194,237.9190763801541,-4218.472152502656,0
179.0,67.0,711.0495309764278,-84.40319242328457,187.25342655720675,-3695.1749408345004,0
427.0,3.0,4758.8599183465385,-16425.191847707796,-3165.575592855121,-470.475636120437,0
72.0,0.0,538.7216753115554,2064.8340682578732,8800.704983712654,-2586.136299206686,0
635.0,3.0,-3758.4978826005354,1078.9215599415927,10743.910201350445,-16536.624509153036,0
582.0,28.0,-3003.57749588871,-851.0386412027028,221.41951485514042,-3539.320167696327,0
799.0,16.0,-6437.856390715315,-144.55204295274353,-13935.186289498439,-1210.162436301212,0
544.0,20.0,4283.830880967469,-3023.586142204259,2439.6624377196695,-2998.6158603177482,1
410.0,12.0,10546.247279030631,12031.06033543095,6177.100127646838,-1319.8997140805313,1
328.0,18.0,-442.9660560732391,-3105.9186272262423,1923.7474492887904,-6992.460481575835,1
140.0,13.0,1762.9940439550408,4830.999591133209,2944.620954079147,-411.91437294494835,1
1038.0,18.0,-2572.6458192019295,2011.9077149909754,2217.7090554448473,-1102.2309652145425,0
869.0,5.0,3868.202120712196,3111.5067909235104,155.3337708772815,-770.2590179896233,1
970.0,1.0,1422.255684201029,2245.267614327997,3497.8823111225993,-139.17899482472126,0
821.0,20.0,2818.9778027452408,9458.31260983079,5385.16718316488,-1373.552945468498,1
851.0,20.0,-2642.709237313665,-5272.485863594875,6314.450203925765,-112.43708557370701,1
358.0,8.0,-5011.939416294115,-4156.193202017113,4795.174321733622,-2210.4193294370284,0
173.0,1.0,-202.2321532731262,-675.9994111833612,2950.4373423870015,3747.918547788023,1
656.0,9.0,4959.19876670989,-14124.132856981672,3259.809014910187,4708.341779976736,0
97.0,12.0,-3774.225334940894,-3849.503448270998,116.42769821739398,571.1325862667545,0
186.0,12.0,-1475.232448337969,3998.4794977121455,1969.6791709984695,-39.25972069378673,1
759.0,2.0,5093.73356532971,1515.9980641101567,11016.445703188478,2018.7149553076956,0
937.0,0.0,-414.01446071436743,-3088.7678261993665,580.5497535610866,-566.6653806178732,1
181.0,57.0,-1808.7193770770132,-11351.287591456829,-67.40752860516974,6206.00509703087,1
228.0,34.0,-1233.0047323866006,1998.086736760919,9903.173441084567,-320.12468822719757,1
593.0,0.0,5542.36145820312,6688.3971664449455,-5855.379543756116,206.9913497598709,0
730.0,10.0,4187.363607930076,-5738.230241068775,2265.1953689738216,4842.47180035157,0
952.0,48.0,1797.703867486945,7068.605927184493,871.0685221931242,1454.911947650042,0
400.0,30.0,7740.956300968793,1927.7704796199891,6882.46849810628,1012.7853018504484,1
90.0,33.0,-1380.2287815994794,-4325.744934821629,-4616.529012227296,3850.2846503733153,0
4.0,15.0,1078.0783479803717,13745.903078532498,4689.112335211477,-330.563461925439,1
436.0,22.0,-2273.893440483641,4849.892821634704,-30.37902409107801,368.9165021238987,0
161.0,23.0,-595.0424050554907,1133.724751985691,1463.8642332404252,-1080.2489056784493,1
400.0,32.0,-3705.4524813634775,208.71426392641504,9950.150011481783,5919.596289610754,0
605.0,36.0,-160.74777812324965,7017.037779245737,708.7901501348485,1349.1249001310262,0
176.0,68.0,2872.2415946798046,1692.7498557295028,-240.3448929133363,4808.442967689957,0
867.0,15.0,-2260.637369195907,-7865.313571569115,5438.230873714561,1428.8013872310157,1
373.0,4.0,-8229.004111625656,389.48123309476983,5100.650410280502,-2565.4384798980213,1
133.0,16.0,1047.7191666610265,3548.8050011690375,9173.70006545543,-3451.2417130626445,1
812.0,35.0,-4635.8833055458035,1237.320937616843,6972.64928457508,-5709.2358430293225,1
860.0,17.0,1566.9338929091248,937.5054043272239,81.84052526158257,-3465.8588228976937,1
729.0,15.0,5496.32297479288,134.12333380217075,9378.621639315415,-5715.710078252745,1
220.0,2.0,-574.9625952677413,268.5617463426597,2186.172780940654,5224.039514099153,1
809.0,5.0,3734.5925849215582,-407.57433833190424,1522.3925600978994,-4224.03453868651,0
60.0,39.0,320.7355806139012,12365.99831449004,-1522.6891551532935,-2168.989575471746,0
1001.0,1.0,1823.2489147153992,3016.2219416978483,-4929.17623043323,2767.5764699343795,0
20.0,28.0,15906.832841380445,8946.114984383212,3131.111310029186,4035.5379473245894,0
539.0,19.0,-7424.169201381749,-15193.46309441387,-812.595430355724,-270.23474948769547,0
219.0,34.0,-12621.760475671308,5093.17290266253,2317.5171862863817,1473.685683028256,1
329.0,0.0,-1065.0831346675736,5853.794422453856,905.0848407680508,8237.43206589591,1
848.0,1.0,538.501215630213,707.3720798326913,4530.157869995715,1981.9345483806073,0
689.0,23.0,3707.0594659707,9463.405368889373,-237.84137739776315,-2327.8916264970308,1
402.0,0.0,-393.57547339693014,-2686.7434167067972,-8463.53701690276,4963.436375605534,1
555.0,45.0,-758.0223907776433,-588.009954713662,2317.3641412504635,-4130.564583547612,0
1047.85,8.0,5759.184227852661,-2110.1050972546223,623.256678389472,827.519530675293,0
627.0,0.0,1456.5653422037672,8568.255198238854,-59.34209663947786,10339.62622821426,1
61.0,21.0,1967.6200644549988,-4855.974330190877,-285.436010584669,-974.0602072281392,0
876.0,4.0,3384.47079425382,4298.758980364859,8609.358109706778,-554.7940806792021,0
713.0,23.0,1508.231508735261,-7865.7023220100255,3933.252663947818,9015.408076297479,0
105.0,28.0,-8524.51552827908,-11562.340489900864,640.3109561124465,-5667.158666201236,1
867.0,52.0,-2276.9601671966875,8188.274684152445,577.1623170179178,-1078.8573479356542,0
243.0,27.0,3500.9109849812794,8789.010566679026,6267.260207531764,-1539.0596273840897,1
148.0,0.0,2981.6906803968677,2520.952255063816,5442.147115247567,1761.486960285697,0
327.0,28.0,1026.1733138541576,1644.2334388236732,-4352.4170986155095,-983.6177175807888,0
50.0,50.0,454.7576026291231,-5715.342599795356,-382.7953165653943,-1736.3874510339067,0
0.0,0.0,-359.8434790532584,3485.446350000454,-3858.0077663394068,-374.635431217459,0
512.0,11.0,-5700.983817078581,-59.446177436230926,3090.8892586467414,-4075.4994834717054,1
837.0,11.0,-847.0988240985955,3676.4357189016273,6165.46807766388,58.012838411183566,1
70.0,13.0,-2203.3320020357346,-4770.724288990991,2886.2850703939607,90.86834753942236,1
475.0,0.0,4905.144305313989,6578.249734109502,-1702.3219446564908,3319.128961788968,0
107.0,2.0,-5473.727276076221,-793.322867206545,6198.365809421593,-1757.261155794266,0
554.0,42.0,-1377.438208726935,1324.7912481365972,-1546.2718328717028,-3477.5847917347937,0
174.0,9.0,-8609.85827562339,-2792.1244500299026,2019.6668957898942,-3129.346615750307,1
754.0,8.0,1069.4958021097957,336.41338079604884,10483.761290145047,4275.300601265584,1
185.0,12.0,10712.81526728352,7116.66234348865,-9547.650414448872,-846.7819532920545,1
748.0,68.0,159.23496781059208,3717.5221146426948,4919.507494667974,-3996.3880541198946,0
361.0,5.0,6658.68040640616,7201.665612558641,4545.144795418739,-822.0910762324188,1
280.0,33.0,922.9130640609875,-3393.78315652013,3083.4900242932167,-3786.8930692758813,1
7.0,76.0,1585.341703804695,4674.620970683677,387.9814313100253,-2194.6115714661605,1
477.0,8.0,-5316.564465557431,-17889.612040237073,269.26288047363755,-389.5787723594458,0
835.0,9.0,3.144948870246793,55.146179606612804,-3518.398991819523,6987.849685499283,1
128.0,26.0,-1852.519827945799,-4457.574167976381,-9953.28721273186,-2283.307701718912,0
1036.0,9.0,-1631.9620607859756,5178.313010236417,6098.056875335088,752.2313581007375,1
418.0,22.0,2610.043073924646,613.237845218724,159.6479067737966,-4607.128117447899,0
815.0,12.0,2911.439775770221,-3365.6612077037485,-3282.3283712168463,-2224.409629497356,0
0.0,1.0,1167.8977139388924,-699.1648998307728,2424.942092400999,8045.812981701719,1
145.0,50.0,-3847.272671485917,-4312.405806492011,7551.577800231411,3340.28677334433,1
0.0,49.0,14346.980056930981,7544.969765603509,5034.453873196187,-6891.334998819791,0
936.0,33.0,-10229.69315122263,840.2451507690746,1259.6132370478924,-13397.27251652646,1
840.0,17.0,1738.1042178559817,-4055.7894873301434,3226.680533877694,-426.3881987782945,1
566.0,22.0,8392.770736684515,4181.823284631988,5648.763390797752,-2606.2720906767972,1
358.0,29.0,-101.42077997268143,4042.572823590313,828.9835894280508,-4841.134454698679,1
432.0,9.0,-3235.131921961936,678.2719048288322,-10208.54030040832,9589.484520789127,1
198.0,56.0,3153.3046179977614,-4539.713844483389,4287.900317971371,-13797.897043155896,0
477.0,36.0,-1117.4740617405748,-356.38590800635575,-1545.391858222164,-273.39964746405894,1
585.0,0.0,178.63228975596934,-1717.2974626856412,3168.255233279735,-5323.309767242956,1
985.0,61.0,9381.50720839564,8019.31839536518,10755.456037597462,-3077.319993020743,1
216.0,75.0,1093.3880101364105,-4174.764034137465,5836.450963769962,381.6487467545526,0
480.0,4.0,-13314.540726868425,-12712.805339746712,5871.0348399969735,-1358.4493258182742,0
557.0,2.0,-571.1633098665748,224.47797055381702,968.5083764286222,1590.4837919448514,0
919.0,30.0,7327.303030051455,4722.8917921605,9902.230821374882,-649.1887126572542,1
361.0,13.0,732.515604675879,-1288.0161697011772,284.9395138025013,12225.646153890293,0
203.0,29.0,513.9711679620891,4195.3653634124985,-8586.948054488348,1492.514675042983,0
970.0,18.0,5968.327036298793,437.9107324532701,-9186.083127779275,-331.55344213615535,0
292.0,6.0,-3427.6819255155096,-3563.522574375054,1899.4026856429,6310.572920456309,1
447.0,15.0,1047.9368570622767,603.9194237320884,-41.04395891363538,-17619.324112054528,1
748.0,22.0,3069.3176636650387,1829.6425537398663,5551.183678094369,-4782.447648660481,1
203.0,24.0,346.97691288112156,-2516.6121427548283,5558.670626403552,-1744.2484257717665,1
476.0,30.0,241.34646787988936,2207.2585955003447,5167.407980673216,-2002.5857251840193,1
113.0,59.0,-3692.880078417145,-12185.626390189507,5624.487052931599,9002.312499527861,0
766.0,0.0,-248.59937089518002,-622.9103602210473,-4888.171585792577,-8553.95932186557,0
802.0,14.0,4004.568863502035,4215.891017897642,10553.028022200868,-5752.202084139825,1
491.0,29.0,-1976.5440375437493,-81.51998813706814,11066.547929493903,7393.544056344738,0
335.0,14.0,3501.7232126229314,1600.9461816528633,6774.453198854804,682.7860277671889,1
794.0,0.0,5462.1505051930735,2576.947025860034,2686.956693253511,5424.324749096529,0
0.0,24.0,-1718.0226385853318,588.0307675021106,-545.7138803680436,-479.43325427719105,0
931.0,28.0,-4754.506516449372,2723.1359172301304,9742.88445410973,-110.3702300371715,0
167.0,38.0,4055.1943051854673,4710.262693064399,439.44835864325785,148.4345037989708,0
559.0,18.0,3798.1159116801196,-4094.056275156092,11101.687582487588,935.1606330689374,1
762.0,12.0,-403.959884143942,2509.4646758228646,3682.332781270606,12897.24636785572,1
329.0,69.0,6839.668172956308,-75.23226504584778,5695.261440739322,-1860.1296321109628,1
91.0,7.0,-152.65396480027425,3868.384820437046,-761.944873314802,-3874.5746256734074,0
621.0,23.0,2878.228239427225,882.2093216580595,489.4229853764981,-1017.9424065578122,0
583.0,4.0,1771.8944054848473,6008.217161757339,2831.301230204067,-2374.229161060543,1
335.0,64.0,287.7383389683593,2133.68079002493,2214.1068895178755,1011.0117216719045,0
665.0,9.0,-312.58739347612527,6207.22781944125,1219.225537846618,2377.4403092205735,0
417.0,5.0,2452.911408131896,-3326.3554997935244,12185.773975446034,5719.789036582007,1
590.0,18.0,-13645.913027157476,-2998.577360084333,5397.174375028068,8925.600710214869,1
57.0,25.0,5454.491517079318,9357.58963452865,7277.607093698365,-4225.025516513428,1
443.0,16.0,-10792.356291482074,183.01644383334906,5266.17315691478,-733.5690846974121,1
946.0,18.0,-106.44704413724321,-2694.4393162698234,-3060.287354861027,184.89288064353968,1
324.0,7.0,3198.0485334759505,-738.4199413228828,-2013.5027371898832,1080.1965128139068,0
566.0,10.0,-15551.862475352027,920.1818450898834,2065.8431070588344,-18282.37491925504,1
68.0,33.0,353.4418455372373,6586.9138568789185,-1213.0738918211766,-4689.479591998732,1
0.0,6.0,793.8836822058158,3981.1539116378744,-195.0828844542806,-2454.9397095386594,0
5.0,41.0,11044.482905607692,1038.6939250543257,8119.613043191971,-576.1551546610191,0
751.0,39.0,-8882.022531324124,-612.404199636275,10863.744561063315,4425.624717490258,1
0.0,0.0,883.3784836416496,-1662.1395390420673,-111.24784054870452,10674.837550024498,0
927.0,38.0,2791.363207003969,4662.969836895535,5123.118083446486,3829.128251147895,0
57.0,4.0,1014.1614885774978,-1112.6497696975832,1356.8582330838376,9741.694858860768,1
536.0,33.0,5658.11669253981,7925.426357067178,-136.95897732804133,6884.578836933297,0
762.0,0.0,3432.703138170189,-1474.582834062931,-556.3337764153621,9903.997454482156,1
520.0,39.0,-838.164364298171,-1487.7816883124042,2540.741876558531,-16520.542313958318,0
159.0,27.0,-569.3842439382381,2926.9589027096645,-210.49266930539306,1830.8483159502684,1
866.0,9.0,826.0422305556376,-432.86978553823656,8473.495366273864,-1247.0496583282834,1
70.0,6.0,-323.7440970041876,-921.2142170270695,1529.8077647709567,-3452.3691762470717,1
588.0,65.0,201.42136117604082,8696.689948756695,2507.924122554684,-4271.941096235275,0
433.0,1.0,-6829.238050089393,7139.915210386142,1085.840148568585,-2050.9107619006595,0
186.0,24.0,3795.6464079954717,1813.6579196915475,1875.911948888737,1193.005653553243,0
574.0,15.0,-4330.517641011165,-4836.591757550006,-1703.925931279652,896.1483064260137,1
378.0,7.0,-1212.7796498430312,13380.840638979429,-86.09739783260923,2145.7013589606304,0
619.0,2.0,3040.921599682665,4907.024759250608,7588.771483564251,9052.525360787404,1
137.0,58.0,-13379.052319876582,-3987.0165691694674,360.3616486045977,1881.717274637887,1
358.0,5.0,363.4782995984996,-3636.969514480719,9.426376886805713,-2111.217603357541,1
627.0,9.0,-11329.237087088506,-4500.379999791372,-2134.0072639234522,-3418.558661024651,1
214.0,9.0,-501.5253066323726,-412.2087424648126,-4997.581651411783,1787.107984815907,0
0.0,1.0,4808.78620725921,-8443.764745925006,3201.2194719648037,-2870.1848361791826,0
320.0,11.0,-429.43111280396624,-10583.04504131971,1300.027390344299,-2713.506141755549,1
469.0,0.0,-348.0227152225018,-7285.769365824486,3673.634605549564,-8062.60455872101,0
589.0,65.0,5327.5187763097365,2411.2472400852016,2999.2441942511896,2426.6856512077857,0
456.0,2.0,2068.7112808211955,-2700.895560811794,-625.809160382133,2256.5386887652035,0
675.0,1.0,3385.069318592243,-16253.751688710287,-329.82111425478627,-9801.256535549019,1
340.0,9.0,-576.2358811039189,-1717.702743096942,1078.867439880498,1556.6244223999488,1
511.0,75.0,-1544.9078208411756,6307.715135130675,1445.2100046888481,-1609.6350628491923,0
815.0,4.0,86.12383768298434,1735.5159607741912,4369.3341053836575,120.7168223758502,0
254.0,16.0,420.432676450557,801.5926746698565,4353.886620067824,-683.557693501103,1
448.0,42.0,530.6665266373175,7924.919405673846,-2260.909213120347,-4.638440976258778,0
101.0,21.0,4963.0731145245545,-1512.0471055755397,1461.1648432143197,-4331.934279322784,1
156.0,30.0,320.8403714546821,-1871.8777038276205,1200.2349029505885,6280.660222431777,0
967.0,70.0,10341.225809330304,749.4066721767089,13160.849327673019,-15782.45577541458,0
479.0,39.0,3323.4698631261326,-1705.9653992951098,-7809.296462788749,-3197.3400775779887,0
568.0,52.0,3163.365141892007,355.27000187668654,6581.956733463946,-8085.610263795392,0
143.0,21.0,-126.95337247060866,12075.228286639698,2350.076482632112,-9117.436053117377,0
620.0,26.0,-13085.224582861301,3228.621813716922,-5507.570594620977,-2384.3503910329296,0
797.0,7.0,5669.011391744807,1436.1106728411291,3166.6591174856003,10589.001120880836,0
450.0,36.0,-721.5059971283679,11200.990004244082,1237.850303553164,503.4227224000656,0
845.0,13.0,2946.358725751328,-3474.6513257411866,8304.108501810893,1841.3078906012697,0
960.0,23.0,-3397.4228122014965,7349.085109569392,-14264.08132205719,3168.9000687763396,1
755.0,19.0,-4047.627449884524,-609.5099756304514,9139.384344390042,47.15853792634084,1
513.0,20.0,698.8752229793645,3472.908373714743,2272.5434338870837,1685.5757490658061,1
915.0,77.0,1018.2218361993196,-4955.767849348655,1283.001062062433,-18158.855637619483,0
610.0,0.0,53.589355110355314,-1444.4480558811667,2731.40415387118,-19346.000290646516,1
910.0,9.0,4343.3482156071295,-11627.077610529053,6030.870085814708,5831.991162202867,1
810.0,32.0,-5667.797672541368,8806.982257614589,2144.343703141604,-1665.9828447716131,1
124.0,36.0,2461.6261517216058,2715.132526425486,543.8644854839145,-1662.0699192950372,0
884.0,16.0,-2078.325926478403,5959.9440639732,-2263.9034342818286,911.2985004468835,0
212.0,0.0,2528.4969843603526,-1352.636409352677,304.05789296717444,-5439.473187587147,0
470.0,3.0,1308.2320833629392,-627.4513680759046,10053.077857163007,1476.8552890871067,0
782.0,7.0,-4471.872409084785,-4829.699469348878,539.6027495549147,-7772.665726507295,0
653.0,10.0,-4136.191584490203,452.68742921032344,5150.235624645398,278.6035608820657,1
291.0,16.0,1877.3269999270633,-14054.198424583095,12211.41467424418,994.7147682654595,1
100.0,14.0,1382.860142452598,-13274.345648874976,-105.54279892380646,-11173.488097312582,0
351.0,66.0,-1690.8807909261545,10709.6389291011,3646.9542003158654,10853.932943685802,0
490.0,32.0,2856.4667758339538,5244.271078284513,4592.511342292089,-4076.999760333555,0
136.0,79.0,-4958.011319171619,-3280.3920788086493,5190.066084191656,-16837.97152929308,0
719.0,28.0,3558.556913426156,870.005702981568,6146.581707516455,-3079.735024360993,0
979.0,3.0,3679.6746359851827,2663.23849105847,5988.580689511976,-239.66908902270825,0
336.0,33.0,-1262.4001822891826,-7084.242406149573,3674.898899444197,-282.29385454675,1
603.0,56.0,610.4037187773288,-1455.2423837730562,6940.627083414903,3344.336529097056,0
461.0,8.0,4011.867377065505,-1544.925674841446,2875.742111133376,9509.059498925126,0
754.0,0.0,-4800.178249783635,-7898.754475797088,6265.644301682441,-513.0765661118857,1
830.0,56.0,-2499.103142714065,-734.7306614936078,709.607259122043,1583.2917498545708,0
400.0,0.0,-2646.8955982487387,-450.8854305027253,5606.001225314471,1165.1122552403408,0
316.0,6.0,-1083.7215818758852,-2246.2726274442084,8357.105260084705,-4690.661930536811,1
702.0,30.0,-629.1193481048795,8051.322989544806,1896.6036945431508,-7108.531791133593,1
626.0,7.0,6934.910618249754,2688.0807533591833,2540.85562937234,-554.482727224831,1
518.0,0.0,-296.6383820692372,-3570.49973167344,352.37557603669643,7959.748673435548,0
615.0,56.0,-2160.829880644771,542.4893086650904,7531.816947827859,3219.913603492546,0
1029.0,23.0,6404.899335832389,11871.727356515692,-2478.6332639217158,-2013.7661200131197,0
677.0,25.0,1997.9402667155962,2182.9643030518737,433.30857127530714,-1022.9977368085617,1
694.0,9.0,176.8309283366052,3552.331128391765,-111.82485591456452,11635.846043043397,1
520.0,15.0,1344.8715823860093,7076.730323346734,2056.67335352603,8563.23253645493,0
465.0,46.0,3689.590158831944,-6628.213797888808,-83.37113237030243,17485.29386580031,0
737.0,58.0,-57.00910165012874,1805.7938197990093,-7946.088758738547,-1169.7265595184408,0
130.0,1.0,801.1412803977014,-6489.816253751133,1229.52472945858,-4256.2500444493935,1
750.0,23.0,1374.855369169515,10262.469786384481,-877.9313021716114,-2360.726325238769,0
379.0,1.0,-2110.1979061863813,11.77684577038707,-292.08183165876744,-919.7255486305329,0
537.0,26.0,8505.918663636445,-3116.965392616819,-6216.610199422225,515.2754240510694,0
720.0,25.0,-2485.551195540015,-4545.973819680619,6625.229288044966,3884.7876831421836,1
64.0,0.0,576.4326905273776,5874.720272038183,4475.2501859972435,824.6893374439787,1
572.0,6.0,3964.5464594072737,-8134.284778240663,-1480.940887203914,-6806.140036638124,1
559.0,26.0,2758.272184801118,2068.2386935663912,7589.425465841942,550.4362595726607,0
824.0,20.0,6983.150266204602,-7188.4100311474995,-6293.199922213522,-3584.23412324872,0
659.0,67.0,1373.0421778235898,-2873.463260447512,2203.8869827380972,3052.146586162343,0
264.0,1.0,-5681.905080698307,-4688.748962278154,7585.9565652947185,-892.0933966648039,0
625.0,65.0,-15091.66142778363,-1604.5226905542293,2198.3407740393814,-1362.0953932404536,1
178.0,12.0,-15543.30385851081,-433.8967851107218,1453.3530718391517,182.58765663901949,0
662.0,68.0,6808.256735447061,-2060.475484185481,5409.006429690201,-7337.722522321872,0
848.0,3.0,1594.0134888684374,1035.0765698364241,4624.00840908688,5545.9946782201805,0
187.0,59.0,-1315.3507150176536,1619.8040285741304,4192.878071928186,-2059.2235503929187,1
258.0,11.0,-3386.6175489518077,1128.3329188005616,-1498.9656065084414,-2550.183855608187,1
134.0,23.0,-3291.4225105565743,6073.957889720077,568.2655586796136,-14008.847023370225,1
367.0,15.0,987.5676337735906,2303.009444995531,3357.7405463509795,667.2597787942182,1
156.0,16.0,5318.622884302125,-436.7395525163376,8653.767564446744,-5344.219445923583,1
423.0,61.0,-959.7666092699646,-2984.7159427426686,2987.202546380501,453.0387430350911,0
475.0,6.0,-1068.4507058177128,-2459.3061470394914,-473.615189790713,-1884.733105103829,0
636.0,6.0,1503.7097740640565,-761.7106830436082,7075.940406750506,-764.196276186611,0
857.0,12.0,5349.066907964097,-1499.1093086797132,526.434624344919,338.69358250143387,1
923.0,24.0,1832.3004597610038,7843.449263569633,8080.98726571029,1686.907049196981,0
515.0,0.0,5812.625237580311,13033.609164206167,-3267.376454489805,-4141.304995410795,1
746.0,42.0,-1628.1267667284687,-4745.388370774339,-187.8056267727514,145.5269723332235,0
620.0,78.0,-6411.257039001431,-1934.8160145827985,-10447.906060961312,12843.453878346452,0
732.0,53.0,3241.24965151899,4826.389459764839,784.3297398472957,2332.9727708719975,0
191.0,25.0,617.5214056818742,1375.426188432542,1176.67087904798,-1287.642718767344,1
458.0,42.0,1334.2639916341077,-583.3931191239919,277.79230649933425,-4289.711983470959,0
109.0,8.0,996.4584683207008,-4933.475260634225,2165.211642855843,-784.7507153869616,1
629.0,5.0,-2569.503606441567,689.7128785587429,2510.8433387195983,8729.923501384494,0
779.0,25.0,-5676.161765410807,708.5229898516099,-60.63604649220588,15416.34273930317,0
718.0,0.0,351.8375786758786,1675.8767280824716,-3116.902828031649,-8347.929838872878,1
122.0,11.0,-3632.690972635971,3439.590081798824,653.7630862910091,-10009.108927085003,1
901.0,15.0,1348.382424901861,9752.113021885372,2576.9990235561527,-2002.6558575277895,0
739.0,17.0,3815.2049389497734,1997.8676613834114,8126.085754796421,-17769.90019536953,1
502.0,51.0,7392.4609119463985,8259.906659078262,2049.647162516376,-4004.8059977942144,1
565.0,14.0,-4785.679642117241,-3535.756650816629,2166.7407124584583,2702.8090718068133,0
351.0,0.0,397.91084881299383,4519.828030546071,7159.636077459201,-1758.8269283131317,1
88.0,24.0,2711.90235949422,402.6241208298884,6503.663358053477,60.62754076829606,0
693.0,8.0,1057.798334966355,3458.4232534911594,562.1071093899727,-1336.8823016042725,0
515.0,46.0,-1361.875159974411,1952.095749695507,5389.754000987551,-11909.344931527512,0
822.0,44.0,1996.909386584952,-245.86615829346783,1454.8014829306699,10616.636766755671,0
925.0,1.0,2390.46365935963,-65.65637911794511,6068.710996169892,-3890.112147954723,0
945.0,22.0,736.6255911228159,-5301.967400057605,1534.1834032831418,11737.20158273874,0
471.0,74.0,965.7414590277424,5562.345610532747,4748.094694348297,381.1114587901493,1
533.0,6.0,1286.3583187362246,-1388.1993140367294,702.4575442256248,6026.834542102362,0
182.0,12.0,1973.0066265595765,7374.142412028506,-91.01404269643308,4765.652190146407,0
986.0,50.0,2717.881589181885,-4496.548809948652,5344.750494832698,-1640.8451916484912,0
722.0,2.0,1311.3190914972402,6539.68998937011,6602.42746009042,3306.202566263494,0
574.0,34.0,2779.3455101927107,991.4130730578404,2565.4266010383135,-1130.7834175582193,1
597.0,0.0,-4561.60770802381,-2639.364325030372,5015.414049947727,-7434.6638369664215,0
871.0,7.0,5189.648755292201,-463.6476041653694,326.1962420014004,-3750.9121147874657,1
707.0,58.0,2118.886221905006,2355.367422146443,-59.06028917513174,-315.569409623434,0
770.0,40.0,485.7894435512396,1096.525651863826,4584.039250732297,-2876.8362063025315,0
109.0,15.0,3465.9314538071358,2993.9212496452737,11857.426526814656,-3228.4029651728774,1
0.0,42.0,-15449.186235057145,3174.4402320247755,4897.948873583394,587.2758280971659,1
279.0,11.0,2789.427227885598,-3899.406936210751,257.5651743376373,-3907.4428582477126,1
677.0,5.0,-2923.652475385976,-3393.248863500634,5539.656464054007,1005.25327793541,0
70.0,30.0,-464.90170058905295,8499.306923093223,1379.9340981034507,-1853.9461128032451,0
0.0,9.0,1611.0796459252042,384.35004269365845,1088.1680048312192,1224.1501694740687,0
1002.0,8.0,2874.190668145152,-677.0382371772121,67.37925587735835,-1924.1767243016686,0
699.0,45.0,-3107.4698257565815,-5222.963904299553,-3736.1139363557604,-8624.03744103286,0
534.0,14.0,2684.9409475009797,4010.86215104214,2742.7759778192512,-4775.546466846671,1
52.0,16.0,1262.4414514257467,7788.710604953574,10763.460276666332,-2617.8907111869316,1
149.0,15.0,2237.805938576268,16067.359868580996,3922.3049987213126,5199.519958785677,1
521.0,0.0,1932.7802305103346,5136.372674860699,3209.8025505000146,12981.433805539575,0
320.0,20.0,-3390.14261349752,-1203.239148472556,2410.9515927671555,-11994.026577441451,1
78.0,24.0,-4543.381477933591,-4263.848755311464,11797.377437713796,2586.863028792339,1
284.0,25.0,5533.495028577655,-2513.429244069675,6346.6065465877355,-1849.0064721368967,1
418.0,3.0,-2949.6837394112044,2319.310275676721,2221.228444365157,136.31427972700385,1
729.0,8.0,-1523.8456950524053,-1307.1939780044283,7401.653006545435,-392.86388217132196,1
537.0,21.0,-4693.475542193721,-1249.5519091962697,-11.026768656174283,-5973.3304048843465,1
710.0,27.0,-2226.7250575820626,8165.213156927207,5992.8845223206445,-976.5231988607193,1
819.0,1.0,1151.2393763453645,-3354.2013337565595,1451.141510458458,-15588.960022680809,0
437.0,2.0,4533.39861799559,-261.40228928560265,6710.814002510032,-5805.5918164348295,1
170.0,34.0,2827.7188361418976,6776.188860291806,746.0257222212144,5847.103903853496,0
949.0,26.0,515.0112240901917,1449.334637425256,9665.526371491153,617.6624341211468,1
806.0,32.0,2255.125807497141,2384.2907897009395,247.09169249138327,2503.1448507032264,0
895.0,23.0,-15629.493548862933,-16.233777458258828,5984.683805811699,10149.580799071744,1
377.0,29.0,3582.453242642319,-3123.4207961136817,-759.2689452495233,-1232.496561247186,1
349.0,16.0,7380.298735804091,10748.854657456193,3119.8748690294296,-7010.815687076791,0
84.0,34.0,-558.0469700956619,10692.554939212721,125.51934576065321,-11476.674448937483,1
320.0,69.0,-391.87345344142045,4597.325743983446,-4304.847463260507,8531.825104559182,0
514.0,13.0,-566.0092037061195,-6757.9780580588995,-1602.3378623631772,-5647.168635369673,1
537.0,80.0,-2002.6771882000762,7295.560583597922,8682.935964862061,-454.7299633470881,1
117.0,32.0,-8939.593622022736,-920.5876609554364,894.5113688104877,-47.265273341738066,0
368.0,55.0,-8828.70930116159,-5343.752356028817,-13274.135416904113,3602.7403145455555,0
710.0,27.0,-7513.213530635397,-564.2928702926629,2870.113729107909,-9000.172789227057,1
14.0,14.0,525.8482754893691,1069.135171428496,9839.607188907243,5503.27385895967,0
440.0,46.0,10003.087555720673,6847.107944267518,-8124.667044588727,-331.15204129337405,0
385.0,19.0,-11921.032748126514,2369.252019026664,1536.4122310715939,3464.589888765894,0
768.0,28.0,5585.060763989797,-595.0251710801194,9782.54274963924,1857.387295501394,1
263.0,53.0,2768.8505848943005,2142.9547169284533,2164.4208309446913,-693.256916780365,0
796.0,0.0,-13465.686536267907,3577.3223479669196,434.50116061240897,-3962.121614377689,0
225.0,7.0,4988.248890729126,-4122.846625457367,2272.6121458224916,4318.064456750157,1
168.0,46.0,2835.965130373241,-10795.266411705728,5609.029253145412,-4231.9947154744905,0
259.0,59.0,-8599.90691265879,13002.481985899618,1815.2887825168566,-2307.888177125601,1
738.0,68.0,2836.955386098891,-2412.3866943665357,-8449.43681533175,-2153.1600587902585,0
768.0,14.0,-1916.9693533278596,6371.181704139744,389.86275030327386,-2214.221466911495,1
0.0,35.0,2607.255387489357,-1533.0078229028604,796.091536761791,2874.3790843914594,0
710.0,38.0,4928.4962126186565,-3368.6189339725233,-10150.549502668699,5850.887201148553,0
417.0,24.0,8196.373096939178,-3046.5054624414147,3328.7432094638552,5521.207510168588,1
590.0,0.0,736.9195928890185,-5599.34229814621,-8364.81896068264,-1005.8178179242555,0
503.0,10.0,1122.2160909685647,227.17695509285056,6051.786244849158,-6296.008969561473,0
0.0,27.0,-10024.145900654437,-4228.25886852502,2670.3275720128004,1980.3582705463905,0
5.0,40.0,-9194.349192961497,-1321.7280020565263,-11044.671591517119,858.9132903936422,0
218.0,8.0,-207.3294801757291,10520.476606744782,1431.6422552376025,2583.856684303369,0
30.0,2.0,264.0549810708228,-86.41272210895659,645.826148310693,-6194.696665274883,1
900.0,76.0,-244.82152908904186,7031.376462587572,6893.384957083991,-3785.983361085978,0
428.0,21.0,8440.258095652413,-548.9234876811051,2054.9138282564154,1130.793546318289,1
910.0,7.0,-3764.859706079613,289.34258805176285,-370.36022720234035,12846.673265889433,0
963.0,56.0,-8654.821405443721,-10504.394796622155,-1905.6335662272306,-178.23785486058216,0
474.0,0.0,1450.305069315514,-245.38339840149592,538.0913396325172,2607.7740890688965,1
766.0,70.0,378.03127179843557,-8198.601633885575,-11242.353241700366,-17717.287606412126,0
219.0,18.0,614.8086493975651,5658.207630366039,377.3502894691792,1688.3730511272042,1
534.0,38.0,5018.47194418124,6494.147797830958,7444.287598316454,1822.031495354665,0
354.0,70.0,-868.9480357701816,-7084.88003101226,4527.8300476054765,335.76350832206026,0
545.0,30.0,594.9790571658027,-1858.2204691981738,5968.051109910948,2225.0945559341635,1
586.0,12.0,-4192.056078532961,5545.653256316206,-4919.102309569235,-6049.299188707406,1
201.0,4.0,-1570.4930188759909,-4758.331745667395,5406.870573514024,-1907.1247177794248,1
99.0,11.0,-326.53735975282274,-28.38074734990147,7444.376997896534,-9813.468154428194,1
698.0,26.0,5169.515776401626,7551.8412695521365,3450.6383005414646,2336.9175675821125,1
714.0,20.0,701.1510053977706,-1217.2492777221423,6538.552325456195,-948.7699421040203,1
369.0,4.0,-926.8228914774861,5766.960414377274,524.7634906011104,-5060.41373418428,0
1047.85,3.0,249.03915318684267,-244.82082805365332,-2206.123088917142,152.6032169316877,1
964.0,60.0,-1179.5887741330068,-6136.491197172798,1098.4618856273007,-156.1966122874528,0
790.0,22.0,6448.780692405668,-14683.915672726478,5690.339976816279,51.11879990428827,0
843.0,13.0,-1632.596698406642,887.7884587670264,6009.42383817029,2599.1427330733636,1
198.0,22.0,2289.0308499769367,-8478.314222786305,-741.1973668837145,-6520.2851169590285,0
733.0,12.0,-5309.782627907185,-9385.766849973154,4166.766639894329,-468.4447212831783,0
309.0,22.0,-265.93429144739684,10548.834152578289,-171.70321809300577,-7958.28259528738,0
78.0,22.0,-3236.944465725723,2459.995880046303,1995.2929399823547,-537.6129434580113,0
496.0,5.0,3111.396456887883,-4017.1933156564573,-361.20496041162016,-1885.8631611851158,0
652.0,52.0,-1608.0132514173692,1328.197840298075,-181.06465466276512,6382.154566597448,1
726.0,17.0,10215.57461986596,-1198.5464711605168,842.108145131557,625.1622337244962,1
125.0,57.0,17750.6259765625,2488.1661439168747,-10572.771568074511,-1341.994047193642,0
238.0,46.0,2445.252591712878,-5282.968343985967,12653.364180860297,-13362.442273170032,0
252.0,28.0,3295.912131929932,-2826.709562895734,-1981.2284743314185,-4167.964309692763,0
1047.85,34.0,2881.1592436287297,-224.83354020025496,10918.272716897047,-1156.2289403915865,1
902.0,15.0,-169.00412362886937,-10265.810661196992,5872.383363037912,12673.102329256344,0
44.0,42.0,6922.385646147626,11689.572798299141,4822.429370064372,-5364.133764344839,1
907.0,27.0,9200.995321141376,7212.039087214336,366.50619330019816,-781.0517827076869,1
577.0,11.0,132.20014588776,-8724.19671500325,-9197.22366791139,8132.851768962961,0
1047.85,0.0,1363.5065027799424,2570.600336402957,5251.629086662465,895.7684950747796,1
13.0,15.0,-2978.055249839362,-1463.614834905556,3377.8404126459286,-1796.4520122234335,1
259.0,30.0,-11101.374422580835,-468.3865087784318,-11133.211259465888,-137.126407199813,1
145.0,20.0,-74.725669436501,-1855.7916264996784,6041.917593465672,1383.3131709684067,1
221.0,28.0,697.0477063349161,-1333.5053860792996,9987.775529290102,829.7266470592967,0
94.0,71.0,1497.9774267377134,-3773.0906772800636,5889.788509771366,4728.2984231952705,0
649.0,11.0,1011.1610464731536,-1296.2743583367928,1316.7633039873479,2284.3133690329328,1
412.0,17.0,-2450.4538820724392,7020.036122957951,4916.968415398273,3639.06164834408,1
158.0,14.0,2242.610702215822,991.1002053441252,1807.3708771599936,1857.8604771264272,0
513.0,2.0,-462.1063607505594,-3753.6308814065524,1593.8336919368376,-8011.970625732874,0
585.0,35.0,3763.148956539738,874.9256448508394,2610.5548511832867,-2027.1343256435189,1
466.0,8.0,206.5505410879764,-3588.883754395217,6820.246219832579,-3670.947709761881,1
582.0,30.0,4247.049563074253,-720.2290559074895,2995.601712089809,6727.636565967054,0
507.0,40.0,-2492.9638091569805,-97.48820405827155,-3337.9134452113126,-6773.616739731475,0
527.0,10.0,3732.6242405265066,-2436.8142997732034,1034.2436899730685,-2653.293827413017,1
385.0,55.0,2544.5533892801122,4052.7798459855367,2668.1633965617043,-5001.878316800981,0
608.0,0.0,10982.172304486729,-278.74429365403785,2049.4226202401815,-248.12181993641298,0
594.0,53.0,4636.3724169027655,-1116.5299763485764,-10129.44634107448,-332.3030551962988,0
1047.85,24.0,-5550.035633507836,-4200.407805313906,937.4041073696555,255.5581551113264,1
386.0,35.0,-1407.8958314050988,7266.517417195105,4764.240724036868,4778.857999789471,1
43.0,53.0,5257.533547021138,7020.454200064123,-456.19678455734834,8291.797088446263,0
374.0,10.0,133.12033669633115,4363.27692038866,511.9636656968733,-10425.538438102814,0
493.0,65.0,2456.6219778378813,9783.15192958557,496.5938462428845,11757.727218782147,0
632.0,32.0,8723.074443686146,1571.974023596209,-3497.317706313941,6421.596937898689,1
370.0,47.0,4044.021000793725,-530.7229371732938,-2311.965399337279,-16307.68876483824,1
123.0,19.0,-8593.556185768619,1417.139598003041,3268.835658165944,-72.67655792054393,1
156.0,3.0,-837.5378553839826,2732.3943895105535,4960.421790915861,2277.237705393377,1
670.0,44.0,-13513.749009618274,9251.287751751977,-5364.534937744353,-2775.3337271705223,0
196.0,48.0,500.37474842013603,-274.4005474302872,-6239.586404075942,-8145.130695183264,0
590.0,50.0,-1184.8389159665796,9334.6653763449,922.0289261380126,-2628.0183063641266,0
470.0,0.0,-10178.401073638117,1139.4430292573493,9857.17687510233,244.73407060496447,1
440.0,0.0,1698.1963461871346,24.7841083932135,3417.586443727851,1776.6429579488713,0
913.0,45.0,-3527.4604961117557,3765.9482969697215,-2633.1063379790066,-9865.660840233,0
739.0,37.0,20.746044855563937,-3621.9698572733932,3374.055891833707,-13011.612453968233,1
477.0,7.0,596.9275286633816,-5229.350646296538,2080.4826637989036,91.3493792270051,1
274.0,6.0,4225.959074271218,-8863.057800607128,-4181.868350792172,2006.0932539103237,0
411.0,75.0,-6123.28515413521,4806.148958395352,-9546.418667943126,-1437.7749565371305,0
98.0,6.0,1988.0229541632725,-335.3031434774687,-459.94743616002927,-1432.5810678424837,1
347.0,3.0,4672.6361605998245,-79.29714238745652,317.31324627903246,-7499.430344743325,0
36.0,25.0,-16321.89618479575,-20.23443825583672,-410.27718789601863,1401.2979135307407,0
157.0,4.0,6525.462387228763,10814.478411940545,-1222.975378348472,6148.912556578451,0
914.0,20.0,-3166.096227423136,21833.11396484375,-7657.6369703662385,13299.690366442403,1
800.0,3.0,-3176.920422996025,2305.811516433203,-908.7942991263901,1182.7497981254464,1
862.0,56.0,-4756.604418911162,1884.2065583889248,9200.045029764933,3020.302300022723,1
507.0,9.0,-126.13844165052086,597.8874473939134,-443.7848920455933,3270.6409917877218,0
405.0,33.0,4320.754409250707,-10263.020636553976,-2628.7707429024135,117.67997365791325,0
604.0,31.0,593.1564985877167,-1486.0231820103,3431.4772333405117,-1112.8524849930802,0
252.0,73.0,400.2996471467362,-4335.26984712798,6413.906168897161,-10844.212451673464,0
567.0,17.0,7555.396438585691,680.1948035096173,4245.404595637312,-14.886933125096505,1
42.0,49.0,3882.966933041374,-1756.6790289301052,8379.00496100238,-3601.7416859755776,1
438.0,48.0,20.70165230503926,9614.983463517416,760.7319374046876,-3844.346745906888,0
0.0,3.0,2173.3815723037283,3029.576882537399,5542.699128410692,5459.200292351286,0
283.0,0.0,394.7146306318314,7322.766651906861,9985.642975666491,5060.068786599908,1
230.0,5.0,3528.2902150639757,-1511.8778551615785,-682.3733034762599,-1923.4095928765255,0
235.0,19.0,3220.0920627837518,3162.026411041405,-155.21748421472603,-1435.978010615565,0
687.0,76.0,1752.1965167664243,524.2536014097514,5047.814609618776,-4203.32808780625,0
0.0,40.0,2936.3877828680734,-3165.6136623472757,1813.9500657971203,10218.76830382133,0
596.0,28.0,2628.6863672265276,-1762.642632395524,-96.25385171571762,652.6027372629602,0
199.0,36.0,1541.8230115970616,-3367.9509912395065,9825.772972462331,11940.622438838436,0
456.0,6.0,-1273.3570525467587,-836.0848263161297,-4457.267124968901,-14421.83761039581,0
956.0,69.0,-2467.1500894880155,-9794.126793358268,-13741.058932714857,-704.5142363556549,0
495.0,28.0,751.8600771201588,2383.59451539374,2886.3322444800597,2101.4415535467087,0
674.0,5.0,-484.28778283783413,4141.07523470289,975.7711425611776,-1287.703934354558,0
405.0,36.0,1333.0066994315466,4573.058050067602,1713.314065475214,12975.749546069317,0
0.0,4.0,2162.9868199818875,-387.0701389734759,6649.270272247517,-8189.819062961876,0
33.0,2.0,2839.604900032726,2150.2052150081545,1581.6832771114246,-4264.894642479894,0
612.0,63.0,-8544.42036587259,2083.4342798966272,5359.846828807644,-745.0591826897767,0
770.0,3.0,5647.945155472702,-886.901383901587,7019.599512480828,-273.0943400694746,1
1047.85,16.0,1288.4332949289617,-10879.962485810403,5402.124920446734,-4935.005857179689,1
564.0,65.0,597.4663098037684,-4212.593478507272,998.9377068856936,-2939.6467679594016,1
419.0,23.0,-354.1770272461097,-7398.660868096004,6769.284114766848,7562.294829215704,1
369.0,12.0,10327.54203273925,-2277.430602638631,-296.328979523469,4624.9649752650685,0
863.0,58.0,199.30383420829216,-2603.934643348319,11096.696036652585,6864.671081466216,0
825.0,9.0,4520.178498921123,-671.037455286968,-540.4576336144637,-808.6849873949955,1
855.0,77.0,-7808.737203222839,8354.16168001523,7266.385165157592,781.4129618730458,0
757.0,1.0,1275.8956135541507,-1265.2656511132068,10566.141426518661,2486.374081847007,1
167.0,74.0,520.4184412763609,-789.8714137793054,6037.755475003763,4278.214071419506,1
476.0,44.0,-15545.18862241771,3267.7898372244613,-10470.940565301733,-3547.26914250345,0
907.0,34.0,-49.81372544481428,-2240.1348552715563,5465.588210689562,-621.4256234860109,0
914.0,0.0,855.4342867305231,-1722.221481664368,-5659.200435498393,379.7223157772505,0
697.0,42.0,2188.0509286270735,-736.0470871291241,479.4529274600323,-2511.5301923797465,0
686.0,22.0,-1718.7055072972234,-2115.795770929737,-7148.729854388922,-2308.0242384218136,1
707.0,8.0,8754.530352543994,-6317.791039820027,3212.828039076593,-12925.640123280973,1
113.0,9.0,8273.940399420751,-4732.140835199064,2172.604130946618,-5157.459367017667,1
144.0,23.0,4430.69067429733,635.8859916489791,-529.6663827782882,-858.9833898145545,0
56.0,15.0,-629.9794171647602,-2189.8445531950533,-40.30016161970542,-3844.8377650693997,1
1021.0,81.0,9496.264326282297,-2167.0494450964484,-133.55819661852746,5443.203412596631,0
295.0,24.0,7844.346591998101,1766.5010595871329,6004.84788812458,5752.809947720828,1
624.0,19.0,-591.8358506599617,-2440.071588548085,246.59720118514025,10201.482308744886,0
249.0,5.0,-284.9159392134279,414.4092043830536,-7474.802941956206,5217.957874487203,0
968.0,41.0,2240.0935721491546,-10400.585283686396,-5770.200223374254,-2804.8019111415397,0
101.0,45.0,-5928.394460231354,-3424.0493880685917,7313.772382849551,-9284.578704371042,1
108.0,44.0,2763.4543708414344,-647.2272321088558,2733.873452611762,10624.073098545095,0
549.0,21.0,929.2936519671598,7481.289665210654,-260.6399147700313,-3185.5361206539756,1
283.0,16.0,8529.092422796191,9415.913757508735,-1357.280731358347,-1251.0502182224109,1
859.0,3.0,-15223.262334840982,-4363.2376553136655,-631.3975858485301,-1359.5063708624461,1
355.0,19.0,1682.4534000673827,6648.673958555765,6180.038143006195,-3533.186480487514,1
273.0,48.0,-17176.039388223344,-1094.0929504354422,-37.848087084677445,2240.7002086576977,0
895.0,15.0,3033.4838410929824,8016.500310912886,792.0288081007831,-3156.1475304151563,0
483.0,0.0,10757.145227177267,-604.1434444290671,850.7067797450377,7637.25637884211,0
195.0,16.0,2611.5554385721,2320.0189953000813,3182.1195528140115,305.6295594354169,1
180.0,19.0,206.00062607954123,-11.171909246648283,1192.9707177380728,-14580.095775500304,1
629.0,2.0,11455.049465606488,9188.1961388831,-12.334644131195773,-542.992184836849,1
881.0,19.0,-574.4889388528754,-10983.730617444551,5951.49493305613,1659.4698472867485,0
497.0,0.0,-11635.990859593949,-4925.677720293346,-69.65488362869587,-1077.0944225946578,0
926.0,22.0,-1802.2801220282322,369.48174277469707,3069.762462332201,1167.597475866045,1
579.0,34.0,616.8403894607118,-340.25876824193375,-9917.90890910049,-2344.0457039245775,0
735.0,66.0,-3570.019353409483,7274.348259394622,3504.869258027723,-6254.527379569227,1
77.0,28.0,4145.2171227048875,11717.826345153682,2372.3712985613956,-2099.8698528955674,1
517.0,17.0,1316.6316352216033,-5072.262077673942,1444.8560445234027,-1198.4178664991236,1
131.0,32.0,-5264.151789718013,-35.02693279430025,4616.631308735696,2697.1035898479145,1
431.0,34.0,11000.258470017869,-1140.9641307481743,3022.8451199635892,-1198.1673809601311,0
164.0,1.0,-222.40933624304012,735.5334405305719,-5594.402155591339,5865.470116950743,1
768.0,18.0,3625.267378422553,-720.9965542717782,2639.463586509776,5197.921314772398,1
420.0,46.0,709.0020973454623,-1492.2540428163106,-13330.994505100402,-2152.917209278098,0
473.0,16.0,3081.054142029856,-2016.2414635267476,-1579.0050892278366,-14866.84912423751,0
619.0,26.0,574.2973195873229,4636.630432093817,2280.9292883458743,-16224.38210868069,0
360.0,8.0,158.00878521873935,-4378.9655096419965,4590.953822037127,-144.2866037717073,1
819.0,13.0,9975.464943794484,-11345.38915433453,-1927.8610617243808,-3110.561500985704,1
667.0,71.0,-462.3047830701196,-8557.868020166488,2321.1906512840915,-3571.5901122078412,0
575.0,33.0,6874.23247542764,-4743.3289716733725,251.71603870965208,6097.714271072158,0
463.0,17.0,459.34761150651593,755.3715880473592,-1716.0005913919213,-1544.1160766733515,1
864.0,2.0,-1772.4366145771094,-1770.481251501457,435.4830616984522,-61.33632473524585,0
672.0,14.0,-9259.426049520995,-6345.755502624887,-15102.279767682356,-799.5809748655043,0
596.0,14.0,-1505.4806043605015,5748.665949295662,1311.7953711946695,-1510.5741134184436,0
454.0,22.0,12609.885417929501,5087.133741938278,7684.2522084285965,-5119.322576916333,1
439.0,25.0,-3731.2602285934,-2150.6551594801485,8475.238131206012,-10514.962414929985,0
612.0,77.0,6689.768883583864,-855.806391070955,-11603.289252074865,-3158.2561908765238,0
28.0,2.0,-3786.753104516425,-5831.035571227007,-10034.672912875169,-457.5131875570396,1
189.0,13.0,-1679.8811446554325,-5846.775930080195,4499.003116691715,-6331.188453561312,1
647.0,67.0,3337.919404116802,-144.27412181770086,704.1356652400982,-608.9248400481451,0
380.0,28.0,-740.1968825422096,2490.326062498427,4392.792802239635,-4923.611903745402,1
48.0,11.0,8159.450811900587,-2214.942110655602,11213.977733679034,-5389.637877407813,1
572.0,9.0,3433.508686460987,-8119.726504087364,82.14188555569544,5466.83069426302,0
519.0,10.0,2993.1690567909636,-15835.56307821416,2636.850867220379,7467.371716518212,0
679.0,0.0,10423.064283030439,4375.786815255619,4632.6116710487995,7439.516030632656,1
549.0,12.0,-524.3659740303092,-782.9477997697204,535.7932210739375,-1526.8610113749937,0
321.0,13.0,160.8092537706916,1108.146276493088,5747.305961396545,1889.5430952673037,0
178.0,9.0,-7214.791019114123,6830.065066716345,-6481.538219481794,2645.7986788327153,0
860.0,52.0,-10205.00406900806,9060.619569599214,4720.994738903746,-971.9862591149154,0
343.0,59.0,11720.203034684233,-3215.9421805161173,647.4272227075155,-6575.534660223353,0
261.0,0.0,5155.486098216351,3729.4660861595776,9067.674071726537,12257.098512170545,0
589.0,19.0,3308.444279390135,2856.432676182738,8655.216540218851,8699.009185188788,1
207.0,25.0,10952.680262000993,3022.8691860381705,3133.0522348082777,-2368.052102531279,1
738.0,7.0,486.60665571728407,-3758.444742348368,-932.6268183356551,-5079.773743542923,1
496.0,21.0,1262.2603365586046,-2423.930575785266,5142.78970976306,-1628.2033115443487,1
242.0,10.0,4740.701219777956,726.6470674644875,5404.888241685019,2702.976949355532,0
642.0,18.0,4574.642364104795,-3136.809775480608,-1307.4950559003066,-847.7441662166763,0
1019.0,0.0,2308.2617659397374,-2317.610699506971,2804.4071288237437,-680.5968856710568,1
919.0,0.0,-664.2411682373822,431.3562877262493,5139.400304858732,-3072.8521926871713,1
686.0,3.0,-3217.4192639726334,-8180.369499838847,7955.846841011374,-745.9186180840924,0
912.0,70.0,5618.80262740845,-6283.226043400076,-3029.11304847987,5387.830853727064,0
769.0,14.0,-244.06652243828626,-694.5392566260505,7279.1272879442495,-2235.9935902248517,1
512.0,77.0,-3534.950056152642,828.9556949642688,-1628.1052418323065,-11776.289735272667,1
656.0,25.0,623.0671586745168,21833.11396484375,-2014.7496329752566,6893.346006159089,0
679.0,15.0,-4290.982772792471,-3635.0407686722165,2891.0254778864205,-6260.654185475545,1
601.0,0.0,8837.506275716805,485.8766710304553,4450.790941136276,-1225.7616993168822,1
689.0,11.0,-1573.1701269484324,8545.403349514685,6753.28306164753,9423.20250238147,1
337.0,5.0,1160.1533751074269,-13341.948261080814,2878.0704685898845,910.4042813341441,0
804.0,29.0,921.6285761745113,-1012.4142455490683,3241.131471835429,5650.137827034879,0
928.0,29.0,-1136.7936816519862,1500.4410616533867,673.6113648750153,-1225.715944321661,1
826.0,69.0,-766.0229750375659,-1854.224044689233,674.700138408813,-2253.3460809583758,0
271.0,31.0,-7292.794325215606,12223.069158119692,8144.956560019749,9618.636226135788,1
86.0,18.0,7694.843367928014,-274.37448416278363,-433.9587657790121,254.68208988178867,0
719.0,19.0,2999.741415586884,15811.705218042713,67.36109507084272,-1413.9119923149915,0
1001.0,8.0,2202.4311308740976,-3236.668208028993,5070.204234590102,1989.7518242381716,0
350.0,36.0,6716.0172412267275,4284.096976599763,538.660176289659,1129.7457406656526,1
653.0,8.0,2417.3543996420203,-3943.6078324839164,1101.047299712875,6542.860426576764,0
927.0,19.0,8125.341549745839,-2761.7453272903585,4759.606060852226,-1344.4755415418372,1
694.0,30.0,-4407.8952857458335,1336.143022492551,1370.0331662907092,4980.421441076434,1
340.0,62.0,-4457.417686076314,2400.3490293402892,1815.2905315479397,578.5043244965735,1
475.0,14.0,-11387.647874887996,5327.706432976573,4167.9543026921765,-16963.1538463806,1
708.0,9.0,-5040.394113195296,-5697.07722506775,-4712.962236090509,2431.2700157856007,1
407.0,27.0,-289.3044852397479,14487.973207672949,-3477.2838139736023,-541.2091800410026,1
745.0,40.0,-1411.495056595193,9994.767244932633,-5146.190520475261,-4824.557549904879,0
954.0,65.0,371.4376686605184,2889.4589653032763,-7960.303944847894,1731.9428347405865,0
734.0,37.0,3402.47402988622,-1174.7758666568202,1197.042951411834,2426.2946840754516,0
870.0,15.0,2691.8029993458167,-4821.140688495641,4815.341742090214,4910.400212740742,0
369.0,5.0,9777.275672657985,13163.030801728402,4988.350278667391,-1505.207407654735,0
457.0,3.0,1260.255099587368,12974.098451508326,2236.55103938678,4582.2108202827085,1
702.0,12.0,-751.0896033351214,4270.570820918009,9271.38661296446,-8.03727271534899,1
411.0,10.0,-10371.306990750942,3678.5927687724743,-7889.813769844787,66.36401648318315,0
396.0,60.0,-4927.106490961794,6754.677132145738,2792.6539730939826,-5097.700301132839,0
609.0,8.0,-14894.370039362295,-741.4814954741328,3724.94310657029,78.29952425672582,1
806.0,9.0,3253.128271469364,-872.5661800575697,11470.291524264298,-4816.565146433118,1
259.0,31.0,1118.1358170230703,-11126.941770711652,9456.993735177864,-2783.4243511950867,1
910.0,44.0,482.0719527448757,-1005.1519432640448,-427.19619495500194,-25.001788601939552,0
505.0,5.0,1130.6780739565302,-3688.8655147398877,8738.447751052086,3743.3347471714724,1
511.0,7.0,-2363.996689483748,1095.3772489327635,2500.934494623386,-4080.032579720067,1
846.0,16.0,1292.6315376138427,2749.5938036500884,-478.171737279917,743.7851340112741,1
816.0,28.0,1483.7938299864697,6091.954569552979,2540.0128462518614,-3406.3704215857233,0
217.0,19.0,-21.812228053468743,-1099.2453456841286,2532.4176371298336,-3387.868587107184,1
978.0,11.0,10991.107112314861,-3134.1305116012163,555.3708493769907,7356.625087329529,0
294.0,15.0,2004.8299353008995,-3883.6494209025027,1640.8013605926865,-2191.602471496318,1
458.0,10.0,-9397.287502981055,-1364.80166850908,4785.327437535045,-5127.952341917009,1
403.0,8.0,-2196.3036569984392,15697.932266165837,181.79451506858837,176.8502884054609,0
586.0,23.0,3543.5902718664,-1454.6268325767362,-1460.0510518509168,-1706.0572117923753,1
205.0,78.0,-565.7936489148441,-3859.0915154190925,3570.2532120675205,10017.27492376116,0
844.0,52.0,166.17279814705944,-1484.9367046481016,289.5264727487645,15051.566801747369,0
0.0,42.0,-2531.8607195368318,6648.882240911165,6621.649206375694,4174.595594141335,1
321.0,27.0,-3245.3555062187233,13762.106176136933,2612.2024384635815,-5803.696246974072,1
767.0,76.0,646.0721597242307,-6403.041277072691,2360.2167818416565,844.2687074681071,1
882.0,38.0,-3690.70289475767,9635.226755142061,11571.426529513477,-512.5682022874757,1
677.0,64.0,-7158.797217437249,-979.0692458296239,351.8283188605295,-4681.216348895836,1
870.0,7.0,2068.1014017100024,-1885.9205296813295,6102.969068762511,-8264.305029044637,0
519.0,18.0,-379.30183797464997,6228.12894130041,5287.203188582486,-2974.7382758708163,1
687.0,16.0,-256.9365375902415,2540.88412685314,14720.424758503721,-409.1869244848276,1
431.0,7.0,4218.494489537975,5195.171467553566,-2500.61234998532,-82.6975965876627,1
243.0,28.0,370.8847287948471,-1448.01142606041,6887.682865333562,-1620.3495397390166,0
926.0,13.0,-517.7737152173095,9352.92793598213,5498.082571490289,2088.501484008874,0
198.0,20.0,-2194.847975644525,2485.3259723566953,7248.137052839046,5534.34506099315,1
345.0,26.0,580.4439406871097,-9692.749158427987,6318.476355118566,-1478.643150927238,1
471.0,27.0,-752.1062384872223,8651.394922472744,3233.329850332534,686.5922905816683,1
464.0,33.0,7680.688160287859,913.0091313851276,-2106.1160156160195,2759.1513493367083,1
566.0,26.0,1981.7551921824838,-1540.1977106595496,-221.15445687869578,-6543.256433867304,0
672.0,0.0,-87.42952579720861,-7708.756183640233,-148.90915084090278,-1877.4178170463615,0
252.0,14.0,-5626.744102862018,-5690.639117049622,-12687.79426782897,4248.643611106382,0
730.0,23.0,3447.4558466140024,-11436.287058373873,1526.230558948214,-2338.8000679175366,1
883.0,4.0,1330.1801272545088,-1052.8085175617662,-2225.518266482972,-349.9500210994197,0
805.0,31.0,978.8709974374606,4757.578924322897,-8915.654648215996,-6373.532930761889,0
585.0,41.0,-2130.176785446126,-745.9643055656311,-1821.9611282026324,-3004.2842950189497,0
772.0,33.0,-162.73666879375406,-5315.285884552755,-10897.90709896136,-454.72118841649774,1
659.0,7.0,49.94888010341661,-1905.2742033101079,4773.560004899531,-5144.675252031175,1
369.0,71.0,3148.1596703758332,11787.923333533587,-3705.875073854146,13362.239287778673,0
822.0,16.0,593.9727455940406,7748.44197755079,3840.3496030928018,10083.046454805637,0
75.0,0.0,3399.105252707929,1068.2086690706901,2601.6356255313394,-6246.110476192411,1
789.0,14.0,-1529.1172580361927,10.3010067191247,96.88408492773524,7581.216061561046,1
980.0,8.0,4179.481249673701,935.7726358045129,542.7074674473431,-4493.542127182853,1
270.0,10.0,3935.7885274245073,2515.7209703434914,270.4338535572845,2216.987073032896,1
272.0,39.0,631.3021651958289,-1195.030211597885,-76.25830849100393,-1093.9058315809034,0
427.0,3.0,-866.5455514721177,9864.052104471035,-1906.2855332450458,2870.544190917736,0
287.0,20.0,-4445.076492032779,-1709.850669510334,6387.759278865033,-5956.415287023968,1
983.0,2.0,700.366803044782,-1743.3583215307629,2484.3099541783695,-906.7467995065659,0
333.0,70.0,-3225.878774129289,-3662.490187236811,3059.7591705575005,494.7167985551057,1
60.0,67.0,-484.3095532596875,1218.174829970147,2910.7020775714745,2255.1693418236778,0
67.0,26.0,3139.135731745655,-7345.918402989493,-746.8093247414729,-1893.2440462417776,0
63.0,32.0,-736.0514205230129,-3108.4690784775094,1534.9041867546969,13241.646169347026,0
623.0,0.0,720.4666127453471,-5299.426526327797,-8436.189329490851,6192.228768797253,0
788.0,4.0,150.34783233648156,1978.8435663451535,648.3576897608239,1056.3384362693064,0
354.0,23.0,4454.023965601141,-7292.670177331809,-9312.01765571019,-311.62810942869373,1
542.0,4.0,2414.2773754912105,-3634.1150073842855,10717.867315462296,-6398.253321846685,1
946.0,42.0,222.20761562203415,11439.851323072096,6085.44774852087,-1507.4448731422658,0
539.0,42.0,4564.239707059211,5322.270553157447,2278.0392226990116,5850.041089863402,0
1047.85,29.0,1205.7909293819753,1639.952770655102,-396.8423662310031,4682.089491464047,0
870.0,40.0,-8984.824229321948,8580.13496129673,2570.53618712965,-3029.4323208243823,0
684.0,31.0,72.23506951433296,4074.9695707381934,318.9483404801624,-1588.1461509767428,0
233.0,29.0,956.8138830161183,11267.07022659005,-382.64576681759274,5392.369508310155,0
961.0,49.0,5465.696960128081,8266.61348695562,-431.2949363986645,12476.475563808184,0
623.0,4.0,4629.0735054718325,-4224.463071657337,6315.112209037512,-7282.708574067596,0
752.0,14.0,-613.9387342310479,10205.25040631849,7386.001718326588,5739.953262342852,0
281.0,3.0,-112.10464171926122,-2470.0345659911404,2097.1798161356837,9056.185417046347,0
453.0,26.0,-2089.002885541307,1426.6262584028077,-2122.827730153167,977.7100840330409,0
647.0,3.0,-480.58138267763667,6947.936858153269,1340.3219494109696,-5196.486444744087,0
920.0,12.0,-4822.37014939367,2298.337471965906,371.9767141659871,652.2505125936959,1
703.0,69.0,2216.015493790109,15165.994245303327,2706.139982885932,14581.457020515489,0
122.0,52.0,2682.784184160459,11897.746629221083,-213.96295806994908,-13321.64080466719,1
682.0,12.0,-2377.7304983099307,4336.145221419166,1326.8070173799601,-1462.5844358733511,1
986.0,16.0,3277.0848438758735,-4916.157071440179,2035.2564516217562,2974.227597501639,1
165.0,72.0,-3430.8864978473302,-6662.529444730548,2512.5874558582427,-44.44563254765035,0
212.0,11.0,-2596.3338618821426,-6232.98760691747,2281.993115680381,-1012.5355868256905,1
732.0,12.0,-1806.676643086272,-5534.005322818886,-1986.325638698533,-4092.281574316773,1
286.0,39.0,-9608.710314565173,593.699072790012,-162.16162555328947,-1000.543460041692,0
278.0,8.0,4729.3683051048665,2477.7101288968597,1812.8267714057877,612.7519645356582,0
499.0,6.0,3229.955126064389,2151.8648027068666,10231.787126152669,-5017.481134997088,0
1008.0,8.0,-223.53870280103138,-3216.6353382514326,9092.173932036063,-2018.2358336225564,1
289.0,41.0,5075.572855588969,-3792.6044529577766,-7930.724488081582,3776.194879080488,0
370.0,10.0,1830.2755985709532,4571.111711553911,7381.204347900679,514.7352196916645,1
99.0,63.0,-5790.818266441879,-4307.134900341747,-1411.8865985209445,248.3969160720094,0
646.0,41.0,5032.6773390981125,12565.291578279044,664.2468042789875,4359.9268861945,0
175.0,21.0,-820.5056660930481,210.91843781220723,-81.60253731164835,12789.942216163701,0
625.0,3.0,4532.463987691844,1323.123146785374,-10663.763797843516,-2554.30655862161,0
21.0,13.0,-7473.608355644695,948.1116758966759,7602.0523063448745,-5200.880691599872,1
138.0,41.0,6562.970780930433,60.577826292702866,1994.4372889903361,-10124.281517636966,1
35.0,11.0,-522.7665598656247,801.5231788323576,3666.8492708988315,6197.07938285419,0
831.0,7.0,731.8486625965336,1299.4335169405513,6382.206001434126,-2038.8314116953666,1
683.0,71.0,-3266.874123107518,577.4463562654382,102.14668810934654,-3052.0442808245607,0
576.0,13.0,-1673.2269936769012,-1982.5016665728479,-1517.6749946691625,5075.788826228061,0
693.0,67.0,1513.8466926098745,-1213.4242973497596,7024.475960213423,1612.1609581066282,0
97.0,4.0,10915.397175114007,-4937.247424402095,-786.6539785302525,-2757.820807179708,0
254.0,12.0,-2377.6284769271224,-10570.921815765594,1688.6353826450386,731.9070363787187,1
50.0,36.0,-228.1692304419543,10070.524899426027,341.49226840799895,-605.1630903871725,0
53.0,0.0,-4674.823452094384,31.314294162113697,2931.977214249261,-5304.404535520348,1
539.0,17.0,-5140.821824689965,12270.312372610713,-241.94031279375366,-4801.693683661623,0
825.0,10.0,9903.947972300219,20526.514599832644,1963.0234414296579,-4149.788037281177,1
861.0,33.0,3960.930740083215,-12890.834662924059,12241.048922059215,4185.511377253739,0
322.0,40.0,2662.275610938779,2518.5860427284706,678.8518384769636,-2594.0249014131587,0
788.0,33.0,-1558.7869456826875,7217.425356716234,1672.016727677355,-2809.904201804709,1
461.0,71.0,1784.6284096165928,210.52033345621672,2146.0579201774462,-9689.361156153132,0
621.0,14.0,5140.963244375554,-3864.91154756621,-4141.486379481274,-1253.6302483727648,0
496.0,71.0,-1992.561095023408,-3281.0711845040078,2071.7143545432714,-2947.324084235786,0
200.0,12.0,2129.1936073389193,12949.061038150307,2620.8375714953136,-1615.1191364334375,0
900.0,17.0,938.6770972896368,-1713.420558669687,6153.183334678417,-4516.622780341891,1
798.0,16.0,3168.0601751963636,-426.77832227866656,5768.297954755534,8541.95831274159,0
255.0,4.0,-1648.681423126903,-4188.740980493506,-1654.2591966260231,8384.977348666847,0
777.0,2.0,285.170065439246,-1546.490292254251,-4658.997240407921,-488.5451692060517,1
774.0,6.0,-12565.80054343371,-4820.545318142278,1993.776284568912,-2193.4769036506423,0
935.0,48.0,-1837.519346886842,8177.016629857482,1995.2057799333795,-1421.8441528314825,0
710.0,30.0,-14211.897359914732,4166.2330455786605,-1866.1169846849807,-369.0960947278023,0
392.0,9.0,10779.459616535501,2020.8331094542577,-522.4647056499614,91.77681401417789,0
782.0,6.0,760.1670537935775,8390.92607128747,-3052.041835794235,11706.379347776174,0
648.0,11.0,2114.528749268757,363.5430392424271,2181.734406349261,6150.7443854280555,0
15.0,62.0,10148.423528903313,1828.404505998849,3507.575052096273,-5063.020371569571,0
35.0,27.0,369.80159175942583,-238.8485269325625,4059.331961057517,-5570.978548303947,0
252.0,0.0,6743.677804560268,-1661.2411658936487,-10466.428633298297,-8512.677393389002,0
717.0,71.0,1884.7130239016774,-9713.000944753447,49.466043200301556,-1208.5606416270389,1
1047.85,70.0,9294.50742096299,44.3682630066869,9877.689325256451,9223.079794516188,0
954.0,31.0,1560.2721221459965,9428.645243776235,14848.611575900897,-7312.873168236443,0
634.0,51.0,-5202.553448920019,-2195.166418717406,4535.644088845205,-3870.7281304962626,1
265.0,0.0,64.83075774708749,4816.542251856499,1249.075251895824,-517.6323220401976,1
687.0,14.0,1373.007054294598,-2496.4370363136104,-9482.817684726948,8060.312241669068,0
763.0,5.0,3026.722515717652,385.5502915188099,1613.3802178459841,6054.776743148747,0
875.0,26.0,2129.737052529988,-2009.0920846572405,9293.76504753924,-11349.37336758423,0
519.0,0.0,1866.174172020424,-2897.055034477809,822.5405720585456,-5065.819685424736,0
846.0,46.0,1061.7562934813673,5188.251891283148,-3085.107121482669,-4581.05440353899,0
670.0,7.0,671.2737602284442,239.25362341094961,3024.8794929748365,5006.982446320724,0
950.0,12.0,-537.0297044980484,6912.863953513101,1221.7548137780918,-2459.6083483314533,1
812.0,12.0,1143.9863595711936,-1406.5881043189554,6707.16510202642,-11119.86002179325,0
835.0,17.0,2787.4020130550716,-280.04149510640326,9893.96567569388,-5709.024510583795,0
521.0,69.0,15489.224500249271,-2734.72362626308,2528.4068589946655,732.1243182928663,0
224.0,17.0,526.8359251548925,3951.416851528692,2682.957575325564,-3404.7972793763374,1
529.0,2.0,-1713.4910135424998,2403.360172143123,7278.683607906513,-3406.513858513296,0
9.0,21.0,-4562.104520102125,2039.165848271903,3268.1234089561535,-824.0253339049843,1
762.0,2.0,-5086.357906934891,1121.0229818462733,-3857.647747967927,2811.6896868132894,0
76.0,0.0,-197.77163579847462,1240.822346962804,5085.795321058185,-1910.863563937291,0
830.0,37.0,-1354.4124565118195,-596.5243945527941,-1898.321916298572,10129.505020915087,0
678.0,16.0,-4278.168696915761,-13709.643902489632,5152.795667295778,1357.6105024530145,1
270.0,74.0,653.4111317909383,4978.776410067532,-50.760850422544536,1539.2528803443488,0
629.0,11.0,2730.2963759444738,-5292.2944638122535,736.4778318699388,-2137.5096847228583,0
43.0,25.0,674.9401477456925,-3591.536869417616,6874.386970181584,974.1758785652783,1
588.0,73.0,63.35038611165919,5183.785761357627,1558.1539783862384,-3716.080178176274,0
917.0,2.0,-1940.7440189084064,-124.15047053402395,-5979.92307759956,724.552307667786,0
452.0,37.0,2630.223073222004,8342.479805891135,-3705.343222440136,293.0456994351043,0
57.0,43.0,2215.9082206244234,5512.050030106973,151.83054505602536,6462.930872698659,0
833.0,16.0,348.23042497861843,3897.747697407276,719.7089828471577,-5716.635231143806,1
996.0,2.0,4792.509610074276,9609.911002192266,6655.29252187101,11010.0708634257,1
873.0,30.0,4151.375803280056,-7016.695463450627,534.4179760103768,-1411.0226863149687,0
449.0,73.0,916.2366556071802,2910.72499162069,1735.9526027161044,166.49722833375415,0
764.0,18.0,3982.9727926916958,-868.7787245604645,-106.86284000868159,-9237.50681796496,1
935.0,13.0,11422.928817711185,-3612.601073522539,4030.218122798333,-232.96808948157764,1
316.0,31.0,-643.071799027558,-3118.588875317989,2749.2580133060437,-7584.989669311353,1
170.0,50.0,1029.7311933016167,-413.7428190777312,2238.431420056894,2617.0228722483853,0
835.0,26.0,3235.8532431371223,4080.8027707357196,1699.6160704682222,-1824.7451455931086,0
523.0,51.0,-7382.777392766645,-2995.146048961128,2942.6361544289107,2741.5865617268455,0
1047.85,12.0,4169.514802375735,3340.790462453639,10429.88192774195,30.872423445736445,1
708.0,9.0,-4360.173902242536,2719.2734622495723,10316.843582314828,9444.343016668461,1
554.0,72.0,-646.3903504619743,-5138.678339428896,784.2174369718879,6668.277710052482,0
864.0,30.0,3072.955018020616,-493.6374354308052,2380.8613317840945,13435.59356195287,0
458.0,12.0,-1402.1878594929503,-16001.03438099822,-228.79972160457874,-14694.30812547238,0
43.0,5.0,5814.11874548192,9700.249884075056,-9449.756131145648,709.9881073949991,0
81.0,0.0,-2549.090507498926,-1952.9595175183595,11721.828324714495,-3250.661914355037,1
768.0,14.0,409.8565362901595,2700.337567996177,1588.0218906874281,-579.8674546161451,1
206.0,80.0,2085.5757385076217,-3565.0979283209185,-2134.251156265088,3838.2241592438704,0
25.0,49.0,344.05469396020067,2618.5925034920106,-7284.309916423428,9896.413282636313,0
911.0,14.0,4897.224397908649,-9998.273699212152,8058.940417217228,3201.9816816494563,0
453.0,23.0,3072.3781690093797,139.24923161685928,6593.657145960655,-781.8538067737936,1
932.0,1.0,4210.39753516667,6225.817373898029,-65.86015247588966,3921.8160088639993,1
551.0,24.0,-2593.9154298495587,6970.871798678472,2122.9195715429337,-8026.041519228782,1
927.0,6.0,1112.9920770571227,6447.36135349815,4685.6561942224,-5523.032996707709,1
284.0,72.0,6014.052929617295,-47.94945599333323,3109.987678628034,-3592.606221700399,0
223.0,0.0,4380.394042753945,33.183302404131155,151.8180928763279,8451.247609941887,0
15.0,28.0,3412.6479901559815,-757.2902693054132,-4151.870885567935,-14888.597416829409,0
620.0,22.0,-4662.506014394459,-2401.8581497425075,-4774.414080855891,-12904.250123471236,1
0.0,7.0,1139.0708665854947,1077.1964223416442,-5349.031692878501,1442.324194761023,0
709.0,23.0,241.88056063031235,839.9091487653666,112.83435550072954,8673.099044076529,0
293.0,24.0,310.1722813479398,796.7130435100391,11171.625238719318,-2172.233754183874,1
623.0,46.0,-8607.659701838404,-1421.043137200997,1475.6918164893125,1820.6834982199562,0
320.0,13.0,7652.350518650015,15.675015186058317,-2275.2987144129993,150.20051081201973,1
317.0,18.0,2323.115673167068,3391.5415642066787,607.744521713317,9975.566397837229,1
466.0,4.0,2255.9946884120636,-8860.584665726283,182.13108861777744,2247.1309522756396,1
845.0,42.0,-304.1716438571059,3881.7986380056464,4115.866607861676,-15434.034859496209,1
772.0,8.0,7200.282400183237,1214.0657129740782,8447.367817781802,591.0701687392916,1
463.0,78.0,-135.2734251507718,5993.882717811499,3182.075950134924,1061.9274454312574,0
824.0,2.0,2396.254067783553,-3029.7604072591225,-604.053236348382,-1120.6663404413189,1
8.0,3.0,-3710.378839402827,-1163.4180274349485,505.333187453376,-440.02265862502395,0
794.0,13.0,-465.85012788137055,-12982.39950754397,2741.0775450687274,-553.8674577421443,0
689.0,31.0,651.2881554695407,5944.940435878628,96.13640014796837,-5734.138818006999,1
460.0,5.0,186.67893903966637,-7761.022047458015,11591.58151186683,-4177.4837506471895,0
966.0,10.0,2148.9214589975973,2033.0268535521345,3339.212694042205,-321.569764856921,0
160.0,78.0,-465.2331488394884,-675.2498932338906,6728.828162343199,-5783.864639017738,1
862.0,10.0,-6543.6665064624285,-271.4548792446585,2827.0504183745397,-11076.616906766056,1
647.0,14.0,-111.16131597422341,-13947.65200995166,6894.443144590725,-4507.302438406334,1
852.0,40.0,11519.463916204493,-1718.9562061423946,-882.0833754020359,3053.262306404645,0
155.0,75.0,958.3861218200036,841.9735440626446,1987.850521218516,114.26620375730766,0
992.0,7.0,5322.136623864707,-4435.527623185355,1008.6618104479097,16431.24576229436,1
738.0,5.0,-335.9046503678836,-2484.0911249125147,-9606.201518552476,-433.1617062731673,1
382.0,24.0,1178.9799197934692,-3195.1555977554685,-8764.69357196216,-729.3585067153258,1
313.0,15.0,1.6923033828500138,20284.417784420162,359.17397321196756,2679.745683899488,1
611.0,25.0,-2412.1991885560838,5049.4605707338715,4528.053383971774,-5022.060718266752,0
301.0,9.0,2997.9420931376435,770.2482763325554,11993.054736705017,-372.33958067901085,1
501.0,21.0,13446.189471727492,6010.572965534026,2606.7995981606423,-5732.298298966205,1
760.0,12.0,11620.0742234289,-694.793896615741,371.36496972286864,-654.1064148532151,0
216.0,27.0,-3957.0115875805404,11240.337080470614,827.7384425759828,-1102.73410135192,0
733.0,0.0,3637.427581869276,2823.8840615738222,-5275.919910825554,9839.412301701348,1
964.0,0.0,-1393.7619651064467,-12444.247442804779,5628.284072550199,2971.1390343481053,0
512.0,17.0,3139.867654556247,-2255.7983377876785,11081.274178555994,4636.8618921552315,1
592.0,35.0,4825.318264110383,8634.280898806486,57.973080526993954,3833.076761954133,0
637.0,2.0,9463.041111948432,846.945682565853,3963.277126688876,1809.3435725016943,1
0.0,10.0,7097.932077278492,-227.59859695049494,989.765878333514,3508.3518934812887,1
142.0,49.0,2487.796964457398,5834.710887752327,-3864.8280001090516,-1439.3707280715657,1
634.0,71.0,5013.497796143378,3557.560056508876,2730.0846348497607,-1346.6406512015606,0
899.0,37.0,-939.34100574841,-692.4571347733138,9012.271876486975,-3990.84692351486,0
755.0,24.0,-33.42316520579266,-15316.442067868265,7155.447851987134,-5177.332874460308,0
0.0,6.0,3102.866540438221,-1117.1720692431115,2320.415830514271,-217.14448684174022,0
376.0,23.0,2731.2581600079516,4722.991107157713,1329.2258102452922,448.54053403061454,1
733.0,3.0,-11177.58679694558,-391.54971786274564,8394.007152535574,-8221.522599326054,1
192.0,16.0,2426.0995779573313,481.3205783738567,2295.313153399031,-5698.24043914853,0
498.0,23.0,784.468695453266,3921.488520013174,2609.566065610965,-5314.704469095597,0
908.0,21.0,2322.3915792986922,-639.7231477520274,8298.387547867205,4505.753732579476,1
713.0,71.0,-1152.1404216022477,-1345.1934922800237,-1563.082117345227,918.3317927154417,0
292.0,3.0,2216.904578451359,-1688.136069931692,-486.473830214764,-5565.6848387530845,1
687.0,17.0,3121.1333289794475,881.2087571010916,2143.260553177988,-2049.0235455765423,1
32.0,10.0,3335.9058036159313,9708.83250012448,5105.467665289474,-2335.388509287565,0
845.0,11.0,1118.561119670204,-1756.100438665629,2191.9797307109875,12387.571371735272,0
316.0,13.0,-9810.37856201706,-2524.9233618713465,1790.1178931893746,3335.427136609158,0
197.0,32.0,-15647.7615153771,39.019058892835346,2829.7957308774767,-589.7364044983894,1
654.0,32.0,-1663.1949921985529,7571.130395814913,3239.7706156525114,2824.8345389288697,1
300.0,11.0,345.78902903757205,3100.5736611564244,-3430.0229258347026,2968.4266809624705,1
707.0,9.0,4812.3667746159845,-2852.6644443034747,240.73553522573337,-1095.8201244745842,0
473.0,37.0,-3967.774462531383,-8100.7060105502605,6355.47306574639,4580.297517550069,1
587.0,11.0,1021.589551473214,-875.9833879609582,-11506.095061884427,769.8529234245793,0
548.0,34.0,-4367.801973485132,-2437.8497002901336,5529.104531208367,-493.4489267234169,0
648.0,0.0,-8594.340896787151,10578.30360297094,5668.278995090615,-1538.1078423737918,1
251.0,46.0,2759.0129359933576,3961.8798457229937,-10000.317669371,-3587.176721113625,0
531.0,20.0,1477.3784282734214,7180.375583479345,-109.0157493102879,-366.8228797881718,1
394.0,1.0,-4937.367026424041,492.8520269008854,2992.633356480178,-1464.5310828485617,1
188.0,2.0,1195.1132836158638,-886.5219779393713,9223.954861899634,161.2545206963648,1
742.0,52.0,985.8796638598144,-10183.179187800888,6723.415529188201,5327.231702311192,0
350.0,22.0,406.4246862840192,-1693.689082082461,-1880.5145107787068,-4221.119313113754,0
0.0,71.0,-225.0060533753911,-830.9148737998776,1054.8908793524456,-4426.725291622984,0
229.0,13.0,1416.832085577922,4817.009038626113,6009.144548804768,3891.4384964034703,1
200.0,9.0,2853.1494697864027,6857.4006591375855,-1194.2927547287993,-2030.5470415103482,1
437.0,8.0,-8716.477904093346,-13949.131637868892,2084.6890002666028,-712.150386976103,1
284.0,12.0,3200.4460540182117,1747.893349057524,1920.996015177063,9330.289025986953,1
908.0,31.0,700.8581108121559,-3587.6628627330365,6238.728879211535,-3824.611393345606,1
273.0,5.0,-4479.763590920734,276.0117620914232,1229.8742845563845,-2105.479065387167,1
355.0,27.0,-1700.9580142003235,1369.5434976010763,2236.338906902556,4275.848290255986,1
984.0,13.0,457.3998539838658,-247.229669404346,-2522.2193401220256,-290.8425172840748,1
658.0,17.0,1747.411450626582,11919.379578302587,-3481.353557113706,-12292.54251169299,0
734.0,22.0,3460.982668884517,-2588.4137039072994,4102.430675538955,-2860.844614925305,1
802.0,7.0,496.3050956056001,9938.582836577913,776.7997115668365,6115.677970167075,0
710.0,0.0,-5569.225182693342,-1571.7955282786752,2934.448390182646,3611.9360434783803,0
297.0,71.0,406.89453170291205,-6017.930444558594,-4129.7793487217195,-6338.185595629659,0
88.0,4.0,-1203.3832643553983,-3560.215737927828,4521.7358720547345,-975.5427553475733,1
467.0,80.0,-1118.8648777661533,-258.8825092972798,11459.120374167258,7880.321498641873,0
853.0,72.0,3991.030996889737,2979.4172099663747,1131.5404526438097,-5326.635730115776,0
819.0,5.0,140.08134905255065,-3275.2630799056933,10024.848653693805,-2530.491861633595,1
170.0,0.0,-874.698218191749,2452.089212209604,2368.0032183621056,-2351.180392172619,0
217.0,53.0,9591.925796137963,-13739.229680098537,8312.215168849896,8803.26031831638,1
67.0,59.0,5002.47455287455,-4577.270572290903,-123.09511249099683,-1756.227877443021,0
259.0,4.0,-1664.9958633329265,4077.7641326584426,1587.6314819635184,-8756.880758870951,0
831.0,68.0,2027.4882253288536,1048.0779727346317,-6616.724096134603,-1962.3549666231152,1
627.0,66.0,389.2968184414939,-39.71636350830886,-1321.0414713220403,2435.6974912641163,0
652.0,15.0,3859.2341744192927,3126.378302561303,-2032.5679580185554,-393.80574757170416,1
570.0,19.0,5043.663582556904,6105.874967737991,5784.111708166375,6426.98956508647,1
525.0,23.0,-246.9730549317702,-695.3330502906772,5026.372610951517,5489.518548075587,0
114.0,61.0,1939.5981148112514,2174.2772049266337,-804.8528669980176,3207.048582789478,0
767.0,20.0,-2051.0442167755637,2473.5385903934593,-1002.0128057377557,-11.304056386707543,1
774.0,13.0,3603.7685142325154,-909.865613092066,-1673.0441396486297,-3377.255019055974,1
202.0,26.0,-616.4247133951887,-2026.7052125419552,9429.802301119778,7244.089506452643,1
57.0,34.0,1871.7912298439724,-2939.971807788404,3228.647111112672,-1510.7916063409343,1
530.0,23.0,-1301.3703165439001,3767.830918924884,13963.586848642713,-2879.3879665955665,0
283.0,69.0,-2968.5731234890736,-1316.0377319060476,11625.601835373302,-2154.8707525695977,0
689.0,34.0,9911.832288183374,-2904.486522171682,1430.1587333194432,-9281.540454753002,1
590.0,11.0,948.4303724651177,2601.1563951088046,-498.3386277381469,-2355.278665659298,1
300.0,2.0,3378.3865869232964,9232.535111837227,1488.9944263625268,-598.712987144839,1
484.0,37.0,4960.255967608012,12230.161943177394,-10561.484781853305,-7155.726488950651,0
728.0,10.0,5772.098177466234,-2074.079178545539,6662.991942054232,-16321.710366320585,1
85.0,10.0,274.46705218673344,-10071.041484701556,722.363067741999,-2877.9669011713313,0
543.0,2.0,-4186.27036056301,-1559.3370282766355,4765.118261693085,10044.806430761953,1
623.0,13.0,-4185.92325019352,-463.1464999801411,8428.245306589104,11983.433642782078,1
149.0,64.0,-858.7205437181831,-3158.5878739649015,6366.15184152198,-2659.759078713738,0
417.0,63.0,-337.36535941420243,-1513.0850179642675,-3422.4030284338733,9783.74485902444,0
105.0,76.0,-4062.93120066924,10979.058655188226,5629.638567126605,-15395.516317556934,1
146.0,15.0,10730.99320395101,-3659.6471489373043,10443.859931514908,-16463.35958937905,1
576.0,32.0,-483.51290596386116,-2147.025261953415,-8312.404768131282,1530.5871148683,0
93.0,44.0,583.6061824339599,-6847.477592992382,-393.67425993408324,4071.110528291461,0
65.0,10.0,6676.720387153104,-3531.568059460322,1342.5951695993958,1296.4020276309197,0
929.0,11.0,-6716.7433988708835,4027.3277473735907,6598.912385252047,-4167.896124565659,1
442.0,0.0,1898.0138970072212,7623.452485438341,1458.457780355427,7820.164837482942,1
304.0,32.0,-1405.8341244156798,-1563.107479488149,-673.2267809730524,498.5693616531098,0
583.0,56.0,3459.0187236076044,813.5837861188788,1333.7990020785878,3629.7054575192924,0
581.0,11.0,115.4060326684704,-969.9917074748253,598.4997264183273,5011.7656999833,0
617.0,24.0,-1750.482760128369,-1462.4799592203265,-4420.594938486225,-3787.339130595422,1
359.0,16.0,9946.079425843041,5163.143786634861,9226.730519976989,7794.619366287229,1
103.0,40.0,2392.660666592954,-1603.5392036831186,1116.022657424951,6536.497748916314,0
506.0,6.0,1825.9661823140523,-4960.636385735626,1337.5542023960543,-15070.046812616203,1
0.0,29.0,10907.28808593744,-13441.557122453649,-1082.7428754417901,-1153.5638686151287,1
649.0,16.0,-3310.383014435987,4.03161568709163,387.8361254643389,-6105.7903198967215,1
422.0,27.0,2961.5098692386214,-3685.766492892975,-10754.317123721137,-3034.1119888158983,0
955.0,67.0,-56.03392794140032,-200.9227120831328,9159.822650295875,9394.879751540888,1
291.0,4.0,2922.3674799448354,5431.8899182758505,-4084.957348411145,-853.6127144393885,0
261.0,41.0,1542.5141031425314,1999.1050165770648,6894.848540858691,5830.332735023416,0
855.0,17.0,-4629.66764848986,2773.1631986427988,1332.1999777394597,-66.33946988615776,1
828.0,15.0,10730.637622054852,6261.2337338523885,1664.8042094836262,1196.8329424533129,1
472.0,21.0,8786.875786586117,11310.825089498865,-3103.098767328427,259.8606878209989,0
1037.0,16.0,-17242.237331503915,-4003.0498423690397,-1496.7988832329177,-685.5530367060835,1
293.0,26.0,1376.2235835327704,145.94764805825918,10322.160212543673,-453.1821556817315,1
879.0,0.0,4271.827693122646,-513.5616341394768,-2100.861335697856,8149.430556794634,1
141.0,0.0,5868.570946242148,3715.026441424425,-5976.480249225894,1371.325571147318,0
201.0,13.0,-2680.485892024796,-2647.6189085492547,-6795.825619602656,-18209.69741500765,1
787.0,11.0,-448.17365579999785,-2365.025917265486,620.0804811942319,13504.496012620446,0
444.0,2.0,337.2364192225234,-2299.5373875664113,557.768672061572,11788.090879951033,0
396.0,33.0,-3278.3773021582892,-5647.432030259486,1685.779506391491,-4163.493909756026,0
17.0,14.0,2041.9056073227002,1107.8108377688693,-3584.4381026267133,12010.380369951705,0
957.0,32.0,2242.523875700938,3494.019161082402,-110.13579161144116,-1774.5259059201248,0
111.0,19.0,1291.115686255774,-3776.9639204915316,2627.010152049213,2975.2428461264544,0
896.0,22.0,2221.0727406018914,8655.058364474206,1119.6188735498233,-5659.378818517669,1
33.0,76.0,-2342.379930396556,-7200.186324991648,203.7892808456782,1571.3134922460545,0
983.0,23.0,148.2481850832978,-11923.62415773678,6013.085182832708,-1429.3593695336162,1
402.0,71.0,-5826.71615665899,-1483.8906066525105,-442.5508611558338,-3868.3377539443645,0
261.0,61.0,2838.9111224937833,-4560.7167443191565,3178.578384880173,2024.5796418095429,0
950.0,7.0,-109.03447212080135,9359.55620526587,1203.1005123502198,633.0290793671413,0
694.0,6.0,-13361.66876806038,12424.91259600181,9201.702460043696,2012.665905483189,1
1047.85,0.0,3462.4893073903354,5715.426454687957,1167.0272772168187,4600.174163983939,1
791.0,41.0,2322.4692024278993,-3819.1253157327346,-1443.9725992121953,-16161.785597018523,0
493.0,11.0,4271.5359897509,1938.4935542319129,6498.594058906195,-69.27687790129619,0
0.0,43.0,605.8520230700908,1693.0652261491136,6313.5254928670665,-4982.099618414946,0
769.0,1.0,5657.8851835183605,-4477.99260235568,6067.625596520429,4888.509811208394,1
479.0,45.0,2399.3126855914934,3242.6705605125985,6191.649711175092,-3824.7700519785535,0
214.0,18.0,2213.161011486124,7540.086621789002,3934.7468005843893,-1731.848501787687,0
83.0,31.0,-769.8201364041022,-1534.4895512233356,5199.006334500504,4536.171654787231,1
744.0,6.0,1012.3582708042363,-11690.374163928034,78.05421352838277,469.28098674285957,1
646.0,34.0,-839.7215662579301,807.0068502270933,3246.666323464026,14303.97730136975,1
904.0,0.0,9190.915312055207,-769.6745940150004,2493.0292905636743,-5533.665679488072,1
696.0,62.0,125.79005035507517,2106.4303119595593,-8360.887789620767,-711.2166925759001,0
224.0,26.0,-185.97327259578196,6374.248805413897,1596.3853324055856,6036.874420238114,1
275.0,30.0,2418.212668254122,255.974816912837,-3984.4930757937273,-7864.085550588401,1
110.0,52.0,-4474.733289400736,3695.996178556563,6525.742421421501,6999.010077836667,0
480.0,0.0,3396.1243168588107,-525.6768228178641,-2362.4466933472872,-4664.959348209159,1
656.0,15.0,-7934.517421482357,6624.544349964006,-598.4552219425932,-18751.426574116216,1
436.0,15.0,-4751.23166014673,-2134.432730799737,1374.6418059347736,5658.177535286465,1
630.0,0.0,1266.522277145094,3495.1067887348845,5294.611045365967,5283.700758849875,0
174.0,73.0,1594.1326720206857,-1216.0995413156247,2399.9411089501627,-6120.006173345404,1
379.0,18.0,-840.255329518807,-217.46353759941525,-730.6143525709543,-4910.121500147793,0
490.0,25.0,364.5192829971555,1246.6993859862876,5527.214331437934,-3231.1870730531223,1
959.0,4.0,11174.145518966665,10692.444600954781,1261.5760611536712,-737.3364225762972,0
184.0,65.0,-11761.798353517432,-663.8549330081291,1958.9843872919796,2919.4437451942867,0
821.0,9.0,8111.4022768099185,560.1671367051948,9170.885272218356,-12054.602465342025,1
632.0,38.0,-4848.999919595955,8258.59144215844,2946.9170158672414,-891.1533299935769,1
478.0,28.0,9802.196162242488,296.3431085798169,4895.965279833428,2667.6083062755724,1
571.0,10.0,8167.946018481572,4764.776680272897,2033.6611433474877,-4330.476054865073,1
102.0,15.0,427.26966773951744,-2930.73419528088,1098.9166961743067,-2436.7701265049827,1
239.0,34.0,802.1062655211426,-9215.285555968676,-4905.779915457386,2869.2979252476093,0
531.0,29.0,-3520.950993750438,11117.057354059913,5518.918657662788,-9927.094608378637,0
344.0,9.0,-5326.570419492889,-3042.361786111763,6477.5991508201305,-4250.6956099928675,1
142.0,12.0,419.0011191949169,-1783.211517180402,10012.787147455012,1155.4767745362215,1
877.0,5.0,-6435.054253585186,-3214.379059953641,-5241.009992177142,-514.9090641168488,1
757.0,71.0,-99.83475838811228,636.2724523564883,1974.5714607995278,9297.748607065943,0
789.0,10.0,6978.733099707233,4716.400344204043,1842.1783863886806,-2735.4988481574487,1
159.0,0.0,4382.417677481735,2411.196121066889,7756.9965307875555,-1034.7389974209489,0
104.0,11.0,924.8342739034263,-2195.919435994254,-8075.802839210176,-18060.119866712947,0
687.0,32.0,-1068.2597439407941,-207.08424610635865,-1191.1184198501746,-3075.338177902042,0
189.0,77.0,2860.307621570555,-3630.309048894805,-6157.960548973197,-2987.372576629285,0
350.0,49.0,-3357.1846891341984,-3221.47220501828,-1597.1189177473407,5308.018166128141,0
670.0,3.0,-610.5067766716245,-1688.627469650682,4706.027755739761,-1551.8969021499202,1
900.0,9.0,-10166.281942344303,-2974.2859083899066,1851.9856201076836,-6731.412460485957,0
493.0,49.0,4866.376377068446,-10292.470749497286,54.34792276234165,5992.17870450151,1
717.0,8.0,848.321900943688,-566.9528905079337,2463.968306245759,-14358.092320261912,1
696.0,4.0,-1259.3313173493914,7337.424409306934,7615.668494768319,-5865.848782784666,0
763.0,11.0,2166.2768957742583,4861.840759373162,8229.810276049364,1043.5094887331015,1
818.0,4.0,-1784.241438151017,1715.599028073753,6351.676338440714,7754.546114826007,1
392.0,7.0,2831.315538582314,4583.324054754807,5968.86124392955,-2088.548497005256,1
275.0,0.0,2137.4469781671405,8541.963674709654,3998.3409130382997,-5767.046429883096,1
457.0,10.0,7359.099603307222,305.8932272532229,7454.704127639342,-13833.099863553494,1
768.0,21.0,3133.140219234198,3445.98713238662,7309.287133328565,-6560.0010664352585,1
173.0,17.0,808.1245179919415,7032.903579689812,6540.886402403219,-4359.40122761028,1
22.0,66.0,-3136.2661574122276,5148.6199005138515,-11518.827249713224,9906.537967849603,0
572.0,6.0,-743.915998841403,-11677.267715481248,11035.302848615644,7051.719675827019,1
717.0,19.0,9.09133018548276,-1201.0325977732487,2469.142106764005,-5431.687579569657,1
505.0,6.0,2354.638575853968,-767.0115024672534,731.1322931567701,11164.979176731573,0
782.0,6.0,4413.006696843448,1151.1138337595596,1928.0133777441074,2649.373945728823,1
542.0,44.0,-4113.234630505966,-2882.7630020408665,3463.193686809367,-3.9989156777532457,0
705.0,2.0,236.8906503463939,2996.956950051038,2299.474015058569,1129.200496279018,1
273.0,8.0,6298.177756157791,-2605.9564775585436,8519.126368603604,-1634.9610818558795,1
390.0,19.0,-2197.028376123517,-1924.902711468522,-1185.568179370135,1232.8344978600198,0
944.0,22.0,1854.8454011304698,5830.097170214924,-622.9856460550874,1170.7946921851333,1
869.0,73.0,2632.087876464256,-447.66930648678846,366.0951061109316,-4947.95184291133,0
855.0,14.0,-243.80150441560727,5089.473443777212,287.7879298327202,341.81120451199877,1
804.0,9.0,-1849.2511936051585,-4078.135138345021,9432.53282247937,1174.8299084613293,1
365.0,21.0,922.7772235848752,12614.973117122256,3773.6002807441573,-420.1827482222816,0
450.0,0.0,-5237.09947370372,241.19324760008305,-4688.58733582821,41.83794901845886,0
893.0,60.0,4626.584506575975,-2607.0740735897366,8917.399747117643,-636.9351292493037,0
23.0,81.0,3148.155967168334,1902.9065911971945,-894.6646676496475,-5564.109691454875,1
935.0,24.0,4277.433957936384,3350.644017130965,5623.154440065577,501.7495155741067,1
232.0,0.0,-14908.884377652736,-3544.5345283484653,-8418.668244740744,-13091.191122553711,0
862.0,6.0,2976.586880023429,-662.2750868068597,5392.557365456146,7219.265307887057,1
124.0,12.0,3794.6227099427133,-2512.3599316735435,1940.9379262199868,-3943.6471521912986,1
178.0,48.0,571.4634381925682,232.79810722110327,4240.266256485327,-7836.822678101256,0
265.0,52.0,1227.8805443691883,299.08526203787187,-1019.9582772971,1225.732654035518,0
185.0,26.0,-7497.7750286718,-3786.526056303589,2920.550010688388,2708.2869493705393,1
815.0,68.0,1673.2933971503348,-7925.682617002774,-6004.847849906915,-4110.706367888294,0
710.0,30.0,-15973.35795832966,900.7475790327323,1494.9900216282538,-168.20779580536987,1
132.0,3.0,2489.370007343441,3623.1843191895855,-1575.637128117762,7417.629760659854,0
358.0,48.0,879.5287725535754,461.8417755984503,131.10122585165007,838.7717691324729,0
689.0,0.0,2675.4047470352834,10943.104858264114,10337.657110630633,9.343366284959018,0
97.0,15.0,2409.288590280509,-663.2320697665587,8309.00943037111,-2969.1673262883014,0
395.0,82.95,1146.7002124184546,-9449.61437081022,9769.509116030396,206.94804480822177,0
778.0,32.0,2553.7176658638464,15396.555859909726,528.5487274186065,-8151.497512613989,0
42.0,82.0,-512.7804878352617,6333.619931141096,248.23000049628365,-683.6845337018083,0
946.0,11.0,171.09337161653684,1294.2490959756806,10895.575324518923,481.82785339799284,1
1047.85,5.0,5772.857016449048,8693.4110509292,-1729.808728283846,388.09310599364153,1
713.0,32.0,5783.576951501463,9639.340740271635,11586.402167278155,-3443.399551362035,1
673.0,28.0,-1999.6302801881525,12841.87603601398,38.16013970465133,-8559.10002865782,0
186.0,1.0,-38.15147282568233,-828.1570104322138,596.167518399784,5700.974180799891,0
357.0,42.0,-165.83824146797815,-15038.838373044546,4186.774310210037,-5874.507908009323,0
125.0,68.0,3010.583834263314,1861.7384747896408,-4354.375724084823,-4440.266777427107,0
320.0,8.0,716.0261368661245,6147.514250034376,3046.1163949604183,-2377.4627233656306,0
196.0,8.0,2314.8359004805216,-14106.887360912606,8314.262887949959,-4384.4072752778675,0
622.0,16.0,-4588.142931649834,-1497.8617715783341,-862.1272563953902,529.3836786374623,1
984.0,9.0,1121.2515902735192,767.7507428776607,9211.89798186183,-14649.160173997567,1
829.0,76.0,-1304.8625423772119,1397.9945573635139,6402.520831022891,-3749.0298491781996,0
866.0,22.0,-195.6423493792197,6415.293660539728,5368.700277402653,-12695.419987422909,1
854.0,15.0,3214.6030268093773,3926.665585282613,146.02917390639072,-1433.9978261690758,1
451.0,13.0,-6127.382114132137,-974.2700297494562,4183.502260136226,-1635.8661869984214,0
446.0,6.0,2357.1770687242497,288.76523966866216,2340.278493791691,-6456.922025468396,1
163.0,24.0,-360.4058484789232,-2034.971916899309,7696.211688180707,-4036.8543944927032,0
132.0,31.0,477.7268730842626,5159.988959412669,4022.754455125675,-16076.188519931635,0
825.0,39.0,-2034.6384897490234,7723.583563214839,163.29335330551623,-1789.1282261302354,0
817.0,19.0,-5500.7585156655405,6159.579908726232,-1985.6034610542195,6237.814954426298,1
741.0,2.0,-658.0833660998014,6623.1186252504285,9374.000002010871,-2236.3996007191136,1
444.0,29.0,139.11272566984894,-82.17601531081527,3171.7396363460794,-1918.999288137432,1
671.0,8.0,4121.567129605893,-511.5179396888187,8314.031702932953,428.21927342784966,0
472.0,45.0,-464.58509824415677,-697.4808680254641,-1128.0019933134638,-3774.5255268585875,0
278.0,5.0,-562.8224093585736,-621.0088385442261,-429.0677244868234,4236.773177858839,0
85.0,75.0,1444.4066090918502,-476.6697520425996,584.5270746060307,-2144.9456824635117,0
327.0,74.0,-6023.059272540031,-8296.558439062565,938.5772907904542,2171.2297893288423,0
351.0,69.0,-9832.368688816263,4290.306797043095,4583.38402789857,-5378.9045114945275,0
597.0,24.0,2641.451568337676,-15326.526045289304,4710.286356004754,2162.0762083965433,1
976.0,44.0,3189.4116966704514,-5693.565817952282,764.921880565428,9536.324951065162,0
959.0,31.0,-1198.98571111906,-548.3355694748766,5086.641431246809,-128.57353141867293,0
558.0,32.0,3844.2657098995273,-1722.760296629431,-4850.094214585635,-11889.89058068531,1
833.0,39.0,120.11058937584994,-4397.599852996563,695.7626059304843,4231.568017675837,0
5.0,1.0,13581.955700995914,-5661.4150933072215,-2634.437027953575,-14251.41171153506,0
671.0,12.0,3452.916870643557,-2582.7430591388616,7961.464486885671,-621.6954987393742,1
765.0,8.0,-497.1232539969278,-451.4148957437296,11198.271156158045,10784.453161514397,1
22.0,36.0,13215.21357339737,146.94237258930116,5348.444286229789,-1381.2884081129646,0
773.0,14.0,10918.729692645717,-4463.157789989516,3178.24320021066,-5002.168249012791,1
675.0,17.0,2826.870709085041,3456.4908387722267,666.8935047437141,-13894.984767342008,0
538.0,68.0,2573.6749721587535,6520.207275983763,9216.908657663085,-809.371840501683,0
1044.0,65.0,3904.493212374957,-2452.4468600693135,2028.8713800827777,2842.3523998837163,1
646.0,35.0,-4467.361947477106,1099.148013530259,6596.818977275681,-4341.398058185914,1
527.0,13.0,-2851.3147033143246,-3576.6963991116336,2858.1623964803825,5812.0935334477745,0
507.0,64.0,7404.84901512329,-2182.216738393016,-7885.239651163817,-3175.4831493793986,0
335.0,79.0,4167.634814239981,-251.89927722923306,3968.4306315755875,4295.663630439374,0
557.0,23.0,-2440.6384197367856,-2873.315160049864,8631.701228961148,13760.642879426438,1
940.0,0.0,-5576.9558557056935,584.7149997295855,3776.4543071054613,-2225.5758191230498,1
457.0,6.0,-419.1420647468148,2042.2581814851878,11339.581341122946,-4780.0633538047105,1
973.0,8.0,496.4988573538826,-936.0875227014874,-1115.1160641590889,-4596.099377479462,1
152.0,64.0,1498.582566492044,-1365.3563285143427,-395.397271861548,2530.7186647499975,0
487.0,15.0,2250.1334409618094,2139.971251955867,2905.1121237898356,-6441.453884425347,1
607.0,0.0,1083.9335965109578,-83.2955296698828,3409.9320174105806,-3366.8530128270427,0
604.0,33.0,1377.0612048714008,-9800.910827627114,1070.9846905987442,3843.5081821732165,0
169.0,13.0,380.6412505993814,1563.2017701656002,7232.147151765578,-14176.177653551946,0
728.0,19.0,4278.335471913157,855.2613404200806,7379.714711182122,7092.808974358351,0
818.0,48.0,-4842.575528917697,8982.903516679597,1015.4505382185561,-1586.1833741282794,1
487.0,0.0,2325.693977041384,8759.175424571786,5163.887142197764,-1577.0377790466491,0
384.0,31.0,-460.6250494998856,2676.454736643105,29.770953758083124,6434.796137580278,0
559.0,43.0,46.330810741709584,-239.0274180972911,2491.7350075621684,-14957.34501366014,0
17.0,23.0,-10778.432556714655,-5567.952655887619,-1409.0096786231388,32.12259366463286,0
957.0,18.0,855.3484637197164,5427.264699270393,-6959.46066681064,263.106550315909,0
209.0,36.0,699.6159205985407,-1112.5961721866122,-3547.2931252522176,4333.992001058568,0
810.0,5.0,2076.250885321837,5899.009201272364,-611.6322491696949,9535.796850306198,0
813.0,66.0,2986.205507641617,2713.8306644677,3350.4526340798634,-76.30633473547823,0
633.0,6.0,5234.696070699132,-894.5426887286967,3951.9770606707225,7678.012767121581,0
473.0,15.0,-5459.537720037224,-1546.7081999737395,175.2523609126647,-5559.948584992844,0
374.0,0.0,-878.1639876582133,875.8197485096346,138.93070078409286,3027.8755105609766,0
493.0,0.0,-273.4117884150942,-4158.91522720568,-382.17851268405343,1928.0168735651573,0
153.0,69.0,4116.172558932843,-3285.9889281675723,5588.891941020092,-1388.4834898680738,1
714.0,23.0,-3824.615606370282,-1310.7687832860192,8188.562380350189,-2183.0584690753863,1
728.0,47.0,470.0172259395056,12181.879130688953,8794.173319303707,-1232.9423607295103,0
820.0,56.0,1945.9674590238153,-12787.72382791369,-138.45033419450908,708.8433644954162,0
656.0,25.0,4195.8906162384465,5093.310772324045,4448.1998326574485,531.7505998425193,1
342.0,0.0,10774.737528963744,51.75172155086602,-292.63398125482854,-5317.293368012233,0
39.0,47.0,1470.8636592177638,1745.1882522420947,7265.065572583508,-52.925525990290566,0
0.0,48.0,2733.4158762711377,-423.53678443379454,-2329.8227552874896,-4825.556715027224,0
975.0,74.0,4393.130030762824,-3010.510384285843,8841.24336709321,335.78821257548907,0
162.0,0.0,159.42558254263668,-4138.525235442759,5271.928110473786,1089.6488367068546,0
982.0,51.0,291.23427352316173,-1333.5871769605237,-2969.830322096179,-948.3489869257965,0
760.0,5.0,-2438.3906926849886,323.8259638567033,521.3403873147248,4314.773617731559,1
25.0,10.0,-337.0168881989639,3872.8595518379548,2121.2445827756696,1399.3907288735843,0
145.0,7.0,-2687.2058765308616,3657.8200392913723,1371.5015924048776,-3146.4216503858647,1
384.0,0.0,6521.579550621442,-1331.2386234252647,2605.479720971875,-5271.012600969617,0
719.0,32.0,-2871.357007261955,-2445.86914299519,2349.718514270434,-1109.4442488507834,1
882.0,10.0,-4604.3924273726025,2562.8981831637775,11078.661104676925,-761.3745092210389,1
387.0,10.0,2676.950879836356,411.0285726887829,1571.3637855030545,-2031.535056909444,0
809.0,74.0,983.1355058169238,3192.0641549823977,6360.858639076332,-1209.741496572205,0
987.0,8.0,44.142788899032624,-708.890311472373,-2236.692318258946,1018.3114933270908,0
924.0,2.0,11984.064332774926,14169.716257138305,2979.342719141164,-4749.248379395347,1
728.0,0.0,-7522.829221785558,4433.276418116001,-216.27200100035924,8746.030490238918,0
894.0,39.0,624.7500245707083,-3925.5117530236475,-4871.272054103116,10558.742979692326,0
627.0,19.0,10728.719530713584,-4585.876516700206,6378.656320309053,-588.3130177797593,1
771.0,22.0,-6489.241313618448,8967.243589379534,211.37585799613845,-6472.577140468169,0
780.0,0.0,3533.83568475797,504.57333836645034,1207.7381932389953,2240.98846712441,0
892.0,0.0,-5244.134048587879,1389.0372547638117,-168.60796658568734,-1871.4491835687513,1
49.0,15.0,-2044.4398156502268,-3263.6923636035413,714.3884854493238,-14294.88305424081,0
369.0,0.0,6676.847083951126,-196.4069245629521,-299.8099030656238,2011.3396790008342,0
187.0,14.0,450.1089599717284,862.2797631274226,2519.1445733888445,784.0293646442251,0
757.0,28.0,3542.6535586976643,1488.1469295792735,6288.2304862163255,-2809.063310629705,1
911.0,53.0,6410.873486191718,1268.628181011566,3366.965319822755,-5725.485809495671,1
576.0,19.0,3008.0850691104497,5628.582612136355,-1842.7444201547119,1284.517511037196,1
252.0,7.0,855.2007595520088,-256.4688357592213,384.84186173779335,-2067.9293985278478,1
480.0,30.0,5403.934547745811,-3110.653807833418,2866.630492062286,9198.532687127856,1
756.0,4.0,1182.2690124987248,-11708.407352219827,-8633.153413217711,-1014.1547548426493,1
998.0,4.0,1975.9185349875825,-169.59560038442532,2849.9412678953468,-1290.8025087729375,0
213.0,17.0,-142.27450653854487,9630.163967308019,1695.2475439176567,1743.2437962429763,0
283.0,57.0,1491.7783203750412,9034.041915610758,4320.06200578397,-817.0799623415836,1
953.0,19.0,-5028.279704927723,10408.820486789082,-4287.443091527792,-356.1562060107358,1
355.0,0.0,-1804.1150494944934,678.248715734605,2435.093052371432,129.88971949024244,0
1041.0,74.0,1475.3721715164033,-4273.965763373822,5327.240794029825,-1494.5640436293293,0
750.0,25.0,702.341903578667,6101.76288494241,-294.87951095518673,1118.1550748483671,1
630.0,56.0,803.7848393382557,-324.56157778921266,6997.708615118517,4142.111364568347,0
1002.0,32.0,5213.596826766653,-211.58962393318052,2936.8914027124965,17016.48023748347,0
538.0,33.0,209.3298027123809,7168.282002253861,1575.247592310308,-5943.94728440914,1
171.0,23.0,1947.7896453246271,3980.3345919611947,3553.472333211681,2746.784362381809,0
633.0,24.0,-102.703386838553,5672.663817274776,-4305.715737082854,39.076461230468965,1
855.0,30.0,-502.0006410143523,-11508.822780341165,-302.3373207875579,1609.9212615368865,1
994.0,66.0,-2726.375169427904,7324.7466777258705,-5603.312695461734,-4919.909464817378,0
317.0,16.0,2547.777331027404,5114.056614776744,-4.562983248335939,8553.991264904591,0
429.0,0.0,-42.38696676395202,7678.402878969229,630.13432676094,-772.3701485923432,0
863.0,25.0,-1430.5044155707383,7774.542131653824,-7540.615586724689,4530.286990562152,1
194.0,19.0,4657.146348581821,-10546.820349309268,286.5405800565301,-4191.642205791724,0
162.0,61.0,4341.420245954709,9317.62589686096,3961.1419372971923,-157.74045270906913,0
473.0,12.0,-12352.832490439101,-645.2913424360081,3062.848958896616,-1906.9223935066452,1
694.0,51.0,8720.006580858619,614.0505089350152,-3658.1917396397457,-2155.2337401147993,1
58.0,6.0,55.78154800763582,1727.7702903105244,6375.229911720346,4289.492539033672,1
287.0,0.0,6870.098855761241,-11822.328887623953,-8164.744663200933,-2219.104293412485,0
181.0,32.0,3254.9089632255937,-602.4902340955011,1758.7640124086888,-16668.032146074052,0
240.0,4.0,5393.637343840737,7563.738584406623,2075.288541205216,-5639.685705647904,1
583.0,0.0,-13440.529741111943,1347.927020705679,4750.198888059314,4856.786427948703,1
805.0,19.0,-197.33006943313785,4629.941817586434,-441.85969202542606,2788.977191944158,1
403.0,31.0,-8185.3173379607315,-4884.877639569084,13158.091001950152,12974.177940826503,0
373.0,32.0,-2992.1184643349584,12485.606195284096,2768.766279349723,-248.4327554233456,1
701.0,49.0,70.2426490155649,1621.5374791184452,3181.2072248861805,989.1573238887756,0
875.0,66.0,3026.4851862260534,-3096.609033919697,-2370.283617269734,-3921.55450115278,0
531.0,27.0,-12705.87162586248,1314.474686070939,-1344.310506825534,4585.1492706078025,1
416.0,3.0,3221.396046771715,9630.039156600493,-384.3287571718306,87.42476183171476,0
586.0,1.0,-34.54795441625242,-3120.6558220919233,-1665.0111459630268,6519.229135509703,0
129.0,10.0,1054.1108850336839,-212.5258802979186,9704.265178315924,3268.1368221721286,0
74.0,8.0,1851.1456429269977,-254.59977646717965,6411.629218247477,-1070.943486879687,1
880.0,58.0,2047.303954483912,-1455.9353284833733,1393.8574838749298,-538.7487746521718,0
249.0,13.0,2003.739139229122,-3456.4641077969336,6697.5011044702205,2774.664262945231,1
727.0,63.0,274.5190286356783,-6336.32463807609,10023.201601109153,-351.5113700643749,0
685.0,8.0,2691.416183166625,-1270.5153389997927,2168.997497836695,-1969.2565001294738,0
317.0,20.0,10897.061952221,-397.0852050521543,-102.91129469390896,-3351.1569147526643,0
0.0,26.0,-3686.4394025900806,10041.376770611565,2837.4235052925283,4706.905849800196,1
430.0,23.0,727.4315771541628,10705.838607430687,1163.2467257088651,-2389.303810891532,0
551.0,5.0,1250.9149820104435,-1004.7696123659971,2261.3744545390828,6079.652146651431,1
503.0,28.0,-3268.8025337536255,-251.6063676139754,10175.733199219681,-1477.1069460004728,1
788.0,0.0,-695.8918634995023,6355.177517696198,2549.9726621110676,194.64697062499283,0
18.0,8.0,-1568.0915731356763,6931.056452759973,-1372.145356841097,-5619.460841494834,0
297.0,37.0,3472.689147451162,-3898.751335865803,-199.5588103597072,-2880.100381490956,0
939.0,75.0,3136.237244524104,-7545.091194492927,-897.0130732043315,3116.442645308609,0
574.0,31.0,-657.7962625796827,-3952.6593128531285,1395.1722294990182,8971.548587624831,0
628.0,63.0,11448.253806588948,-5767.837882923273,255.84085456284066,-4522.453690240902,0
366.0,37.0,-9810.967012470595,-1650.475140418063,3226.7699618604347,-810.5607112302092,1
658.0,25.0,10513.939963142724,9704.992577599845,1118.743899928696,1625.7437896591941,1
708.0,30.0,4641.6384215205,4724.668874659767,3569.70939421568,-1853.2835389465752,1
219.0,52.0,-3222.8218121838036,432.899581242337,7999.384768716483,-15216.43630621962,0
406.0,0.0,-9353.2458869022,-5658.922235607213,1838.4291716876328,-1407.2323826359889,0
548.0,2.0,-961.9230241512043,-1787.9072631647864,10124.068411733411,6208.116592053193,0
909.0,33.0,-3612.9197967296914,3117.686618931446,1608.671992744625,6779.532790870019,1
681.0,24.0,5247.426501457316,5294.3856078737,-238.95059828781677,269.7554928121406,1
183.0,24.0,-257.80806921040084,-1084.2840707171842,2172.070881234996,1730.5388124687602,0
833.0,56.0,-12503.581803811066,-2565.408454979174,2074.9028382077913,546.366025835584,0
562.0,75.0,-781.6803673354314,2125.3990010646567,533.4184463899734,-1260.303582147012,1
775.0,38.0,2079.8310439399643,-291.4197609348255,1322.7546824377596,1009.9360955548368,1
737.0,24.0,4692.232504882692,127.27893172415293,5623.882132212834,2419.986957785821,1
0.0,0.0,-2220.3383215669937,1260.0092470181578,4539.695748425084,6353.618166471585,0
101.0,3.0,5713.11856166329,-483.31226115029216,5989.3208936931505,2189.4233958467144,1
993.0,29.0,8870.161890573496,3112.3023720063297,9781.763297288771,2742.061086977079,1
923.0,9.0,3240.7392441072943,3744.790476887293,4118.141414868986,-15225.912396424781,0
367.0,29.0,2678.1288907601233,2924.9457139888664,10200.747067968856,-2388.528483095794,1
790.0,12.0,7041.863788861274,-7123.681922538397,3146.0535592003207,-5063.01608987024,1
953.0,5.0,-116.93210626717155,1886.8641390599394,-766.6796606698508,8316.620380142118,1
303.0,0.0,4160.442870102055,-2085.1914684054796,4879.282814168519,-2035.5061308554405,0
182.0,15.0,10412.958830584259,15956.585094354135,-3064.6164378470703,10562.683761304119,1
512.0,17.0,990.7764611403168,-895.9368837679112,-12792.042388862454,-2069.642288522079,0
964.0,29.0,4175.539775595906,4635.960811303034,494.4587790135665,-6437.627523054542,1
226.0,4.0,746.5066087979253,6505.04286328117,6041.6625295591275,7306.440579042727,1
145.0,28.0,335.8485962477905,-4810.981781095177,4389.878442377525,-4154.8002251010585,0
697.0,14.0,-1357.7716189546181,385.89507700457125,-229.31223901706164,2206.513920018315,1
448.0,10.0,-435.29716785504775,301.6185772626677,2696.0514126717335,-8719.5031442062,1
205.0,11.0,311.6536949120077,12111.264761683115,4415.312019583245,-1743.683268861655,1
337.0,11.0,2263.4120581649217,6997.926588377222,-1552.8242744607435,-7221.740955592701,0
454.0,15.0,3298.0710876759676,10381.305223798803,-2021.0477396062552,1756.1987069698948,0
435.0,57.0,41.15651065207544,1077.9983077971965,-1677.3052022039706,-2670.9418833991576,0
951.0,20.0,3.0946756027483957,4294.5595607883515,6294.55762294465,-4534.567535153961,0
82.0,11.0,3197.178024945379,-2177.8522836236057,-1316.9642565632744,9839.682586667252,1
268.0,65.0,8501.197120794159,5551.516375573414,-4881.8054530406025,-4379.932740489321,0
512.0,15.0,8091.791416367327,-1259.3462336844805,6626.994175451887,8611.204665971372,1
684.0,17.0,804.2579489793079,4510.023438918312,3629.135558425006,-5792.972731000767,1
685.0,43.0,3806.877237767234,-13455.726404549478,1023.4722820476993,9063.714835234974,0
686.0,16.0,2748.9376727629724,-1314.4542121429326,9232.706758944187,4397.603011785885,1
0.0,34.0,-289.8234371776134,7672.364655590502,10445.266546680574,-535.1153252234649,0
523.0,64.0,1113.0499252797845,1937.462334669287,3939.7459362275004,-5919.712866198359,0
925.0,34.0,2429.6109418278993,-1180.0093080943338,-8335.087486862156,3709.351277963927,0
0.0,15.0,3091.5540861276386,4637.251007909062,2264.123931401741,10305.431420296747,1
634.0,26.0,-7060.205764015642,-17128.84275310063,-172.23655054169865,-2001.9798371194438,1
849.0,66.0,1000.0262709412522,2041.1507583636878,-575.9196508204691,33.28311375606654,0
721.0,23.0,-10446.786319738258,-7131.328993970008,9862.902361472663,4163.888934274594,1
103.0,76.0,11420.434743286236,-693.4235720610118,-535.3011074970386,11772.70825329378,0
246.0,28.0,676.5317133976047,-234.27698632073407,3623.582827188743,7245.7002582388195,1
574.0,2.0,332.10127612318263,2090.50041143343,-2184.114661698529,-1986.4951950760492,1
236.0,15.0,-1616.8317395534457,664.1548471390767,3132.060284322568,-1624.023418936969,1
628.0,33.0,2393.4541382152242,-4837.1645311817065,6046.778172782339,2148.0201474819746,0
102.0,44.0,2797.106070218624,11417.755860197032,-925.2497175715794,-1003.8151861610962,0
468.0,0.0,804.6708840379008,1686.3338423899531,-38.91041996526437,-104.45677596801693,0
564.0,2.0,-3648.6125538192064,918.6391503624596,2996.0644557420846,8982.988917523962,1
822.0,21.0,2445.1896206852502,-7432.365013908719,1361.6723320742303,3348.1753308393218,1
1024.0,69.0,-315.6556398432348,1292.0950394638728,6824.511327079801,-3007.6419883421654,0
450.0,20.0,1266.2979342251258,2132.7022697098364,2747.51314658265,-2422.86874935764,0
880.0,52.0,238.45271808146936,10977.70844743729,9816.52532171717,5291.529387038632,0
0.0,12.0,423.4831439276568,384.07341510897913,3182.8971220612484,-5819.109752892635,1
14.0,64.0,625.609516661184,4167.473610458859,7990.216826164042,3756.9154236743852,0
56.0,17.0,-3587.9799960641735,4401.1691917314865,1826.048488591408,-4408.693838223048,1
480.0,36.0,-176.86645651898561,1267.8748695495408,-251.50795579017972,-4422.31085961321,0
207.0,10.0,-3003.0501385391117,6315.432709642736,4150.284562291683,-243.15515699051355,0
458.0,8.0,4359.500284990441,14162.259506977696,2255.669948017903,7677.482493754642,1
476.0,0.0,832.1098285255607,-6509.631855802502,2994.203986392816,-3593.90764065605,0
553.0,7.0,-116.47835829468124,552.3150746464083,-1527.7843799959746,-308.34985288083294,0
772.0,65.0,-7201.180141905593,-78.54017805778221,8965.683406843025,-10435.908471447436,0
475.0,0.0,5493.9682822089635,4958.259894090324,2062.5230296271084,8967.138744629483,1
734.0,14.0,15514.095604679482,-5540.70860524666,-1577.84608741913,1352.3374544200656,0
847.0,9.0,7521.626160754416,7211.730052151268,2756.2536379153407,-5087.427892767572,1
439.0,0.0,2069.9730374593955,5231.569809517732,436.5698828311871,1836.0078705159935,0
476.0,30.0,2792.0599005272106,-671.036785788976,1105.8984951093275,10126.049111286186,0
230.0,60.0,9881.996666565909,649.4433731195091,2557.3924684016174,7692.162175521213,0
176.0,5.0,-2428.8103419147787,129.09346509287116,5456.7154903209985,1418.5643653461743,0
699.0,1.0,2355.351687883679,-6921.872328491201,4731.970755165057,-1613.5625858089577,1
603.0,9.0,-4709.810149599548,-1366.864599241626,4165.561930196112,-1048.6754699883138,0
804.0,24.0,2947.742747399804,11801.942640520589,1083.371287085774,5177.683578181883,0
552.0,23.0,4196.482541087844,427.3723894132519,4078.883275078503,-1027.347713951627,1
643.0,1.0,-4008.4152241749152,372.6174698529044,-4498.41607653505,-10210.814643239075,0
867.0,11.0,-6605.575038457863,9438.355548369616,9235.22610048024,5711.494900209157,1
445.0,47.0,1900.9016106723147,6285.017998946166,7636.103083629281,2714.460256795516,0
7.0,0.0,3697.0850893210436,987.4346335214586,5155.976589424413,756.9721273273567,1
162.0,1.0,-9286.79528919808,-3264.9170017393844,728.9156461205039,-4107.635777796973,0
359.0,16.0,-1102.1945091641676,1374.670283342714,-1265.5926350577454,768.3410423100921,0
665.0,38.0,9489.029097394185,819.1511664357189,3964.850185627596,-3412.1304540690307,0
847.0,30.0,1727.1158757273033,-378.6981778745321,767.4282278371885,-459.1080107146686,0
620.0,9.0,396.52384843878554,10602.862783112349,2772.525123943152,5595.5593410462425,0
67.0,12.0,442.5659407196946,8362.27123967727,367.70768187105443,12310.66670256649,1
859.0,11.0,222.47838452525934,917.5476792181282,12211.44870903074,-839.2000998715654,0
232.0,18.0,3853.529193823887,6429.172167250783,3474.9376129371717,1387.6361823091538,0
688.0,15.0,-376.32696419636864,3484.8038030785865,3357.460918342714,-1928.2202776995173,1
425.0,37.0,-2381.5356607133945,-9503.832016456168,-826.0634404236993,3612.7706703523727,0
277.0,37.0,2190.3100781761523,46.19866583950403,2949.111966177422,-128.18404969742824,0
1022.0,3.0,-270.28611224810356,-398.39016777131474,428.05562360365724,-5175.220773347692,1
380.0,37.0,-1364.1808584465675,-2621.8622079524093,477.00544504294015,-3816.69476704118,0
335.0,52.0,2794.6037002186163,-12190.900786981832,107.31727113220902,-13986.96062032341,0
430.0,77.0,8844.996031976612,-1326.7768427374447,-7971.106622147204,-1055.5044371211798,0
343.0,68.0,58.137941496306766,520.4516202146488,9301.490240545316,-1672.5201142584242,0
202.0,31.0,-7489.614895306859,-6981.832150003065,-10886.74999641825,-325.4539774364182,0
62.0,70.0,1223.8017695828419,226.53373036478231,10515.554793927819,-3733.465566276069,0
474.0,0.0,602.9343113234296,-1264.6853324410356,3112.7755441757763,-5081.417304414512,0
684.0,4.0,2651.658149421134,-2027.6091521284147,-888.016038528782,-8212.146838620916,1
321.0,0.0,8840.479648031667,1221.7988776970665,-1242.247845178559,-11012.875379911973,1
404.0,9.0,698.7265799575075,1412.8781978069462,11281.107661007634,1294.5288411085166,0
869.0,71.0,-13257.850407211721,-3543.793196562749,4002.2023168786013,-2108.831564282735,1
244.0,73.0,-1731.5125209805854,8470.757250793355,5046.511113208032,8168.703352305468,1
95.0,48.0,-4957.840067336845,-12416.626237658405,-2961.5767103198286,-5264.305809618632,0
740.0,15.0,386.77315058945203,5067.835097024445,10137.847314689416,9605.428487440586,0
944.0,6.0,-2979.458269022636,-1113.3775030919116,5645.581815163215,4711.991557244644,1
92.0,15.0,2462.1344445996774,423.18304234135235,5104.721724463899,3151.1687643428713,1
1038.0,67.0,2271.6118940719925,3984.0986489422794,259.7750901335158,836.3196182456804,1
60.0,26.0,-5790.274036723244,-468.62567142367857,11719.612808742366,2405.8557459358235,0
792.0,7.0,-3170.186550479346,108.09756815448111,-1952.5373520989178,3299.272078336645,0
192.0,10.0,-1674.8102307890297,-14908.34950632905,-268.24016098402075,3956.551912389047,1
580.0,0.0,-1659.9394102976685,3792.329360106216,2785.774552159603,7299.401640012846,0
936.0,27.0,-2104.584187272073,2676.6930132663347,6253.539874012706,1960.7938586933865,0
275.0,14.0,-693.9820060223306,-5347.90742469675,9800.733597091486,-17805.42063412598,1
676.0,9.0,-290.79950211035975,1342.4841849847294,1003.8840292541413,-9908.858599933028,0
526.0,20.0,-87.05651507680639,-3190.5602802028397,10581.560429383559,-5628.340168399348,1
838.0,2.0,-373.79461584758576,-697.8754209768103,745.275051752083,1297.5941123979724,1
491.0,23.0,2318.513171296777,-886.1885112126336,10892.319229217206,12326.471930518119,1
478.0,68.0,9587.07280341667,-18644.28937162166,5482.061234143719,1915.964429708345,1
842.0,15.0,314.84144792483,-993.3094192481722,2245.6300117706974,-2240.2313973585583,1
915.0,28.0,-302.13778461329,-2402.73888339095,-6019.657957819225,293.13276311583877,0
738.0,23.0,2348.0644298444945,5266.148172523748,3196.9396761916137,1339.6114050416995,0
219.0,1.0,-1611.085815469657,-3089.2333064373024,6743.608199146364,-1006.9078268769173,1
150.0,26.0,510.904806361703,10571.536693644908,947.3700448376528,-996.5615833328238,0
842.0,35.0,3142.298117170533,10445.336177513047,-1836.636165964742,1765.732629536858,1
596.0,9.0,896.1472015665279,2352.258179390873,233.66505290380223,-10134.046051705656,0
837.0,9.0,2415.96001506135,-3388.145008251575,4651.476837324581,-1234.4032770609892,0
298.0,4.0,2199.2844612678346,-7594.035296413178,3137.383705051428,6679.34194287958,0
420.0,27.0,-2248.5800613943147,-6113.714537012318,1103.6456181434826,-2649.341775422973,1
41.0,21.0,1.7597645506325534,5570.395949143393,336.42247351631624,-2714.897746639263,1
283.0,30.0,1545.6268780746846,9693.353667379615,2466.769337881772,1602.105201040401,1
93.0,22.0,2310.3118950481116,-3043.947385516216,-3066.361814484844,-2265.4393048317484,0
705.0,5.0,-262.98094875152515,-3570.3672263599365,10575.952848622224,4980.26001826442,1
852.0,23.0,5525.041072155629,1593.772719011427,3204.032913392787,-1421.6700684340703,1
260.0,10.0,-3468.7570027176534,-6721.082931915664,-198.3569159187237,9307.359971438176,0
194.0,4.0,2777.3486510796715,3741.7524607377773,7131.161935402484,1286.6288442223959,0
97.0,48.0,7427.731660359877,-10491.560955180907,2040.9356967709446,-1167.1268608340338,0
537.0,69.0,8329.296430043689,-6296.836871132574,67.25739047064971,-217.14491668778282,1
43.0,43.0,-1550.0019226149316,7068.905297157378,-1351.918942984713,8073.229013956838,0
438.0,4.0,4395.146233025661,-2763.4203833108404,-113.2819470436994,-776.6191235065583,1
314.0,15.0,2296.682032836252,4769.755807523692,5968.0082748144405,-223.94657276946634,1
27.0,44.0,4638.733071680537,-11188.421188651884,-818.5199261990954,-2433.500530569984,0
628.0,36.0,-491.12152229804906,9167.935631628823,204.9149863952232,2835.0945354630976,0
353.0,22.0,-3731.699517060291,-331.0126345564895,6301.130088560002,-1648.2893590205927,1
399.0,21.0,3291.9891360246124,-5220.471807466244,2801.9873352510767,-3273.5944122527844,1
931.0,11.0,-2216.856114439641,881.7482927186063,521.0483963907096,-2896.189048932887,1
941.0,7.0,6497.942808871506,8312.417287189915,2066.545384682303,5259.062757737342,1
176.0,18.0,2169.6252632614774,-1574.3878354016933,-2986.7687357811647,2754.111571954867,0
359.0,1.0,754.331243664383,-2947.268332851878,6502.480576441005,-1862.7701900597435,0
278.0,73.0,2768.597060425088,-289.0782913542507,669.9197734504892,-4553.510078827878,0
674.0,47.0,3637.5458681578234,-2435.3021364287843,-1812.3804978356104,-5291.667703354697,0
326.0,18.0,860.7104327245186,314.6498118737087,3672.1191114599214,7333.742950291633,0
640.0,6.0,303.62424532882005,-2756.833050419996,10051.867417925778,-336.502920842982,0
616.0,9.0,-5059.731085483831,-5222.66724475238,-161.0069219034417,-444.7443025617624,1
855.0,16.0,5892.152492091568,-3017.857860432555,-1605.9755049727362,5874.237596533854,1
636.0,55.0,-2485.0051631117076,-4527.41957942786,445.457147810969,-652.1177439764348,1
38.0,82.95,-7867.4205406360625,-7017.255538248353,-171.94116937519937,-980.5198347127567,1
210.0,23.0,9816.982692815296,685.1903327557911,-1526.2489942925833,1792.5047940890836,1
758.0,2.0,1166.9961502269898,2357.9715840859176,4616.222729319566,-122.20386416019426,1
814.0,5.0,-2311.9110536431936,-647.9569793590053,11087.99452768908,-1416.0727977574918,1
421.0,39.0,7807.411294109055,-3128.97551675856,-3737.4434978732193,-1729.2115523326938,0
483.0,12.0,-934.4027560941195,-3328.595279374682,-6206.181842962924,-142.6888209713261,0
657.0,0.0,-1415.9947146607365,-5757.188416848927,-4132.555618464259,692.2783872926075,0
612.0,3.0,-51.21173304738997,-172.13622485795435,11489.732571275788,2208.8295450292144,1
440.0,15.0,2985.901083340811,-429.02223354523494,406.3826892437001,-7197.229179204791,0
378.0,4.0,740.8872425035362,-4671.431342280168,-1097.6383917950848,2746.699605269904,1
470.0,76.0,1304.0724174181112,-623.2360429352502,-1580.2748040577058,2294.088275975467,0
655.0,54.0,178.911331392593,1579.255233502147,10181.214372164795,4107.261752170333,0
611.0,13.0,574.1855896380375,361.03556977446533,27.880102738657342,4542.703668298119,1
126.0,15.0,765.7322240532887,498.39925911063233,822.6849087664999,-645.3406770472374,1
671.0,3.0,3506.50342310211,7327.3793956819745,898.8727860342233,-6345.673136560816,1
511.0,9.0,-5616.553027484191,2803.195316407326,-1101.6915111732885,-578.2545568047736,1
324.0,66.0,1109.531309807792,8608.961088575034,550.1420153091722,-7091.920088523306,0
46.0,9.0,4583.286286691407,-1283.3777213889507,3884.8944008330363,-5244.519159505268,1
802.0,27.0,4918.440835418819,68.9527760989672,7190.493088122788,4546.154719244145,0
585.0,12.0,-4574.902770585393,-1831.5957335912624,-292.05274803884174,780.9175809994672,1
858.0,29.0,1869.50184725208,17033.036207063094,633.224489819344,9301.174984617026,0
154.0,15.0,3058.2904362888235,2849.8689042865817,-10017.968396393175,7742.14296697779,0
873.0,15.0,1017.8322470060452,-5808.496847419837,-380.45927043419204,-3291.4974084626156,0
443.0,6.0,539.4261968243907,11714.195309577644,2536.3603696271484,4847.187455666711,1
302.0,23.0,7627.5328652503185,-2980.2925806852954,4567.934429748413,3317.2476629373173,0
263.0,10.0,4852.601100256319,8238.710813799767,1097.098908618138,-5139.975047801461,0
188.0,3.0,10167.2102307791,-1964.183895267984,2503.4544319781835,1199.5126913458175,1
480.0,6.0,4275.405798666841,973.9398291189832,3018.7415598938214,-808.9300001589236,1
559.0,6.0,1366.0791783006875,-1124.0737865164315,-1052.6084601253408,-20.00462234417091,0
941.0,18.0,1686.8128559882864,6260.611282412521,-118.78871516648513,365.3087116844299,1
180.0,47.0,1439.873818121931,6003.281908726318,6998.812889831135,-190.78340626292174,0
190.0,56.0,-1731.6187115022271,-1168.0321313052054,5717.218734894594,-2480.2966975632053,0
520.0,9.0,-4294.984652624337,1057.1016953274145,-115.06698555418029,-1529.3629112278536,0
665.0,41.0,688.3144746790504,-633.5971281029022,2236.9139216929293,4553.100062264966,0
38.0,18.0,12099.209048576076,1214.8635848142198,5499.763162014013,-4711.590723946592,1
314.0,13.0,-2130.2624158223844,189.49594692636498,5245.752344100567,6348.052822568894,0
772.0,34.0,-1099.4568617208963,-5736.30827182631,2618.664108869362,-423.0612388463129,0
92.0,42.0,9.119719813399115,4861.432389635714,-1012.7279879485372,1521.1626296880113,0
625.0,15.0,-144.23158676067072,-5324.002423702148,-912.0826994104156,-4026.476931576005,1
792.0,0.0,5113.983985599507,-6978.538496831781,4522.887337648495,-2847.482216079807,0
789.0,4.0,817.5992639234028,-4627.320008357585,7615.706288499891,7841.151033445314,0
395.0,0.0,1821.9507678233545,-831.7234095877172,197.96640313783644,-10897.780105441729,0
390.0,68.0,881.9923104211425,-10280.880177254061,5444.489084643566,-5095.086935362885,0
0.0,30.0,148.3018868057732,-2043.9307888855,5925.542055288213,-11742.875213297772,1
70.0,63.0,-31.925953712255193,-2934.043127905066,9718.623905927056,3952.968578290183,1
605.0,15.0,1532.4317373323686,-1749.1190826683708,6617.630404765007,-1170.2432357886805,0
654.0,23.0,44.055474195726305,171.18601830647367,3016.2311172791888,5722.220929423933,1
835.0,28.0,8117.922841099425,-3522.6725547293136,545.2102677889532,4653.657141609012,1
562.0,5.0,-308.9046558598725,776.472304743693,942.7556137203555,406.0929619178628,0
404.0,79.0,8050.389693393044,7109.359613444263,2234.6566721493764,-1852.4689838784009,0
937.0,14.0,-361.04970787039656,4047.8285808126398,1642.3117322201515,-4460.5314486871575,1
750.0,15.0,1385.3732120823313,3525.3525160796,-1397.9580276117874,9138.615351760156,0
233.0,2.0,-346.0098442067549,9311.626254085437,7114.256116813845,161.3658003965009,1
559.0,72.0,2487.563187423894,-710.795741059261,5806.378269396282,-3466.992173426737,1
444.0,10.0,-380.23851788084625,-1955.3910171548096,-11803.036566157489,1660.6729258426567,0
452.0,0.0,-137.09139804932607,-1060.350496590733,5487.816666841748,-2620.133671735336,0
572.0,0.0,5974.6414906179,-7404.752812086559,9419.972249179798,-2959.303973126933,1
664.0,17.0,4892.637627534851,-2457.523618602268,4541.901416480061,-1900.0393791815095,1
916.0,53.0,-4420.644479731463,-1404.8385748434075,4492.562293702574,2015.2540044669727,0
644.0,73.0,1742.9199281765361,2514.0229463201863,-8971.239424510279,16.091330182696765,0
986.0,52.0,911.9708564104278,-504.390288914064,2465.6849386102404,-5853.447758180794,0
391.0,63.0,-1997.2583278936895,-2146.961258898565,10232.918798128825,727.6403429354143,0
467.0,53.0,963.9589539100591,2247.714669656922,2222.6443266705364,-1384.5467494174418,0
174.0,48.0,15248.28791967734,7848.873824856253,4878.828037895724,4596.887900147548,0
535.0,42.0,123.64952992271289,1515.2264829736591,4704.602247660423,1395.3322579635965,0
0.0,6.0,10765.652686580272,-1304.40499596777,1130.8063426549882,-149.58530388886902,0
328.0,4.0,-3262.9038976525785,7806.079660533016,-3818.247181912418,7358.496413018246,0
400.0,23.0,-477.08706363716857,9423.37638355945,1274.8283811777962,-3759.6775179062206,0
611.0,66.0,2791.299327119573,3368.651707764313,8273.932266076705,3970.4922625489035,0
17.0,28.0,10271.340338596574,150.1624096338578,2117.074481247473,685.3350575527704,0
735.0,30.0,2355.8947879331854,1064.168288066675,2705.927115573769,469.9839967181306,0
1042.0,14.0,5024.292297851056,4204.59888378387,1775.740316319398,-2178.294308545552,0
361.0,36.0,2216.451665815492,-14623.277670897485,1540.259724662074,-12534.953936170747,0
448.0,76.0,234.78892389440756,87.71000571931017,-6371.357442829668,-3750.5126934070613,0
649.0,39.0,-1851.400419919065,-196.96963072388735,6763.339571528049,1906.073048370342,1
99.0,8.0,1980.1250506263125,2071.140752221765,3240.4917161819217,-17994.941724480068,1
110.0,2.0,1277.5717775896383,5549.23090840262,2395.931996558884,-9232.997216510003,0
778.0,10.0,2718.7803763020033,-3953.0648495124606,4417.367696399472,9200.624616119643,0
622.0,5.0,-10998.175635756557,344.2266870186395,1294.0073450815562,-1930.368673205735,1
598.0,22.0,-2127.735000937976,503.32379990300706,2233.4857374828275,-1234.7717771544194,1
736.0,16.0,5335.827662742508,-2433.045860894714,2502.840938503982,2969.9066655261095,1
378.0,20.0,-7486.285670203644,-3413.587475053322,8734.987485559073,-3194.878865052102,1
845.0,33.0,1926.3429660597144,-909.7783698283879,4124.806836909259,-3880.1466456807552,0
485.0,12.0,7460.669871552993,2131.7563353081687,6912.794884093262,-2802.492010811637,1
1047.85,11.0,3208.908597362003,2957.718052277533,1840.920931651498,4334.69715683123,1
602.0,62.0,-2775.1458224931944,-9627.485803593692,118.92040065961191,11838.58054990212,0
495.0,25.0,953.0044363350008,-3243.0459295413375,-2275.6219342233585,2589.368998970779,0
707.0,9.0,1447.8812435632979,-3672.2860689852187,5823.614835089997,9821.47347377772,0
298.0,31.0,1639.84621958899,-1811.2437840290124,116.94083062230243,-7629.95282493919,0
826.0,41.0,5550.305093022457,681.080092793287,4902.7427637941755,-1439.356525799063,0
210.0,36.0,10135.305132528301,4894.499681368505,1850.1289819693588,-637.3862130051559,0
709.0,28.0,1167.1111601071477,6254.596789316665,-1009.3719512268844,-15576.901823626791,0
712.0,16.0,174.19315687020605,795.7221431504331,10036.469670578941,-947.9597077808621,1
773.0,11.0,-1901.3332328062797,1873.9645600629467,2187.993439010983,412.4036731442281,1
129.0,10.0,-1100.859126962096,-5007.231260313265,1233.3403540290544,2010.6251451602886,1
575.0,42.0,1371.820620786131,1054.234672318008,4419.46527091089,-1940.7001093413437,0
855.0,10.0,-10232.209758214314,8692.74037692217,5306.174866380309,1201.466707197588,0
154.0,31.0,1137.3233259172493,-2047.9479834997105,2329.51429020864,8619.287699234115,1
709.0,11.0,-5826.812125107919,773.0859863996238,928.6486338740714,5226.0921242354225,1
640.0,41.0,-357.5665820363875,5587.646710140895,-3167.2002997389236,3262.4094864528106,0
570.0,64.0,428.2992759765058,208.38473856633527,1820.0587650728885,-3896.9974263138765,0
41.0,68.0,2709.8408490927895,-6234.319591956695,682.4314103485519,-1230.6292786715317,0
963.0,30.0,4124.995270309251,-1083.5567285583106,5387.923600089773,488.109151770172,1
843.0,52.0,2512.980181475142,4464.587638879892,-7317.053720149775,-3280.1690159146124,0
274.0,32.0,-542.6515589560036,-3260.0275477749065,-9939.15881365613,-986.3618352404092,1
752.0,17.0,11043.886768307806,3612.881183635827,-5334.983952797693,-5053.515610727134,1
69.0,47.0,4648.053223351984,-3544.9981735788924,9492.338571416298,-3462.7279067291984,0
5.0,34.0,-4672.902851105612,-1526.6951622388196,-926.7524249129203,-2776.9782329575937,1
357.0,0.0,1448.6679063629226,4512.488645963295,2144.654197802454,3535.981364063512,0
115.0,31.0,-1110.535102539172,-4100.937709814004,3046.036272679373,-3523.0217262768438,1
187.0,6.0,379.64076641861095,817.6926680754609,7950.4698201047495,3843.9376828006007,0
877.0,10.0,5929.967699861251,-903.4832332431563,2634.5620518301357,-781.1768772944333,1
716.0,23.0,165.79206643305633,4641.122641605375,3643.7672401261925,8536.289999064093,0
279.0,40.0,-1390.0549545131535,-957.1275018255062,10003.386331947366,15034.285492164532,0
975.0,23.0,4802.878525016886,-1389.1516733883545,1999.3032183943562,-19668.20091885527,1
827.0,26.0,1960.6304431450426,1288.5080518722748,-1927.672423522368,-1575.8364947782281,0
585.0,19.0,2228.029849251338,568.3922746520752,-2581.5194374355456,4234.5966448593745,0
165.0,18.0,2131.556532015672,-710.1558685297091,1614.5672947937733,2556.5742847786896,0
180.0,45.0,9110.196471224303,6660.743830046109,791.1825702679367,6260.634022721493,0
49.0,75.0,3977.3284744984826,4070.758106724107,-2086.359772919578,-989.5133849682857,1
808.0,5.0,-2654.2392257534325,1601.8705239696544,10361.929286832008,-4902.549693621302,1
101.0,39.0,29.01431128395734,6425.082094292051,1690.0042701509587,885.5817954204067,0
766.0,9.0,-12945.882894127259,-10840.606114084032,11341.39831281961,5115.483512138024,0
57.0,3.0,1543.0204649663474,-639.7576550671897,9087.508252047774,9767.702220134637,0
535.0,22.0,1139.5419357043738,-309.44185323933544,17371.992918197197,-389.58670675445387,1
514.0,18.0,4669.1386253623705,3105.4347058734124,1515.0859306936861,243.14227419757117,1
261.0,25.0,1521.4214276963057,10458.185519563765,606.9420776954476,562.8858052860942,1
420.0,31.0,-209.65358986875748,-1257.5596244992241,2091.110442957471,-13363.293062122282,0
686.0,22.0,-3690.6927751796056,2473.388115862078,9320.990302877533,-6184.243590894297,1
63.0,7.0,-45.18460924154169,-961.7415081125234,1609.292003441791,-5190.88871526278,0
632.0,15.0,-1397.262238641407,-631.6599718433201,2557.505322550076,-5105.8266606265115,1
912.0,40.0,-1436.4603310225566,3420.7843565513926,2719.1604365662024,-3182.8619342306483,1
0.0,43.0,426.54600935318194,6376.126974171664,5769.67579260695,-677.7908926878557,0
663.0,71.0,4744.5482477673395,-2994.051241084127,1502.8483766410961,9599.110716260077,0
198.0,28.0,230.0089935382157,-1936.3672649404555,-5120.878187750608,-1996.1238245118607,1
568.0,50.0,1396.4614277913254,131.89145106931784,1319.9457779602449,-3864.0321644146516,0
778.0,0.0,5323.080425757508,-2221.106579446424,6315.657790377872,75.47622224730458,1
858.0,57.0,-1525.0242573030139,-6319.634775372986,1687.4071255669205,2219.484214528606,0
607.0,26.0,4355.544473042978,970.9703786467797,4793.181440581664,-8798.582825767082,0
576.0,7.0,2408.2394287369243,-988.9565010827,146.60082136661435,2869.277981919696,1
889.0,20.0,2246.0191337439346,7599.758303158089,-14886.339053121063,-3179.9845916362815,0
615.0,40.0,6186.118084276297,210.5279742306443,-426.0716048741108,1408.6641543710084,0
780.0,0.0,651.927971540715,-12992.365183823464,-1317.6383192550734,-5879.341529965295,0
165.0,18.0,3796.909338039662,1923.2061681816622,-61.15475913914133,-2210.6009095417294,1
581.0,30.0,3112.3381667816766,-709.186439474493,5200.976547104341,12803.346959938914,1
154.0,39.0,-9118.037122943962,530.3885352732814,-352.8387469551343,857.6515807308931,0
663.0,77.0,-17529.60161296759,9010.577554871841,2229.0343634668666,-204.07402475194976,1
302.0,38.0,-4312.761467447036,5365.395514105458,1836.738316709829,483.12502088803694,0
422.0,4.0,1420.2521100541637,-8904.787068861617,6536.5146864381295,338.35899194641297,1
184.0,41.0,-809.7695309544424,587.2765897090469,-2617.185784641677,-7139.239004925077,0
901.0,57.0,-7538.795557015525,-456.4708562534336,2211.8688793162373,65.89392879212738,0
268.0,79.0,497.6574372395726,190.51776789719725,-1783.9402637925205,78.37719083401271,0
620.0,57.0,-1715.3425588080036,-1905.781888600958,1522.9137297170705,-6.842678602131855,0
828.0,70.0,2244.288302731251,-320.23299263806484,-624.1998157742416,-12349.043248987125,0
853.0,24.0,5817.967426154789,6702.62664601937,5419.286615913077,7721.868382704754,1
557.0,14.0,2676.2184573060485,5413.421751638056,-1927.656316932037,114.5039798648645,0
359.0,34.0,10493.507632252444,-11985.376190586594,5842.5920824930145,391.8887365391738,0
428.0,7.0,-1959.1164123150147,-3748.1471143853278,-6565.278299142345,-4515.398367251193,0
437.0,38.0,145.6554158919739,742.1329263788198,-772.5017448105691,211.99115123526008,0
0.0,30.0,-9769.158046641913,6300.57005580328,8741.235662310439,10779.772051110936,0
758.0,0.0,66.08235379862253,654.3420008084967,-1806.2496846434015,-179.46203796689133,1
702.0,5.0,3167.3027666802595,-1432.5541215646522,9920.652134122645,979.0309545932705,1
950.0,14.0,1727.6553824862688,-3287.403107287292,2298.3455568611816,342.25242851404846,1
248.0,6.0,1770.272211757634,2718.6541530093095,2096.7244995854953,-1408.3406885378322,0
800.0,30.0,-12609.302484364005,1154.0123407071371,-129.1778562811469,-3755.480076301805,0
736.0,7.0,-516.4369212977231,4707.446497889469,669.596158168062,10489.924413506496,1
764.0,37.0,-1138.4257041701085,-422.8963668134022,4385.283450232701,6779.001062918084,0
754.0,6.0,-2904.9606411262785,5443.730627015473,3968.5796401055245,4889.966877767811,1
623.0,26.0,-883.0508672746712,6812.373762964398,-1065.1523151941265,-485.4575299908679,0
961.0,16.0,84.72375401290742,-3180.251666773158,282.33308132570244,8863.64952938966,0
51.0,30.0,1174.3010128607789,-574.3511401840697,5883.410534061096,1529.439112904632,0
884.0,82.95,-533.5759071429111,-4274.843508631952,1993.8412858269658,-2571.2133452036182,1
675.0,13.0,-1732.7056772373774,5089.099116869662,6673.473782436359,-3774.559634354299,1
279.0,16.0,2605.779465308372,2322.756267934864,10767.40330029873,-2886.1471642012193,0
378.0,8.0,3468.4516908333544,8752.631256597233,3860.2838503049124,91.25269472245509,0
649.0,78.0,-4166.06082598044,-3898.6610056586323,-2304.511873047246,-7603.5826122956405,0
447.0,0.0,-4233.874426413357,425.37212830103755,1394.9612057755705,-1133.702005945212,0
1037.0,7.0,4174.860308344009,2624.223345349657,-4493.015903782799,-2369.5217767117533,0
850.0,5.0,3167.9117227562215,-10072.49290098846,5147.74105746281,7295.229924237353,0
75.0,24.0,9589.584756959463,4911.236372637373,6900.392798347912,-3932.7040462094715,1
234.0,0.0,768.0865097319947,12041.894040877738,2335.940396982397,2934.7624405733277,1
822.0,22.0,2391.7630137349956,4910.980073497069,1786.5731485506624,-3748.417719091768,0
592.0,10.0,-3496.33575677079,11476.105905110318,7144.766570672187,3556.4501532816466,1
811.0,5.0,839.7925599023467,-2950.3145217742813,6427.837635866038,-952.8878320329868,1
680.0,30.0,1557.160721443062,-5473.221488606212,2423.252844807986,-5968.290885952851,0
584.0,10.0,1690.4682016020054,-2255.8608331735986,6886.138075750473,-1253.8353138620764,1
404.0,48.0,221.64053872682325,11153.85198896885,11838.71869055885,-2921.368575811966,0
200.0,3.0,-6421.732771689252,-11105.5049243542,-7293.119587050098,-131.91913453535108,1
747.0,70.0,662.8339286997807,2299.281453136945,-380.0546455493886,-4237.332579300127,0
634.0,52.0,2062.126057691352,10014.285867503222,1846.1845420845575,-8533.535569204996,0
346.0,30.0,284.8494916216114,6909.803167267803,5022.554774476759,3508.0292582200263,1
884.0,13.0,7391.758125083424,1406.4401006545997,712.7429387052922,-1217.4593614168452,1
214.0,0.0,1671.8454176301316,7212.9264276099275,-241.8267347807341,-498.25623066198705,1
698.0,11.0,989.0529256992495,2781.931075234821,-1945.375204254521,-604.0978909429887,1
939.0,17.0,-4491.511683865788,9293.223183548855,1891.591596112899,-335.74630604720846,1
537.0,13.0,11969.518770741906,1131.6824838100226,-278.8801144858702,5274.437676375113,0
623.0,1.0,-641.2089924588145,323.1196686938986,275.807596296681,-11053.686913285675,0
446.0,51.0,221.18839913791368,8342.430455971658,6647.024807875752,-9754.945555897315,0
828.0,73.0,3407.5198664311565,-2572.5499364942325,41.87722340906939,-4359.81039487905,0
223.0,39.0,3697.9319903614223,-1540.178071804677,-7778.96000550062,-1761.3154358317593,0
0.0,31.0,-660.0653081899511,2568.344844378658,2897.719769426255,-1118.4440892692983,0
921.0,13.0,6085.101866375969,-830.9397993185316,2219.944822124539,3650.9420555482598,0
687.0,58.0,-4276.410136005086,3950.2877349724413,4900.835484597126,1376.7868163417922,0
857.0,71.0,-7636.522201093075,14702.138859445962,1636.8504659503164,-240.70449646449413,0
84.0,0.0,792.4753493006739,-7757.441048534063,7527.5482146393215,13494.192763323263,0
243.0,21.0,639.864029662015,486.25244522777575,9086.634431448747,-1296.8138792592904,1
580.0,13.0,4362.55615915005,6821.896366099765,-11146.601968755871,-3191.331238969725,0
84.0,11.0,-1837.797093334548,-875.4667152590027,-1758.4925432064028,-700.767137770111,0
486.0,16.0,399.663816491906,-6922.778365458842,-9722.78532329552,-2963.978059617536,1
684.0,9.0,-3560.352609709121,978.2087831620875,3353.2389238824617,2515.8353805886745,0
757.0,27.0,231.64477720205613,-3531.78397867713,2916.7095829060054,504.2132033932985,1
957.0,0.0,-211.86772919317235,-1289.6230165261145,9477.046878593224,381.7317811379985,0
796.0,21.0,1389.0907058841435,-1930.0467727247749,7493.869221372259,-343.1299782444672,1
391.0,10.0,5695.29340231696,667.1037700565096,4036.873921064307,5750.615927553037,1
209.0,9.0,-118.67535215917292,1323.5982575226326,71.05504336331774,-5809.8763285575305,1
507.0,6.0,-1216.5920945954765,2892.115961088498,-7409.418601136072,-285.0916621174117,1
968.0,24.0,-2823.1626811311335,7710.706441392795,4381.5410096130945,-4098.917473370855,1
176.0,25.0,7289.976159343767,-13738.434906492246,819.5616861756907,-138.53192973492423,1
550.0,11.0,-1361.8076602303101,-7277.848970662533,8027.752320601758,172.390612743941,0
221.0,41.0,1017.522853246669,645.0917345466153,11333.78258573154,6611.813582317403,0
271.0,0.0,522.2316389350182,-1116.8172185246071,7126.659516547757,3314.6627355175333,0
380.0,14.0,-575.4753076962807,-34.32374792070641,8410.607227638851,-2782.354956467127,1
777.0,49.0,312.58784316810306,-4394.426054593687,1935.269274836011,8337.856095184441,1
125.0,3.0,-4512.431599425069,-14099.252487965427,10847.166757366827,-118.99730604188699,1
539.0,55.0,13566.071631828368,6197.460314981867,1603.930140438513,61.758500720738084,0
981.0,70.0,1018.5545454218516,4210.476869464211,11806.130960180317,-3002.4121984455933,1
480.0,4.0,-310.93618396796063,4180.678652957933,2552.4303839316235,4196.58763385435,1
370.0,3.0,3504.0822062985417,3859.6705257340727,-16533.817312276547,-14846.167172832407,1
674.0,25.0,2719.9959264432227,-4685.449987874283,1310.7753919653076,10537.104744832915,0
426.0,27.0,-11734.072118356926,-5851.580285571477,5709.617095521343,-1733.3847182310833,1
234.0,5.0,3179.024088810856,4588.618473529881,6284.574403186558,-10587.213454077568,1
480.0,12.0,-6137.8788247553,-1793.4099537009402,1963.1939245715485,-5204.379757459912,1
548.0,2.0,4500.814344316837,8201.406043917115,5928.160260398325,-2513.9488343792573,1
897.0,23.0,-412.4374110070726,16643.99667347676,4108.871972162283,-5429.577949396372,1
594.0,54.0,158.3213685436806,4203.839044554209,6408.025083400378,-5999.033792981699,0
739.0,15.0,-4980.144542281505,2358.138721050139,5073.361506492875,-199.66946670590437,1
285.0,14.0,1630.5712550881785,3862.376031335326,1798.2380198543235,-3235.394980179628,0
632.0,30.0,-674.194929958765,6547.968079385033,1727.0289261390785,-3198.510892968138,0
720.0,75.0,2024.1314098934322,-3708.6806904008367,14805.019200976654,1074.0909370017944,1
293.0,11.0,1981.4070641634376,697.3623899504287,6853.039483158879,-2270.3834537732055,0
800.0,30.0,269.18418752169896,-3375.3793310089923,2587.828774161223,-5357.201507832863,1
504.0,57.0,-2488.2391389996515,7270.660089586767,83.00458877672796,-1645.139972218426,1
116.0,8.0,-113.17277179388111,-6390.404668464047,-431.52981445841544,-3208.975442590862,1
601.0,3.0,2065.5030802449555,620.4095383240829,888.2579231325799,-180.2293670506565,0
436.0,31.0,275.5729375165647,-3387.812195005455,1363.5779076975382,-834.0856816953046,1
363.0,4.0,830.9248872259773,1294.852388424584,-119.3097095039675,4094.673226468011,1
360.0,50.0,2969.5276952690883,2384.5091846132227,-3064.999330587454,2719.1521937837315,0
486.0,6.0,-5826.553975341665,-5071.193797469534,1044.1911585057,-856.6260802917068,1
476.0,7.0,152.45410121138912,12028.829084247773,-145.99559348292473,-7076.180933786292,0
129.0,9.0,-8353.073022639015,-4745.353043395863,10489.462645250758,1805.9440695486346,1
409.0,40.0,11434.762543206092,2252.3125603317035,1331.5495893394864,496.7102221815535,0
215.0,15.0,-7823.6887802403635,2218.0568891443254,3343.146181660938,3070.2384859899794,1
572.0,0.0,856.7040745286893,-986.5865398420067,-4825.435581672653,-1660.85294792898,0
774.0,21.0,-12218.932436408499,-1413.1197099616727,3552.5453467376296,195.70813656154036,1
683.0,6.0,2458.629499158441,6067.253886919103,2220.5620635224896,2714.400289155619,0
824.0,80.0,1558.512838064427,6787.293725786189,9156.294234298086,-2796.5764608919317,0
0.0,46.0,5582.956532266482,-1763.772702246639,163.41027822276368,581.8484181569966,0
862.0,28.0,8702.12000817188,-1678.4594759360723,-573.9859858548547,-2810.666413571092,1
105.0,25.0,488.22649717645584,3103.3031922025557,728.5708794353123,2895.32923689584,0
143.0,2.0,2361.3689675612886,-608.6069254339977,4815.200972537339,-12345.035726109905,0
489.0,23.0,3524.3844857706754,4694.155573904987,3467.5234466178654,-3323.2509393659566,1
998.0,52.0,2817.2462739295597,5185.537267841211,3044.832939294189,-5144.552490221462,0
324.0,0.0,-203.6755329331811,907.3344822955349,2849.4418474493677,-3719.0867276028557,0
90.0,63.0,2630.061213483858,-6943.864235849707,-459.0103192454719,-6401.93229506345,0
864.0,6.0,8868.865810815745,614.3295184556264,1849.803037533941,118.69674576891293,0
71.0,48.0,1245.200309181787,-1981.0238165155224,-2446.3851477351914,2966.4539733439547,0
520.0,6.0,-12450.500359860107,-1030.6051063550099,12039.728367268805,-4896.788594268199,0
0.0,4.0,6266.897036279455,207.30577674578555,6780.423256554341,3852.4497423637777,0
133.0,44.0,2123.885001510026,-2068.4122904192777,-717.1703662293964,-16923.130364419667,0
810.0,33.0,591.7949074611133,-6802.340019260031,416.2421089766232,-12282.521295596654,0
208.0,29.0,4750.581405050045,-6223.952854205715,11104.059448238051,-5734.229345364272,1
477.0,18.0,-5769.974141058774,5379.0355058638515,10563.12439327888,-2053.326892337836,1
543.0,37.0,2301.0636251096216,-1486.147821418909,-13261.190567718133,-10392.538713182239,0
706.0,8.0,-3399.0297810930138,555.1758114251884,-1433.9040812037488,-268.0298548744288,0
314.0,3.0,2452.404324083921,-2461.085062341269,2632.4054965046535,2592.643678149463,0
920.0,15.0,529.9797923071785,-8077.584340331718,1881.1079038007022,4162.630803668595,1
725.0,11.0,-1143.114321100715,-14235.706805660582,2495.6110005222317,-1460.3951467866182,1
652.0,40.0,796.838150206238,-4023.315206538689,8406.30892427372,535.960725357442,0
344.0,5.0,9976.46329873148,-10838.289655898876,10914.93385010736,-5517.804314329087,1
140.0,13.0,1482.4608172334117,2818.7593852448463,5980.970933231935,-1361.5053289620828,0
26.0,36.0,-5587.022620713704,1742.7357864926469,579.4977903172785,-6092.832980215549,0
528.0,50.0,1621.485383859019,3715.8469827987783,6110.942112586451,-2758.5525112368587,1
39.0,62.0,-636.6477987612348,-1690.2938093854993,4657.549596582176,-2740.3108029073123,1
868.0,60.0,179.47340712707614,10389.394151718092,7923.615098459208,-1777.6974165478,0
687.0,0.0,-702.2838382863031,-2446.4863733891652,5863.333396639334,-3233.676336651921,0
277.0,19.0,-1477.6951137898868,-2273.9157165806682,4613.381322411733,-15481.705092665143,0
201.0,32.0,-1848.3829761948718,-14139.369722008823,-4362.5118881173585,-3900.671277257302,0
128.0,58.0,915.5254495214162,-11916.248501642845,2710.5589515610213,-908.5021490661634,0
61.0,6.0,1870.0178911453922,2305.599424213772,7212.663346528369,5569.7634315645155,0
471.0,26.0,5567.3681891088345,1388.4972907168144,-7833.061845623394,2113.306362636611,1
53.0,67.0,2275.5413567715514,-2252.95836739135,959.979732283717,-14719.295411575446,0
259.0,18.0,-5335.16415283305,8864.879542042174,4487.244954561121,181.92047100130412,1
897.0,8.0,453.63747726996195,5030.735338573969,1706.8384444643661,-1941.639642050985,1
845.0,57.0,1554.7267532800288,2312.1739269050554,3998.0241403190603,-8619.66990676245,0
513.0,8.0,-4344.098918978575,1003.5101432130932,2652.596953284383,-2956.9032396040902,1
644.0,43.0,-3301.70166599858,4834.3756350090825,-324.91107954159895,-6115.913570045064,1
624.0,4.0,5187.0894350477965,1821.526921445579,-3837.776614229855,3632.1798894056774,0
782.0,24.0,-8055.136359529069,5693.341720122456,7519.837963012118,-2548.963112545487,1
457.0,10.0,1018.8718466198093,11809.545248789298,4034.392306324941,6876.469947631242,0
42.0,19.0,123.80671682299736,-1477.1412104596657,3474.293747173564,3363.5624125781833,1
204.0,27.0,-5412.104042045086,-5395.336982273511,4501.494207438446,954.4721216882699,0
44.0,7.0,3458.020564995333,743.2466336240936,-9559.744121333786,-3423.981509685679,1
572.0,10.0,-1855.4902038327264,5619.672048421856,1112.6191023888125,-3603.92030634565,1
896.0,2.0,3037.087656254421,1123.664775777209,4759.161369375343,13547.81083155438,1
302.0,13.0,651.6730325273745,-4155.639891720679,2704.066381606106,-235.53648020058267,0
328.0,20.0,-647.1506062711564,8176.55336032243,1745.9456134621157,-3851.507987833963,1
640.0,51.0,1003.8969749308802,-2263.82307487946,8.491408728950773,-1616.5318181514335,0
372.0,24.0,655.2964572158381,9752.615967848793,-2678.3606263798524,-3756.128906668213,0
1023.0,77.0,-8254.223697740867,13852.114383329572,-537.27989744111,-1519.9767140269605,0
0.0,47.0,-3545.7426866840183,3264.2825695442957,594.4722908442725,4091.68500427991,0
209.0,39.0,36.72499373073333,3501.54058382829,1883.2184845948564,512.2151356629265,0
740.0,19.0,-1382.2972958432674,-750.2142227556956,2950.3924235046516,-1641.3422235109897,0
951.0,44.0,-2976.945128774835,-865.2378466614332,302.3238000351457,-801.3340806413161,1
216.0,20.0,-341.58782444053213,-13873.238431406042,3885.1925772531013,-3354.5545960892705,1
228.0,2.0,5081.350605950003,-1700.7656620247724,2316.7810107747787,752.9948304086847,1
627.0,12.0,-7820.596320321917,-4748.5475805567485,358.10540906175186,-1783.7276742056783,1
847.0,12.0,6253.414127298085,385.89542584766014,520.8810653808255,-12105.407127775898,0
360.0,17.0,267.38761185632825,1941.8514048439956,1873.645829258977,-5170.56564866841,1
492.0,23.0,5402.943092690364,15289.802235017458,1971.8768285544047,12954.689424905207,1
617.0,13.0,-4886.564999678619,6354.108264926486,-1555.4425917107646,-4391.165319929459,1
458.0,7.0,792.3202489764815,6268.185021356206,2120.1830874826073,-8797.873269922153,0
648.0,0.0,-5290.008175233335,-6349.898857882978,4359.702060433453,9581.412586677396,0
279.0,62.0,-6619.618351392308,-161.85899273303784,2035.2633391068166,-2334.572358139506,1
361.0,12.0,1630.671740394389,-2530.00876628299,3186.1076768322937,-211.15183602924935,0
987.0,41.0,519.6108942154258,-93.59328857662075,4400.332304236832,11920.10855074352,0
731.0,13.0,1439.3995737006903,3705.856488960695,-12304.390684442431,4006.238342267097,0
63.0,45.0,-995.3443410941284,6378.875476814355,-9733.584015264685,1707.180092439758,0
954.0,10.0,3140.7427469855456,-9307.28801889687,1922.5857178572264,1684.2805774262347,0
9.0,10.0,-2132.1283721935715,-4431.289061675796,-3002.834404818926,-1390.8857779045848,0
206.0,13.0,122.75945244366855,-2904.0847953247658,3489.657351687503,-1752.22060171632,0
279.0,69.0,4691.180715879704,7291.174541433974,-955.7144971415082,-5486.959985683687,0
697.0,26.0,9396.645444971928,7266.033733085276,-4489.703585854897,-2967.215483064914,0
75.0,21.0,-2620.281538131313,4788.367686795793,5780.097750598446,-923.6900413785864,1
914.0,19.0,7411.521051799293,5049.585419228472,3086.2786778510213,-8283.65641235361,1
75.0,31.0,-1783.982919631556,1403.6460557010244,8593.323753733179,-10856.146632937978,1
102.0,2.0,766.6218084342551,3558.346655740111,611.7816720542387,1541.1829472204004,0
946.0,20.0,8159.300498566534,86.25656019280086,9564.744768767952,4388.438997048799,1
433.0,27.0,340.2015034599997,-2092.409145004468,435.6727295083738,1608.3689681916794,1
956.0,34.0,1096.9085980000682,14958.482075217964,5386.815420911656,-305.29165557770693,1
831.0,32.0,2798.679008004113,-8856.501299743915,-36.6890028060856,5380.842213294556,0
726.0,40.0,6298.79383542976,1005.4282642193259,647.7011013252359,-3897.280477223191,0
728.0,6.0,-924.5411461395479,5547.5456048738015,-1137.429254001106,479.1711569841107,1
309.0,22.0,-5930.560452039592,10779.965209449903,8915.830089625217,-603.8438213582887,1
871.0,0.0,1755.2566753768217,-2166.6986873730866,7973.310124583706,-1478.1962909551962,1
151.0,20.0,-1701.1859138639034,4485.738173241636,4139.944126558208,-5535.093932050469,1
151.0,0.0,329.87740524813495,13193.477510394885,61.966893175575464,1993.092812797443,1
471.0,43.0,11064.460006651312,2071.491621618019,-10734.209197403647,356.65501458976814,0
801.0,11.0,3402.5406070060117,-8969.341689728028,869.214299383438,5480.245740439596,0
170.0,0.0,-4537.235716834786,-6284.9173086535475,6461.552674562012,-6659.393246508513,1
727.0,34.0,-4881.972721749544,768.663226520177,1438.6639018897106,-4068.887163444873,1
17.0,28.0,-5565.476903326911,-1279.915215138105,1061.92820765037,-3124.8243766681044,1
455.0,51.0,-1573.9578965301562,-680.0838320622242,-6073.814888661574,-3434.856261396051,0
597.0,70.0,-2690.7490021778212,-1923.051916498105,2343.102595980562,-1542.7179377326138,0
381.0,8.0,1122.1628499971637,16095.093767585126,5938.689789546213,-1661.0436112572932,1
179.0,36.0,-468.01141565274725,-1617.421570693836,-11793.577110741433,-4772.281059435812,1
147.0,15.0,7879.45119854308,1830.8135040425325,-32.094188934551994,-1197.9349363937808,1
68.0,38.0,2708.212608187289,8999.722694748918,9503.871279867417,-4286.230350243908,0
427.0,4.0,57.03302104513335,-14295.184813570286,-141.42612923450582,1811.5498672673484,1
531.0,0.0,2797.715228552337,3692.7067743152684,-11257.767546365798,10840.549100138925,0
162.0,27.0,2089.5103649775783,-3550.136653353974,-486.63325815973565,-8011.127238920555,0
286.0,31.0,9509.380597167776,5958.633638264173,4196.254703801666,-482.05729093825994,1
599.0,1.0,-3695.352405267322,8876.530551293677,178.10144750755163,-5979.684381938294,0
440.0,0.0,2061.4052952877487,322.0822751605042,5074.408508751691,-4703.790844026872,1
247.0,17.0,-164.6135695008834,-4029.021315303001,2525.0628781381365,-6686.45022208511,1
519.0,25.0,-9350.81755575958,-2994.257433172807,-4626.345209343342,1924.646669938113,0
702.0,33.0,2950.887983291838,4835.53208134994,6283.264941297295,2240.2956654616055,0
116.0,12.0,188.24675058538742,-1532.9655978907927,6659.455477599089,4171.637046022977,1
490.0,0.0,-3919.1021737753917,-5854.554716897215,819.3446007282126,14398.848522438966,1
606.0,28.0,1531.8308868389329,-993.8248158684098,2760.427159228433,-5303.129812462517,0
27.0,22.0,-15421.75811721056,4685.290424822821,612.9658792195846,-11511.702043925872,1
785.0,73.0,3368.2672158917044,779.815377876469,4466.074447280852,-5195.370756232818,0
477.0,22.0,3244.2835894791137,7405.662173039262,384.4585520307903,2412.3446625198035,0
647.0,23.0,1103.9456557841986,10143.645987389149,16416.89188723721,-3472.3406275618977,0
731.0,11.0,-802.8807769560779,6104.3161621672625,-467.3037182830585,-723.1468842055269,1
375.0,24.0,537.5326755341306,7125.824651050084,-10.257704758885211,273.96488260337856,1
729.0,15.0,-4469.639455695273,3946.522389154582,11024.13131518489,-3420.2396103064657,1
747.0,17.0,6747.616008855957,5443.21237141197,13903.838818129792,1816.769809435632,1
179.0,3.0,1804.5576899640985,2060.9091177572304,4843.49494276248,5534.5581440498845,1
471.0,33.0,-6284.962283477167,3886.441220948517,9599.038110743015,5299.689249379843,0
462.0,15.0,1527.7517164411447,229.21044302301152,1246.3493453091908,200.57963329591774,0
743.0,10.0,913.1529966459416,-5373.181288942977,1722.5450767395246,-1572.9517521549387,0
608.0,12.0,-753.164265133032,2631.791509295902,182.58901789787672,-15635.287130403303,1
444.0,10.0,-569.1710103334062,-170.01818772485285,5963.086894409376,1551.3935672247685,1
1027.0,13.0,9337.483131451592,4281.585478133124,-867.5113619513895,7895.98480148069,1
321.0,16.0,-315.05070864603726,1944.7772843259968,2888.7893832902537,-9798.252267872653,1
136.0,12.0,2517.028660753711,13829.288874172518,-127.11479777373552,-5445.4452406462315,0
113.0,47.0,2550.2236031386337,-1178.3878490234324,1672.5837123451383,-9795.995745210304,1
910.0,0.0,3027.7928995193965,-3584.1199219864106,11676.05942231378,1256.4235483244897,1
316.0,53.0,2012.2813064098386,-3048.6982359401736,1850.983175435475,-1897.263395914664,0
203.0,55.0,317.00892993311663,4525.544342649512,897.5290220711993,654.7669126967767,0
767.0,24.0,2392.326853822716,138.38984890770212,-2764.280682821818,1204.5840283887437,1
217.0,9.0,354.9827672555765,2801.4855389344866,-4863.045173313356,1107.3386585579478,0
880.0,82.0,-5803.072801275972,13098.93817950835,1231.7971984796802,-863.5227449797391,1
346.0,0.0,1280.8287349323705,1321.5561124133476,-430.8804008887132,15108.3604254845,0
848.0,21.0,70.75040223831911,-8664.531682819075,-923.2182642061489,6073.74089054762,1
535.0,62.0,874.3189100426462,2282.7305666516013,-4225.253225728443,3269.502518371891,0
528.0,1.0,-2889.0788680845685,5588.368341939065,-1296.0810464552908,-710.8527750561243,0
711.0,5.0,8159.518531933579,-2328.118908232502,-2815.2378717266583,-1529.2785047526504,1
697.0,46.0,5623.530692675815,2408.105059818429,4946.602084082402,-994.4359732940334,0
558.0,43.0,353.68512459886193,586.8360095612095,2865.478847249649,6913.540628643912,0
165.0,0.0,-3509.28425953234,-1749.0732282986326,6563.562452282043,-986.6300991476783,0
302.0,10.0,3731.002738548653,-1134.0299703043456,85.61651679564079,-784.7619124044104,0
362.0,0.0,2495.0392442339935,8303.220395677761,10616.392471989091,7519.0935201430275,0
88.0,0.0,-3320.931367735277,-2936.1390123141146,4274.344264316155,-15202.069963911825,1
790.0,0.0,338.741590653864,-2596.0997549572708,-4215.957640604844,-3963.347709564552,0
470.0,6.0,11259.095442817057,879.4411741767271,3666.248191707106,-7837.92290257328,0
173.0,38.0,-1807.5519320085687,776.5267288301884,-7488.1981645031865,-14579.332463812101,0
67.0,28.0,11172.972748859085,4287.294624166621,1373.5415014118296,-871.1870200697023,0
275.0,40.0,1103.805791984233,1023.2199176517902,-404.8745490854177,6183.519866644987,0
428.0,26.0,3212.8137403687206,167.90266037717754,4999.660703799255,-2280.0720013276105,1
916.0,29.0,3910.5327537850335,-3045.205359621793,2765.7054782656196,4495.058267592405,1
772.0,23.0,-1237.5088158472463,4252.6889649764635,4748.933256612104,-3802.873594520073,0
36.0,43.0,-406.3966951941016,3296.9115422718232,-3994.745116249329,-1168.5335060519806,0
404.0,10.0,-2301.331034776781,-293.58593278672805,-2448.617100796205,1148.624936278054,1
0.0,31.0,6954.154963125841,-1428.3508804534115,755.8010856326061,-13776.04525694145,0
407.0,57.0,-204.11456818584116,-3845.581731420616,5189.605527343521,11419.708454911393,0
1042.0,66.0,2853.6256063497435,-420.8904743243373,98.58408310744562,-401.44534643490135,0
152.0,3.0,766.8450998606544,1995.7115668266506,-1329.0682127524635,-3337.6144349826245,1
114.0,20.0,6348.795849182021,2980.348860887031,-10456.773741432493,-5089.9751980335695,0
970.0,13.0,-3937.5315729929607,10438.437240148234,-1536.113444057077,-2444.2986736216553,1
422.0,32.0,1689.1120455796035,5092.76939219819,3237.3771082588646,-2208.1285251372155,1
457.0,1.0,3107.0235290795667,11777.377263298938,4918.839977224274,10719.332354534392,0
489.0,78.0,5418.0722081313215,7324.406912632472,3007.5299375022705,-492.83268540646395,0
354.0,18.0,-507.6411708479406,1966.2490040317125,63.926567770951095,1554.657251253043,1
762.0,4.0,-4430.632436264031,-13063.509851592858,3282.5579126235257,-11694.921264853234,0
0.0,68.0,1534.9022683212836,-2953.193205126343,8668.788108400586,-3394.563788599629,0
748.0,10.0,575.0738819419711,-2258.273848932335,4749.369162798421,-469.84316528381055,0
1047.85,31.0,3251.672611772023,1119.8169158945213,5414.576744788735,5190.937645946916,0
864.0,19.0,5134.176568763826,-6649.201811571995,2721.641478801199,-269.85511390583815,0
909.0,30.0,-3611.2516077417376,-3781.3934745858946,17160.86006249815,-1160.093148218607,1
509.0,0.0,1005.624735027037,-970.7791408147441,8668.301708690826,-339.6744314706573,1
554.0,6.0,2692.4576006507154,2488.6524647560777,-4356.589582402668,4472.2341954639205,1
535.0,1.0,3895.837915753133,9021.8088853115,-34.991840096473,-2132.571073483622,1
128.0,74.0,-1320.6111930151842,-7091.544799334431,-1311.1079422349676,-4035.0819238876984,0
505.0,40.0,1836.621902726182,754.4074767535799,9013.523295112696,-5491.494916946047,1
541.0,36.0,863.8745943758105,5990.453045738686,-30.796243619137613,1693.982868522349,0
368.0,51.0,1780.5569015877822,1866.7683822201266,2237.0166148036665,-7772.27956600798,1
884.0,31.0,9646.176103345237,3388.0154983192842,793.1935378713466,-4739.516884487288,0
101.0,9.0,9337.231323456213,2317.911240028635,9369.71201382362,-6341.498173877886,1
896.0,7.0,-2785.10394805102,2421.68352772002,-5289.1509584735395,-1230.9967264900556,1
819.0,14.0,1247.0995876596076,4005.1315867600424,1565.0834313195576,1553.328733743338,0
1038.0,20.0,-5123.52155474864,-1211.9111653666384,6240.463881698295,-649.6874015932705,0
206.0,1.0,106.42813414009652,4781.37039391296,2324.9170869374616,-230.80827800499333,0
835.0,55.0,-188.55599066092236,-4399.693749480811,1776.4041985462322,1053.0860364286466,0
1007.0,14.0,11061.182501789892,12.07327568690107,9534.673588830117,8491.235501697307,0
124.0,46.0,-14259.332461940026,-3051.5083866990576,429.6537626091505,588.5987591586469,1
0.0,28.0,11223.573653050891,4410.32109276546,5400.6029968432085,-3056.734958900069,0
295.0,49.0,201.28708960909637,13647.238608281965,-6406.113993552261,423.5224569023734,1
600.0,6.0,555.2547905533817,-369.8544180726529,-4284.344926926945,6451.215128704032,0
7.0,11.0,4304.025416040921,-3517.0468804607817,-4437.82713338254,3552.196573428998,0
461.0,59.0,-740.2526647051868,-5574.816501472367,4526.460779638471,-872.8486710725902,0
269.0,1.0,706.3796560053661,-5778.3757193741985,-246.00380347294777,-1571.0177156674295,0
474.0,35.0,-10800.027181210724,4052.000029455383,1840.395040981458,-5695.038339720628,1
540.0,17.0,926.3399752995642,-3844.2123570381436,3307.341849645667,-16649.842963474097,1
408.0,66.0,3129.190309959311,807.573402542386,-3194.24247875275,9865.07467461527,0
227.0,25.0,-1289.3260695139836,-749.6373836248158,5603.176522002353,-366.3525224553632,1
70.0,23.0,-3125.73023578003,3304.997931834932,228.94969734418373,5556.4550100592305,0
852.0,46.0,3192.5844184823654,-5510.54781017128,25.732348157137906,-6735.43347409767,0
246.0,29.0,-28.44019305129615,-3949.6468421936906,426.68040976785335,4906.515094582232,0
26.0,0.0,142.09079472564258,-504.199750237004,9741.167133283023,-350.9082229686463,0
56.0,33.0,2375.765392857379,2215.3793287746203,-5633.385930472352,-1763.6227569276398,1
299.0,11.0,-2711.1859340671463,-4061.4605780345055,3121.0222324442175,401.6281791650845,0
25.0,16.0,726.773658566659,-15251.488282173681,1305.4441213896353,4967.306060366261,1
385.0,68.0,909.6384383579659,-8952.832864233855,12469.290959536935,-3004.779290045125,0
317.0,11.0,888.323464764073,-1363.1925027705822,5162.873486864118,2992.917578065725,0
839.0,4.0,32.80300403867295,-306.10476260993977,-2946.405541847813,-19620.319059071953,0
626.0,5.0,2527.7690160649754,-917.8862906459212,2219.316336955339,-6255.477610984938,1
643.0,20.0,-1355.8969058251182,11792.213677987897,63.81133776614651,6788.672490718524,1
282.0,4.0,2858.0179424666076,-1785.21618642456,-684.1833185005191,5351.2487380937455,1
524.0,21.0,6211.45819667425,-9906.064308052797,1429.9571939252617,3387.2690511233995,0
704.0,19.0,3624.8987560766122,-4150.598747818513,2621.6002323347466,442.7632763131601,1
541.0,6.0,583.4648249297085,-916.5643072564435,6283.529175684786,-211.36405354704004,1
287.0,0.0,-2878.8315309623104,-3526.220235912003,1547.161318028855,-2348.5404976145574,1
28.0,6.0,-922.2456435950564,3876.9746871480493,189.419595973098,11604.181930681092,1
539.0,20.0,-2362.6848225936556,1939.6927779230575,1403.234117593259,4179.846541584854,1
772.0,38.0,8765.409717609538,-2485.6049296482056,4838.705061414669,-8651.784207720048,0
575.0,25.0,5895.023506568827,-9607.642471126865,260.5485326219032,-1458.533951264826,1
485.0,54.0,-1903.8594646219742,-1754.2568413650072,2376.9830770916005,-1273.0135007740146,0
332.0,2.0,-1704.1736274101897,4619.632346679476,-2501.850193266642,-10138.705302513848,1
682.0,37.0,11526.711470504248,9673.794888612023,126.18954002481019,-2096.7510411212734,0
237.0,37.0,523.7590481720786,10701.94079510771,-3282.1287258838906,4958.3540625853875,1
634.0,18.0,1681.6394659858604,-2102.5595511592096,2068.054444880002,-4747.322728202505,0
130.0,74.0,866.4695105385431,-1678.602958220794,-12156.590329862684,492.5914862089344,0
0.0,36.0,3668.4469890428118,-1933.571783918872,2673.9871230443537,4111.838495848124,0
765.0,9.0,275.45858498823713,1437.8404358937,3411.5849350713193,12822.877911033007,1
187.0,15.0,628.9057044079381,-1476.328393982707,-15058.386066061683,2257.317702522172,1
54.0,2.0,3926.867723376077,-10844.481352847235,6892.897955655522,-386.7532726647744,0
399.0,72.0,549.2911801786136,5138.2242829088955,3118.0000733069824,-9945.797529171028,1
346.0,71.0,-718.8873501375219,3862.267646986831,2196.5576946402516,-5679.432769003524,1
680.0,66.0,7613.990183655682,8324.116874674586,-961.4278859486378,-2055.719597674434,0
309.0,8.0,1847.6762138692575,2616.3751157402753,2096.9074815516674,-5598.952419208611,1
753.0,45.0,-386.3283232941145,4572.991013993376,2071.5496957598752,1569.8963044290088,0
965.0,3.0,501.54411089248333,3887.6790277522086,6136.802953541986,-195.77770012896508,1
71.0,45.0,6721.285329551129,-2168.327087583998,-213.32968124860008,6107.7660826032,1
301.0,25.0,689.0498172114613,-328.00422726354753,5593.791314437805,-5317.492862000744,0
98.0,9.0,-632.6625656938127,2781.225428182179,768.9533297728804,-2068.46333025731,1
340.0,0.0,946.6363414217267,2762.293435412782,2851.6517898664815,-6604.879006383835,1
220.0,21.0,-12701.073262074191,-3847.445640267746,-304.12183931312825,-15578.067337750603,1
803.0,44.0,2095.3049582129433,906.7898174588076,2013.1791564922564,-385.1305045029593,0
15.0,20.0,696.9327291569437,8415.555171493945,-12482.482977396463,-1667.726426405246,1
669.0,7.0,9708.03985154888,-1594.972357214577,4249.543470136775,-208.02195409014882,0
293.0,82.95,-6750.337410873008,9196.597828304224,-295.2436310388021,2535.765128301756,0
693.0,18.0,1259.5501876685048,2465.503880500046,-4209.787246340704,1118.0081902565175,1
855.0,69.0,1654.0376556932772,-4702.442649360848,833.3500838753686,-664.0211843235393,0
982.0,15.0,3071.9203603466526,5341.189759922669,-340.5483250236757,6214.781929102146,1
862.0,28.0,1719.5210938413616,7296.416213279349,3386.6724026209718,8934.100686839356,1
715.0,22.0,-3718.03962806593,1680.317302985509,2650.6289845084157,-2984.5019266049167,0
640.0,0.0,-4894.245019448266,4571.842138353439,4083.237590578362,1805.7275698114295,0
690.0,0.0,7953.017767092096,-1942.0596588020128,2723.4558343686654,779.7925191505542,0
881.0,65.0,-11.27992171672122,12323.59184555258,-1028.2285843905074,-2512.610509840886,0
998.0,46.0,894.463604200266,3028.4012759162124,-9492.049075743593,-11394.849357517882,1
206.0,14.0,749.4946647504908,2010.948392658158,1870.8644117572535,-18025.16971350419,1
545.0,14.0,1199.6049557371266,4452.294199336013,522.6639874086713,-1467.180766603908,0
642.0,44.0,-3716.4109121341353,-4501.841736189015,3128.4710577864143,3565.9933093308246,0
616.0,8.0,3398.53226848233,-1669.2513115937338,890.2417340750185,-259.38853054229276,1
124.0,50.0,-784.934684689094,-405.2165788962787,-100.8161981147698,-8663.461373732143,0
762.0,52.0,911.0270113929255,1566.3387322578924,-9772.781113999321,-583.0067964934674,0
388.0,23.0,1614.585408770623,-966.8044539052789,-2349.573159783882,2170.37683361019,0
759.0,10.0,1255.7727542816888,6348.800690035115,-3488.35964061573,880.5218181311654,0
460.0,0.0,8527.252670947126,9793.488583852579,7904.700875714432,-17206.82779629524,1
255.0,22.0,-13620.400147432105,-450.4903026348166,-7360.76647743032,-914.0076776683818,1
420.0,66.0,-648.7848563154707,3153.37922810498,2311.686666240023,-4883.526642263226,1
919.0,7.0,-6464.403713989674,-317.14868888156025,2576.726341281575,-5376.829996467371,0
473.0,70.0,1014.8213059974127,-478.6415519905995,3906.1139979202007,-481.8508852206064,0
777.0,78.0,2695.819630016739,-2724.2162507120647,8278.994513320036,397.64614308481634,0
604.0,20.0,-11308.705416437297,-1572.1572309525434,6331.333780883066,13021.544049136122,0
60.0,5.0,-226.68309001032048,11776.310307459484,3060.1776054223374,-1066.7834612970933,0
591.0,2.0,-1993.980114532926,-1262.5692781240232,-512.2350929805101,-14874.958384875925,0
659.0,71.0,-564.2355947101405,1600.9988681651012,8871.513569167795,312.5027630522897,0
879.0,4.0,3375.333918967842,4856.546067440227,70.64276771382895,-1275.0798386752867,0
895.0,3.0,405.78157695277247,-5419.4574257907225,3617.16352152519,2272.589446217634,0
0.0,14.0,-2448.3607970902285,3462.2081207946917,5409.974776513393,3810.3613180118364,1
75.0,2.0,1038.119363523209,-4099.917747889439,10210.062361274431,-1728.9079091479746,0
163.0,43.0,-4689.509605831471,-2645.4283799169903,6582.428244942662,-527.4096844600299,0
694.0,58.0,13392.584747335102,-13010.141061037513,9622.239884061433,-3051.983801821517,0
452.0,6.0,209.33583875024578,1585.380049134481,4823.559618868326,-2205.3430097271585,1
259.0,4.0,1272.9893518418596,-10577.615947097715,9585.72302906858,5062.5835363623555,1
321.0,6.0,-1144.9631969183179,-4826.05210396275,614.914267377098,-2489.078634922678,1
29.0,68.0,302.5748375862361,15304.947899125247,9980.230320509003,-5815.475333537336,0
851.0,12.0,-4578.098564105549,9389.7762162207,1563.4137729327374,2375.63267351895,1
479.0,12.0,-897.1995941042278,4066.840687613838,4802.263244236447,1386.994254351082,0
576.0,72.0,-22.38532225558643,-7093.708649489712,4539.886211175208,4276.945566359302,0
541.0,57.0,-9232.077346814423,11604.07697241138,-6735.023683844743,-4884.047480403217,0
68.0,19.0,-3864.9665861889744,1538.2011310824234,2358.1897381035196,31.61386268849401,1
369.0,19.0,1054.4689137818668,11448.790082299976,2502.8335259436776,8830.947655765847,0
204.0,49.0,-1326.609489141562,246.32055164021494,-1845.095972649301,-4261.6819917215,0
851.0,62.0,-24.021924821645086,4568.441388686494,2014.5907911507197,-35.29288855731647,0
122.0,17.0,3938.2103449213814,-920.8061954468888,4617.911713400134,2500.5371002698353,1
396.0,33.0,1321.9381823093752,-3621.788344447365,2083.4630960517275,14562.894606293481,0
379.0,0.0,4553.127785215467,6493.147498391161,-178.85139231636117,439.47930082298535,1
823.0,9.0,1121.4318225177296,-677.9307565858335,645.4089066418849,-259.2636392592012,1
157.0,5.0,1720.2590132885446,-6686.623024873408,5809.738072397082,4609.427378352716,0
0.0,4.0,9359.71593952036,-4038.077077356399,793.2545081703091,2104.002568250583,1
467.0,18.0,971.0627550842551,-7144.911654405062,973.2153105784677,-2535.0949560201193,0
58.0,26.0,-738.4378951491708,-2220.338889560173,1464.3709421204628,397.70477973037623,1
169.0,10.0,7441.514834843845,1770.1168451500348,5799.045808467954,8748.676550596738,0
762.0,5.0,521.9120202206423,3666.195780014674,1161.7071410979524,4516.881293888129,0
795.0,28.0,-2392.685965315922,15.370769344910059,-5.5688855738292204,-11697.53340819887,0
561.0,21.0,5742.400970388199,-2384.300950820506,582.646342106576,-865.8446542920361,0
575.0,12.0,6537.3598435908725,-3630.775446636495,1223.288422532804,-761.019228995587,1
479.0,14.0,1508.623403511648,-2976.9368226985334,-3588.432497924314,22.843713507558277,1
695.0,12.0,-8877.68492440657,555.4212520380623,-2719.2374889164003,-1890.69788785953,0
927.0,24.0,1781.8504521670689,4154.010934380025,6844.3470566144915,-3604.0071907184174,0
580.0,28.0,2535.6261464149657,1181.5622068473183,5787.969946463265,-3711.624159237552,0
966.0,13.0,-2457.600273439927,7835.879024368007,702.3029581063806,-788.4051605874876,1
308.0,61.0,-7674.363953298644,5743.4531467753095,971.0950498245818,-8206.964933883617,1
111.0,27.0,4855.332972215202,4802.375650652869,-4614.718599664535,-4042.9963392645104,0
412.0,48.0,1142.4739522508232,-17980.10131572715,6049.496753684723,4803.846951896201,0
237.0,8.0,-2261.219369689841,3968.852588733811,7624.522764809605,-744.3871026176855,1
103.0,56.0,-4970.481566412942,-11444.854463181964,-520.8341012658908,-8769.898971904498,0
878.0,6.0,-10274.182522944922,-3171.7468216865054,-243.1563474622144,8489.383626922352,0
725.0,40.0,2863.1047911542246,-248.76593971913854,613.6727601242203,145.41853926235638,0
566.0,9.0,5946.967866942896,491.9141897223294,4824.055966214952,3785.2605439683166,1
395.0,24.0,2428.722856606081,6703.31347193947,3346.3240718192756,3494.1980046325884,1
258.0,29.0,-1560.4232784946544,6235.664255737035,156.50524631749522,8628.943065681393,0
285.0,0.0,698.9303270867647,11316.669682547832,5360.6639373907055,-4237.194035743218,1
344.0,56.0,-1894.7291693545717,-18004.40704147029,8632.183641796048,2301.036253675528,0
403.0,82.95,1233.1864121504714,3446.7572418160385,6788.584774900328,-14673.43096159866,1
85.0,72.0,-364.3863314077648,-2392.2835966601256,-557.5109973670874,2444.6408170813575,0
159.0,21.0,4918.937488286598,9524.064466176538,3063.8600187720203,10519.748013917499,1
362.0,27.0,3017.592931455308,-10471.75847306116,6896.856814171324,-1959.0598837868115,1
95.0,66.0,-10210.629045859563,240.60954009309754,-38.99225658874755,-2586.3282792603286,0
989.0,0.0,8871.112468881776,1326.600774547013,-179.47058109577762,781.1335592017965,1
435.0,0.0,-133.39650211008893,-10533.621018389244,-7937.552098754128,-8204.877007548015,0
714.0,19.0,-1478.4928564345541,9721.199097675068,7654.810065072982,306.36900265735767,1
958.0,53.0,12175.208977578168,-2984.009235476039,782.7050149018727,11857.88780646271,0
345.0,16.0,467.21003494364527,-3990.370857990528,2190.8759255231525,-3935.5287444249534,1
929.0,16.0,8880.271265798152,-7614.537247379219,7497.131193199555,-401.42320018150656,1
802.0,0.0,-5529.5176863540555,1144.8294074772816,3901.961423028821,397.67392400604876,1
750.0,19.0,11738.592270017161,1540.5753597490127,6129.784353177114,3164.701679039982,1
798.0,23.0,7247.09493185269,971.6933152082265,2374.314946918592,802.6553300362801,1
381.0,0.0,184.47473964903187,-13255.000566655603,4532.921855737415,175.74913907982432,1
232.0,78.0,1015.7337265883086,7124.390101676458,-9008.388746749413,-11234.282660100105,0
26.0,7.0,-41.33840179942251,2247.9037515360983,525.5093867073206,4825.854564224064,1
705.0,0.0,3192.7708154291518,3685.5527489077917,4115.2355831529685,800.4697455385126,0
288.0,13.0,909.2842498918676,-339.12261612026487,9190.026241327838,-3931.0953506038595,1
646.0,26.0,10273.929559935366,9540.015334499974,-956.0599128438739,-2217.974092043106,1
823.0,15.0,2433.0038721257934,1583.684099618928,157.8663278080041,627.9343504046751,0
184.0,4.0,646.480654063047,-4817.064869157587,2864.0536291993176,6149.061112777286,0
361.0,19.0,6367.893796153555,-5636.284388656011,6016.03094545476,-1693.1325010542596,1
378.0,0.0,-4213.522719376017,4983.347095762221,-12080.283045019183,-2275.4203018780154,0
217.0,82.95,-1915.0928432056735,11253.391470848012,8278.122380659208,1139.9784006735658,0
292.0,3.0,-48.076827481677014,-1701.8059409963626,-11010.978016332227,-259.81013194629315,0
337.0,10.0,3220.514193923252,-1736.3048387717497,-14568.622322991496,4026.97583212811,0
742.0,26.0,-716.6929816008642,5230.438406439664,6830.397382726286,-14491.717931837942,1
548.0,0.0,6380.85985653265,-14137.945507450804,5325.930572645355,-12354.495578522561,0
205.0,43.0,1631.7082631934923,9389.934019530183,-1338.6995939608423,-1621.5318571726143,0
647.0,80.0,-5971.218638122176,2246.92767072923,7253.663737599298,1143.9811167366215,0
75.0,9.0,3141.746680833379,9913.105986989443,-3191.368569196785,1606.0737184640454,0
764.0,9.0,-5015.107365141436,9721.636688152372,9946.377907221071,-6543.815627833608,1
498.0,7.0,-316.8520051370394,3898.0856953348743,893.4002343495424,-8683.577716396821,1
982.0,0.0,-820.6461338786319,1060.1480159965051,5555.2557015368975,9720.456828370341,0
788.0,77.0,-4532.372668013402,2570.6929707498584,0.7444343215936158,-11548.413194653456,0
729.0,1.0,1707.0046244187163,-1035.0634119836268,-8995.278935949917,-5918.444259853857,0
785.0,0.0,-4821.958526893046,-1311.2582902593463,779.2052274710167,1558.4001013542147,0
677.0,12.0,5306.792571376725,2972.610221434825,881.258708873708,-1814.7109966918088,0
383.0,16.0,942.5967738114255,4515.994335351095,9.916800403185803,-4968.016803481178,1
176.0,52.0,-1172.6623072030527,-3617.7025473128706,11248.062832373482,1903.0287049402245,1
469.0,6.0,1457.4163434087307,5859.818896565493,8478.072382619544,-16275.545786922434,0
487.0,7.0,-5610.569913615956,-2314.2322882095905,3030.2616780535564,1846.4377503763317,1
319.0,70.0,-7527.714619267441,1432.337970485978,3066.4159828598395,194.4792284250459,1
455.0,15.0,-1926.9555618498957,4035.925464649475,9967.285334913711,21833.11396484375,1
598.0,63.0,-225.02432407321947,-4508.689066706189,9193.45331851747,8933.719083614045,0
568.0,3.0,-7183.772078221357,371.248600929408,6285.596796660824,-2864.318067048278,1
73.0,0.0,948.2349221065363,-1561.4281898152772,3042.0613080378116,-1437.7522251651258,1
11.0,2.0,3651.1477224585906,-4819.795016322897,5497.448231563575,-240.2101714545547,1
483.0,44.0,2795.0783945423673,-2854.97609501204,2688.6761573826025,90.74784573835723,1
534.0,13.0,1386.4896410964668,-3029.929304408531,1938.1332384562165,-1588.7677288364698,1
102.0,3.0,-850.296332042615,-8095.487545363152,2480.123273488556,612.4443114987125,1
874.0,21.0,2671.802743078878,-912.4820369928334,715.0193443035647,-5393.493547654953,1
69.0,0.0,-11232.163464846582,750.5879329349643,9967.780713516946,193.18576096089419,0
599.0,12.0,-2380.623507042109,7455.82215257536,10124.37474125838,-530.458972367264,1
763.0,9.0,-242.41118170226338,8573.690073420756,5669.254902670176,5983.569076872171,1
801.0,24.0,1870.418374854397,8884.313807997118,-2671.1071475281788,4996.760234723872,0
0.0,58.0,76.48826730319206,7034.301333312791,8380.432628508359,1885.0431211741966,1
813.0,8.0,-1000.7699322312217,5788.626064950124,487.9657442088873,-3477.532035082328,0
610.0,6.0,-12424.55421630517,-8819.280288694192,567.9033733662645,-2580.598333360709,1
309.0,30.0,-6930.887938720736,-1424.7935317096621,-7630.471924941585,-3678.2298098982747,0
748.0,0.0,7926.526790799564,-512.891823833935,5233.127984390038,130.62326633626162,0
722.0,77.0,6651.75274396172,1548.103855839932,37.49250955406774,5293.850734404252,0
47.0,13.0,703.522907840637,-2271.552259539557,1114.2093983280238,2494.6095894362406,1
1001.0,38.0,11591.536650772725,-2084.9970574553954,775.2374879289883,-12017.850095602702,0
286.0,21.0,-1660.720705272212,10761.45181010215,207.86079670311096,-1254.9262265413704,1
193.0,5.0,-402.9995378014535,3809.82699065446,-7955.266191231683,437.45129302846277,0
1045.0,53.0,-3909.438244792108,6326.061216353542,6823.029927764939,-4871.284352919707,0
703.0,57.0,2197.892325425886,-748.7560377814195,-1825.4284023352961,-1785.8190326630584,0
652.0,2.0,218.28248739769424,1087.3502451628842,1978.7109176500967,10296.003530404621,1
162.0,42.0,-2234.889537635908,-6886.132332282743,-10314.694589323293,897.5373226012325,0
870.0,28.0,2434.913170698907,5108.087065885204,-548.8768352527234,-4501.242763428805,0
666.0,68.0,1445.803907852144,2247.950738562319,2739.8811245206816,-763.4424678635113,1
609.0,64.0,5020.436461487879,-5762.253955075554,-986.9316796991682,-3568.7069993800646,1
1036.0,54.0,740.1992117413264,858.0341404206918,10437.904510452161,-3605.105266635373,0
785.0,28.0,2866.8472869196303,-3511.53864667278,360.4287780833115,-6959.9073723781985,1
265.0,5.0,349.4542271835196,-3745.807632729554,8790.32422630626,-2115.7303069974705,1
540.0,23.0,3371.4712481595025,-3226.9955309171555,4134.24413805481,-220.21754147965112,1
90.0,25.0,1461.8183743863162,3529.258398710591,1729.8351215811463,-15652.159445874986,0
846.0,6.0,1796.1189231212686,-2643.1523091274676,9226.135740568714,-1586.5501475512888,1
141.0,48.0,-0.9299768203352414,-7823.537121748404,-626.2302102907801,5764.980707293916,0
894.0,4.0,-2972.2386705071685,-4493.813539279731,-2583.844444388741,1547.8596424871587,1
574.0,4.0,9919.534437110586,7823.385780102251,-3246.463920081807,-2390.0494710647977,1
973.0,31.0,-1906.8210226467909,-5209.732276826462,935.9773977289996,3208.647134384063,0
651.0,20.0,816.4691880333894,-3061.253129210667,1748.8830695226115,2496.3098434954063,0
991.0,70.0,2548.7500354544527,-1695.1693769256074,2893.224852858424,-4527.813154460056,0
776.0,9.0,-2941.5892246270014,-5852.091189143005,392.6501191622448,-1831.465385886675,0
896.0,7.0,1882.737965011102,5881.843588265817,2761.861251404813,-674.3246906411858,1
165.0,62.0,-9310.260599839003,-5182.861038544272,5194.995333991003,4737.2283014997265,1
184.0,46.0,1341.9456320291888,-303.20458427045804,2943.088802850337,4116.551543506438,1
365.0,21.0,6931.905397082938,6662.449916782103,-5339.806098759077,-895.4863762711511,0
970.0,67.0,5243.753369652164,-1776.922586975618,2668.6876471543933,-4225.675652872767,0
457.0,1.0,-2541.2229477074898,3938.1744467962308,-2724.6876255586612,-2615.9000970890984,0
0.0,32.0,-505.7878605609362,2060.387541441592,6770.304754731056,-1040.3624685337627,1
635.0,32.0,8906.984074432195,-8300.91204307542,6900.204548824221,1294.8048041002496,1
480.0,6.0,-6327.435828040616,3069.376360890281,5402.524954324991,-414.5699265482041,1
50.0,15.0,2627.3497835596663,4514.411673255521,-2007.61131661645,-1541.6153093443816,0
618.0,16.0,-4088.6980590360404,-1680.7358784162784,-16352.134951115098,1035.6697467165127,0
709.0,43.0,-1646.8570074237157,-4801.133601632784,-4535.557851287442,15614.682119631774,0
941.0,12.0,-353.11441685418635,596.3982907414261,187.960520800601,-108.52396140025803,1
0.0,19.0,1695.1545522762976,-2065.4883992071577,6619.18450731019,8777.392426049799,0
480.0,14.0,200.47697419956148,10722.879671202278,-3867.5329731782804,1749.699569061732,1
475.0,76.0,1122.6279224794516,-7295.4243886313125,6949.874862145718,-2335.5993065206767,0
330.0,41.0,553.5202084057273,-5235.718735655075,5249.959938101805,-11827.234081858594,0
926.0,32.0,-10154.83506559338,-1352.8093984147445,6125.1525296037435,2544.514450790174,0
726.0,43.0,-1980.3677563356732,18819.08708818131,9887.870218276863,-1333.5222463362688,0
542.0,46.0,-4703.117154491604,7622.2520523301555,-1741.6724741680544,-11021.870466113995,0
262.0,9.0,194.1682371405518,1288.5175519533086,686.4205755071631,-1638.1673327823714,1
656.0,17.0,11511.276336620993,-11677.794114704095,6982.101777499577,-6480.370809964192,1
150.0,31.0,1219.4412257525055,1684.3940915151761,-1778.2569083859007,-125.74669015434097,1
530.0,0.0,1205.1881783715755,3633.3786446080753,1888.451710526331,250.58277873146818,0
476.0,10.0,-5070.8765467734065,-1235.0764243798712,-3437.8450696625387,2113.707979005716,0
918.0,12.0,-1978.516461011377,-405.77406467086485,1734.4977469435528,-2100.4974453463633,1
220.0,23.0,7953.319211519534,3179.909764211034,9427.597166153619,-6046.5701364562065,1
731.0,28.0,-1240.6550881719536,2517.6779018423795,661.386180655357,349.8570977496106,0
346.0,12.0,-792.5908403385617,5779.379919252012,2236.6745542961257,2928.2940410761694,1
980.0,55.0,1681.3882735419886,1018.642236381625,-5014.813744453828,-4202.731746033288,0
100.0,11.0,-458.60988769097895,-10305.121106821676,-597.2727778561753,6236.668478645659,1
137.0,8.0,2302.866912542254,4213.247652561753,6598.049113582001,4860.414532112525,1
24.0,0.0,1979.7946109641568,-4394.5598572245,5188.314443792342,-3200.0386950399698,0
201.0,7.0,-1510.2688402118317,-3744.190711076946,-237.6243396665817,134.48382995406473,1
130.0,1.0,5728.066751881612,6158.764270913884,3120.3359834535017,6756.623008595614,0
1047.85,18.0,-3840.2396626289546,-13102.76169166052,5090.976690502679,1083.342290085105,1
750.0,7.0,684.8166914978585,-4035.5947709495636,8119.02597053764,-4463.152460348772,1
734.0,10.0,827.8447612142897,8392.24870170575,8340.460845345593,4564.591440688967,1
690.0,26.0,40.30019189332788,-999.7847904742084,-3802.1531869157507,-3296.8338484625224,0
266.0,66.0,5131.007478446936,1555.9292880894427,8284.1634802146,5965.844529832679,0
477.0,16.0,621.6055797774975,-1122.1079336058199,5672.99283331894,8746.720655890003,1
459.0,11.0,843.4178598681458,-2524.3489532289395,3718.791084336574,6061.893219010574,1
406.0,0.0,2969.8028742593247,-4245.254624229987,1621.2072152301223,6573.232177683461,0
169.0,0.0,14864.093706969306,10053.665138038547,10834.34492874382,6429.852152590984,0
862.0,34.0,-391.43070177311074,-1826.7417946679343,-73.14793980717369,-29.36212130510586,0
974.0,79.0,383.1128529046689,4077.682557454596,5724.97513308213,-4987.976556581761,0
689.0,26.0,2464.9934483121324,7493.51510607002,-11085.501247103597,11854.45349079362,0
262.0,24.0,-374.35295337471655,-1661.5765309518233,5486.858381555665,545.4436073223287,1
580.0,47.0,1015.698980391816,147.75943688223242,-394.02861179106094,-7818.073569793905,0
575.0,23.0,3810.119590071553,5067.641671309349,7378.044979543778,3965.5281089807204,1
398.0,22.0,279.6067629605314,-1765.3054756852105,4251.527236089511,-115.26509239239658,1
734.0,35.0,-7526.099154667449,605.9230570080466,155.04270585373894,9484.06867970015,0
261.0,11.0,-4191.13244922909,-4349.542289871949,117.93324462815565,-217.19614416191598,1
518.0,1.0,1106.1289056569503,4016.270619711462,-1974.5252127685362,9619.215753679762,0
322.0,64.0,1124.992096455494,-4682.807033535819,-3590.7775623869074,-479.59874926846896,0
859.0,10.0,462.6637496516314,848.233046064437,15399.131488586778,1500.1784682589978,0
813.0,14.0,2939.60864301045,12320.501165143854,1998.6603661841168,-1854.9703169738066,1
442.0,20.0,-5874.808182258724,4218.224988139483,2939.6453770836542,3195.2227783229664,1
217.0,35.0,8009.411630494404,325.8418307378513,177.50575189748525,4756.269194979614,1
154.0,34.0,-65.23828226304704,8801.311252609574,4918.800389702433,2693.34495694725,1
106.0,78.0,4171.6346415937205,4485.057705819265,1097.652084235818,-4503.024867857304,1
105.0,24.0,4746.531186078509,11059.918762759495,9071.316579843318,-29.20943540133794,1
1005.0,2.0,-2653.6642669678545,-364.34963660571856,7679.52816953999,6441.832603664819,1
847.0,16.0,2447.1396935900293,-3235.314737074338,1782.220018402773,-6182.707072505971,1
909.0,18.0,-6267.696162171753,-10200.228450709015,-2651.9345608252625,-334.6880249309294,0
866.0,19.0,9805.049569427476,-2370.6811572755514,6765.094007140579,-5960.103053490217,1
203.0,14.0,16229.017305229665,560.1575980193675,-864.7730027261881,-1407.7664539741031,0
554.0,11.0,11603.861219379429,2590.409355318525,9680.941373317355,-1305.1811934310804,1
768.0,17.0,165.04834549960833,-235.54251374638244,-189.94664978712183,7294.121962914645,0
716.0,25.0,-157.41529027008528,6895.420150048216,1043.6814408757634,-788.4885224280964,1
0.0,4.0,5391.662187156834,-1930.853263422056,4172.924433887643,5239.472415441851,0
883.0,2.0,3510.889232996635,587.0426615008442,842.1244547571067,3164.4351024876414,1
14.0,43.0,-966.2440764215655,1120.6246797975416,6876.838222852538,-95.42808693503821,0
540.0,18.0,2267.283904898983,4661.974138221982,2698.7414148299627,348.3431052252628,0
133.0,74.0,1733.3873376498946,-795.1201664112828,2489.5121556299173,-1652.9150433216532,0
458.0,76.0,541.6844316806182,-1230.038411265868,-13005.37949241523,-5323.263421701142,0
88.0,9.0,-282.7174181213031,-956.7105140193858,8517.441915684602,4213.04704973228,0
490.0,8.0,493.40467615949274,5637.594158108714,3551.9646684180348,4842.486555079922,1
300.0,32.0,-5074.602576145924,7145.044647222859,5481.198806617537,478.73095313518934,0
863.0,29.0,3472.3299553829734,-328.5148964667326,-902.7939482566815,6567.406287648226,1
1032.0,45.0,2140.909036359071,-10368.050080532204,4784.304164510145,614.7414190270065,0
798.0,27.0,563.5112996697289,-2584.7119457366075,8706.91826893591,-980.9370617696385,1
12.0,5.0,46.835898799619144,-3861.6117453144325,3555.7735583938947,-4952.099586219943,0
433.0,76.0,210.1400832471909,470.48491772839384,-1571.9361030766731,470.69249863864354,0
46.0,4.0,3808.763549447282,-1200.3898431241535,4102.259612615593,-1583.4914884286104,1
659.0,12.0,-4217.901346875493,6806.561203995404,-631.9958842558905,4024.149377514552,0
563.0,20.0,11655.470875840068,537.7987291027622,-1275.6388221905768,-1358.2195899694389,1
158.0,56.0,2483.020068913179,2004.2644641483816,-5127.693951123539,-5511.856232276701,0
310.0,28.0,9593.105567858125,2063.646648772051,1834.7233496148851,449.65694919429825,1
153.0,63.0,-1756.353455747232,-4591.492710096612,392.032988319071,2964.8789797406744,0
811.0,32.0,2462.119083238794,6161.535726462988,-1843.9868537977693,1543.8307825260554,0
883.0,26.0,-83.82354394453859,-5988.483596545501,9950.306552120664,-4300.952361720592,1
208.0,21.0,2188.5875289905553,-3949.1170226702907,6228.6987040575,-3171.1359247573314,1
164.0,3.0,7978.2764595700955,-17148.75598959985,5157.796371528393,292.27856888854603,1
633.0,19.0,4959.635481718082,5029.699020963468,4501.764110815502,1457.3761969295394,0
597.0,0.0,1203.9524443898845,5304.46716731129,2042.1419035643364,5331.608326665994,1
760.0,24.0,-6631.609789103327,285.003526992311,7586.428000182021,2635.5445773801625,0
173.0,43.0,-1569.578792446633,2943.787836453358,817.094641724322,-5653.15792637519,1
654.0,23.0,354.2938850181912,9357.256919336469,-464.5144722230516,2722.8486662314467,1
839.0,13.0,249.24573856117874,-3135.771772900087,11962.557319394004,-2.1312801602202853,1
865.0,16.0,2596.373796186549,6404.179302473581,7105.205822041001,-86.65546082087803,1
740.0,28.0,3781.363005263329,-575.7029405115356,587.8044630873528,12817.981721358483,0
738.0,0.0,1491.269897207397,852.2097313676093,865.3857504684992,-594.664512716508,0
361.0,9.0,3903.1579811801475,4155.784230605996,4765.046066541958,-2038.3178693289092,1
35.0,11.0,3268.52715835075,4182.045575979646,462.4106994672727,-2847.2089317359096,0
1047.85,7.0,9418.21053675503,-7859.947065657932,4329.067654347182,153.75407654460014,1
1013.0,50.0,-9918.01133389734,7241.2826041591825,-6650.705111962325,-5804.432393423256,1
531.0,27.0,792.8716009400025,2934.7489653981074,6518.705029511451,181.1006454101888,0
473.0,8.0,319.5830030382442,-2334.120873728202,-651.431181296724,-3952.985385513344,1
55.0,16.0,889.6354475876551,10552.953766079821,1945.600676513185,2553.1810994242487,0
514.0,67.0,8296.486717195783,3366.5153087902017,200.36519228312983,13619.665445484376,0
712.0,13.0,651.3206965439888,-841.7110208342629,3314.930479079335,-2242.191890616457,0
934.0,33.0,5719.3591950512055,4370.154351020423,2718.0849490244746,8071.514727876438,1
1009.0,3.0,-2319.450306843913,-1523.033493910808,7511.274489883536,-4405.590059138337,0
14.0,79.0,10047.397010891858,8271.628871852932,2247.4649100582287,1852.6637133655586,0
212.0,72.0,-619.1191711882276,-1419.1017846634154,589.5640099018826,-5743.9001749736,0
155.0,1.0,-828.3294861967336,-12999.902569093207,7445.693839756517,-3949.3775950738755,0
1025.0,8.0,3120.4489520755847,21790.355136310915,-334.573908390783,-3545.961695029307,0
382.0,15.0,5723.355821763198,6670.933568483053,-3877.269553424385,-5866.119753185154,1
834.0,35.0,493.8091259591036,14200.6511748091,9552.001047928374,-14041.969621954624,0
634.0,2.0,-3604.3675469578875,6992.928023219601,6652.863215685487,-832.2856494205698,0
210.0,23.0,-3861.1102227415286,-5389.514996608828,11278.723542076172,4647.737104151043,1
914.0,0.0,-3724.0970332509364,-3177.573370521701,5027.651709672772,-4043.468580734075,1
150.0,70.0,1966.9084219362117,10567.661251270116,6436.743993100469,7548.860518654421,0
386.0,12.0,3141.0410595484286,-4250.624620785698,-1780.319720748871,2736.5424728870835,0
860.0,1.0,-408.78773333812245,-4165.8046550073295,1600.0422942023297,-752.6250921296191,1
673.0,34.0,4385.428493874977,-11372.126071921406,1639.881453530162,865.6038983288686,1
0.0,21.0,5283.541388746296,4597.796808707439,-851.236931635374,-1483.17460157682,1
896.0,36.0,482.7885872106467,13519.39193603061,636.2610576412164,-866.7863923786136,0
959.0,65.0,63.56409834742723,3688.204181469773,-12359.684956047851,1011.3110617148427,0
847.0,11.0,-826.7021987221729,953.2561943841433,9169.86888335776,-5697.948366087054,0
317.0,0.0,4093.239743480015,-2227.508127384385,3807.8620281278336,10509.045741938931,0
142.0,0.0,2515.77447909689,9164.815699152656,6094.828522081552,481.9090182781674,0
581.0,49.0,-563.8981880467109,-679.1331633989266,4468.108396613985,-3227.833116867334,0
180.0,62.0,14339.535732793032,-1289.2862161896978,5543.063705266633,831.090162081286,0
338.0,14.0,2271.4449876868734,9296.778453678553,3481.1557280284487,-5824.115365245688,1
584.0,63.0,6554.995662523592,-716.6268085133065,2511.657471045192,1745.5542140517655,0
286.0,13.0,-6465.348935025853,7503.735754017893,3091.9731581951064,-538.8739452332288,0
278.0,14.0,7696.842515863531,-16520.609328630893,-6794.610269883795,-4017.1272294164673,1
753.0,0.0,12023.933238573594,12135.878959805195,1206.0157420215846,8035.860012987569,0
653.0,3.0,5387.823757439843,-5137.860231914785,-912.4881964716524,778.9839623657956,0
302.0,51.0,2668.9661916420637,732.5377054217672,-589.5889039967301,2514.313676430123,0
937.0,46.0,11167.907082155598,-509.448547587636,2383.8240662170915,5959.504146462728,0
666.0,14.0,351.33906115893615,238.3426250235625,2850.091654140342,-2025.3587074637544,0
518.0,25.0,-58.92203342036464,-5273.736421211773,9001.19103108357,-2173.481948647352,0
949.0,18.0,-82.35140650740593,7990.690721595698,422.9769004891268,-2889.7859205019176,1
619.0,9.0,1158.2284885800075,2018.1356033224456,3359.1451519885604,-2765.9396788393465,1
1008.0,7.0,-6156.5825014341135,7029.7079365198915,2738.4903096541484,-1146.41603791483,0
455.0,54.0,958.3523037323707,1093.7741751728063,-2615.4545652108463,-5188.244963211386,1
1021.0,20.0,-21.91685194710911,9259.095275308984,7581.6902074039,1283.4065048677842,1
68.0,25.0,2753.186870398624,11382.139426275284,-2048.3907038191437,-597.5359785824437,0
912.0,20.0,2261.459421750016,1004.6671333970685,6283.569347832477,-1001.6943690081627,1
339.0,5.0,3860.294318308792,10089.64976921556,10941.928608107173,7313.311930990101,0
54.0,24.0,3522.946110702295,-1344.8824913958451,4926.010339704427,-5986.325709368695,0
205.0,16.0,628.2268806705151,931.4144064920542,10629.479494458,2594.4709765342677,1
931.0,19.0,3042.1404680310397,3867.9033424522095,2028.4626898196898,-4377.134802894656,1
194.0,31.0,-87.5129940378142,-2977.853626330843,-270.04530809445896,-2827.118586805745,1
351.0,6.0,724.3841786148912,1400.7808721295332,1417.3693859873786,8458.850434008247,0
609.0,9.0,2193.870997585216,3536.873611736062,1327.5840634795068,-1224.5841872024175,0
784.0,25.0,1383.1095762531766,282.07399193160074,4003.6194840201324,3067.3758149917485,1
324.0,22.0,-2855.928778546482,5943.061705915086,2144.3611934524347,4266.629876322863,1
1030.0,76.0,2870.424102649417,454.337988603503,4333.926992441907,-752.8860280721865,1
935.0,31.0,6048.309995700234,-995.6216365561086,6353.116856535045,1267.9307206957535,0
779.0,13.0,2107.3117971313645,1013.4741640017132,-1506.301349423963,9828.919478844267,0
957.0,13.0,1480.2769379665442,84.48234136488651,2216.8900976942796,-13285.672131462741,1
949.0,26.0,1674.528829218031,3128.2227581222633,1090.599116393153,-5869.540088551463,0
624.0,35.0,1433.481528445744,3973.245186355398,1907.2751161916021,-931.2824456084758,1
777.0,10.0,2000.4761675088312,97.78925858634892,5317.221747646434,4618.568989722241,0
540.0,4.0,8420.648503774337,875.430074198875,6321.410174669682,11052.423040140797,1
117.0,0.0,5015.554416511063,230.7559393978404,597.1717661552304,-3149.124167252593,0
3.0,60.0,-322.8969575472564,-3349.898722583498,-3484.0850024248566,-4428.981747170171,0
821.0,0.0,-412.9667612039456,-1496.0300896221606,5658.056133370374,1191.8306574677547,1
592.0,10.0,3338.7615544713817,-6110.620955486376,10402.2840131591,517.6508364314595,0
88.0,29.0,-130.74841392268854,142.7153589243461,7663.966440665996,-900.800008152756,1
478.0,36.0,1717.938773004194,1097.6611616296195,6589.31062748449,1671.533047523345,0
260.0,23.0,655.8547913817151,-5584.175037669342,11379.539464489548,-16465.471573028135,0
145.0,52.0,800.57314241789,-11256.985579629612,-818.0656310969039,-4360.166581365611,0
786.0,3.0,-1346.421880547906,-2257.2952260479024,3905.625091324652,3821.7656780965453,1
1023.0,0.0,2363.0026345992674,-1684.2968901604468,5441.572469796033,10560.378956380762,0
559.0,4.0,2971.1374590473224,2655.262555475492,1678.4743657458782,236.05581584938895,0
762.0,0.0,227.03597798045644,6070.675005193481,-2246.8139697176234,-5861.880565012267,0
99.0,10.0,-305.97913006960744,-2986.361332808433,10167.409038217951,10715.12372634875,1
811.0,20.0,345.02056888446486,6406.533991047553,10046.445635398772,-10902.647925679672,1
694.0,20.0,-114.85740121565775,2295.032472574669,-3683.046264481628,-232.6404851464922,1
686.0,25.0,2908.820578165818,1485.3397224144537,-112.5418785513354,12339.139993782323,0
897.0,1.0,157.81573514165757,795.56858401925,-1494.3949746260098,-1746.5475794801218,1
451.0,73.0,-5995.5786529220495,1104.8261362414269,-3733.2219272745115,920.5015468529427,1
922.0,59.0,6545.41680190346,-397.3044345990718,-33.028566985570706,-380.8403988071502,0
632.0,2.0,380.73235406844793,-457.0525006360377,983.0222527922901,-1328.6184062572984,1
501.0,14.0,1679.5480140447844,13677.011195536921,750.4560889570517,5194.767961398289,0
347.0,13.0,-14833.531582903106,-3040.3614750104375,8492.716856287052,5497.780329472251,1
1046.0,28.0,2970.590432531623,-962.1590427025499,7796.00472004561,1237.701398202183,1
1047.85,77.0,2201.4577106497527,2171.020725906758,-3066.686407973307,4354.596432967924,0
792.0,0.0,-4345.024424760499,-2215.3845959556993,177.58170801623754,-4921.069289844759,0
248.0,40.0,4167.543211523545,-10410.392389942397,-616.8882778908267,641.0216680667418,1
481.0,35.0,1012.8561109126467,-1780.8805056185324,-3832.174504676277,1305.7591455484012,0
631.0,14.0,-1060.0803101476179,8397.623978785101,1174.5050722164933,-548.869090136314,1
377.0,18.0,-1145.7751878787662,124.12741782710202,-941.3236294101544,-2460.05360683237,0
894.0,9.0,-8437.138213077626,-1716.3667811722626,418.83655006257527,-12420.488822251642,0
736.0,68.0,3372.050427287736,410.6657857847854,1437.7349581665899,-4138.8166415002015,0
737.0,36.0,5668.899670993389,625.5500060239656,-11767.19517751468,2599.2151991004457,1
752.0,18.0,7186.363935346189,-1193.3102007769726,7038.898846968191,383.93578586838703,1
84.0,4.0,263.02519114635334,-1684.980659229913,5077.738078244251,1113.7251530403848,0
201.0,19.0,-998.8437999153751,-256.1515593880816,-296.7191136256727,-3162.036702008629,0
787.0,63.0,4034.0560954125885,1844.171640554363,392.8752284101922,12611.411911264868,0
754.0,11.0,-2341.9338570464406,-1727.240018219599,9829.52619682171,-3497.170049061789,1
860.0,1.0,8202.157491677146,-385.52781516276036,773.3547363751323,-1034.7977787302902,1
290.0,4.0,336.03257255876593,-3925.6242224820508,357.1007515143332,-2303.3295722711828,0
258.0,0.0,3045.4768289667763,5935.597398339551,1843.8727810722476,6380.356919361203,1
996.0,6.0,-529.4993528685665,-1607.5233490475182,4366.30173461783,8598.511389282727,0
302.0,28.0,4920.026636690355,922.5959617712731,2891.6784494907834,-9630.151532521772,1
816.0,0.0,4050.2136083009073,-274.3380434457881,5348.409747325966,1821.6614684948868,1
126.0,10.0,2258.9392519359862,10359.360229054946,-2593.2926206830016,6933.444904937374,0
846.0,77.0,4575.296117236393,-8316.769158953299,3260.8329135996933,-5213.30281886473,1
419.0,51.0,-3361.352621823982,-4476.2833875377,7399.675467848916,-4762.774463579376,0
936.0,0.0,-1177.8763541608155,7992.96561393904,3294.0993523050356,-5276.567678994261,1
812.0,1.0,-1117.4145001867425,7385.9554460394065,274.6203305655582,-321.0213875473828,1
688.0,12.0,1946.0860175264186,13236.74582693067,1168.0844623975693,2843.5677200822183,0
271.0,3.0,-4602.472966933201,-1520.8028790051344,1028.2961305967315,5690.760717014453,0
677.0,19.0,-2511.858066659461,1595.2930031133162,582.3191900068388,-14115.244534216303,0
112.0,17.0,3194.7736303417164,-9395.414877128966,1300.0339492108608,-14455.663948898424,1
498.0,64.0,451.01009322529535,-160.955171802706,2389.3687990630883,8320.082733200376,0
419.0,2.0,-1806.284124088102,-3291.9121794870316,3280.2798933748604,-942.3736444843706,1
507.0,10.0,2229.4287697480145,302.6862106063677,3341.2324085072314,4557.954665711861,1
420.0,65.0,4457.599066491756,-3186.0613770030423,11689.683479721454,9610.067100694356,0
882.0,46.0,827.103965037591,-1168.752677586793,3686.2490503039517,1027.1153384889203,0
21.0,20.0,603.6976480881177,3873.581254604467,6331.996579560977,903.9759351465405,1
196.0,22.0,2616.0644220781287,-244.73234116420463,5517.697645695626,-2702.8277365430486,0
887.0,14.0,-9928.246198146444,6387.277042324065,1521.2597709664012,-746.5366685994434,1
133.0,1.0,810.570991437211,14843.376281804425,2102.0129032832824,16622.39576407177,0
49.0,49.0,-487.57716391278007,8117.251988018078,3002.238368891095,-770.6531626127181,0
560.0,13.0,-3368.547433907923,-4927.308717902626,585.7929323122959,699.9512964417913,0
935.0,28.0,497.5734213163605,6070.910494242621,9404.870641212507,-2915.439951417519,0
214.0,22.0,705.6220951764594,472.54518735950643,5139.280226885046,-1196.754808225323,1
0.0,65.0,3925.256853795796,-7591.686990904265,-3778.7259878106224,-6430.808916870677,0
195.0,30.0,-576.3338019581352,-15766.909537388035,1808.0566222753669,-2122.2456408596818,1
1005.0,64.0,1060.524201904823,-1591.4849404938072,-37.72726049010245,10320.297660215005,0
959.0,0.0,4821.737770203934,1055.0989619397615,-805.4327029902074,16115.896928037157,0
783.0,8.0,-424.21331810069677,1627.248074648411,11422.137023069237,-3759.153621409564,1
860.0,11.0,-1877.5211284327556,-8441.384806840262,-1635.2087856706637,-2212.464682347638,1
327.0,59.0,1874.459399980536,1450.3834236216512,4341.943716168638,-2480.7381062099253,0
786.0,44.0,2327.2677610000715,10352.519105914325,4916.614037110757,-7150.695806708454,0
1008.0,11.0,7596.138848740991,229.7360630909625,143.2266856216736,-3112.540869419073,1
745.0,14.0,241.50855960636906,-2639.327847645612,-88.40183164947643,5237.825070920852,0
139.0,0.0,-6764.738795825619,-1594.5948036478794,4405.8407325132475,-2125.3768806931903,1
855.0,14.0,-3158.151223274889,2415.707175446244,877.6235856810375,2815.230359726269,1
846.0,11.0,6185.437804955871,12083.890595629531,5254.937098076805,-12731.624197837293,1
425.0,6.0,-3995.939459848245,-206.4593022272408,1417.943599138505,4857.063313657919,1
120.0,10.0,-3620.145242484802,-744.1288937570944,-11059.105732699827,9129.339603639708,0
533.0,61.0,-10216.605635520762,-892.1808046895924,3624.772994128469,2378.6213730926584,0
924.0,0.0,572.6425328688467,2915.049033374512,3734.3122652951297,19357.481640805425,0
76.0,13.0,-2040.0835457584508,-6807.748179759278,2429.6496512048034,4844.230743999941,0
973.0,27.0,544.0024639625794,882.1121924643385,6453.858914858401,-2105.9272470395554,1
795.0,9.0,1596.844047091022,3700.475350054464,1916.833820922414,365.30754958138004,1
724.0,50.0,-1802.9278988973401,-1415.2887437993945,-6830.870604712738,-1341.5939131494738,0
449.0,13.0,3109.261321114973,10604.31424846369,5325.376234278812,-1764.4537480907702,0
85.0,39.0,3939.384122527559,-4818.655170825666,8034.277514580944,-4475.109105729269,0
664.0,68.0,2796.3483285560424,2829.589273061412,9334.179601898044,-6758.777948731726,0
861.0,1.0,-535.7209385620401,-2152.2828021765927,4600.653850621885,-1696.1599257940725,1
713.0,66.0,1315.7433547967707,-1646.1002355589892,225.6050494440132,384.6369141337609,0
609.0,28.0,6253.660503127459,4292.551824016899,5650.472168639242,2058.115675253108,1
194.0,22.0,-12637.698158514993,-152.2371551584908,2879.0038042418037,3051.553087033116,1
190.0,72.0,571.8439302829233,1085.9642541198562,694.1002550395567,-1508.334071080968,0
470.0,3.0,-395.07900919159783,14158.28339983607,10305.648676050545,-412.77346533205196,0
8.0,6.0,198.46293014881772,1947.5404852224692,139.84391630263627,3966.6179689212886,1
614.0,13.0,1015.6686432407284,2468.2221583529167,17051.94886310053,9932.681737445424,0
515.0,30.0,9951.863633037814,-1701.4932042724852,6225.52485383598,1453.4864935118715,0
223.0,13.0,1442.2416567092234,4361.348679416313,6711.9206157260505,71.62175539726968,1
808.0,78.0,-2603.7599643384006,-476.3381695067206,1055.2422031863816,-205.6031549192494,0
370.0,77.0,113.51342868268921,5404.7008705094095,-2270.284057922986,6867.931790947612,0
812.0,19.0,951.754820123964,1722.8004338559986,-86.9154883776057,-6154.453056130824,0
841.0,8.0,6607.6264020951685,7062.694127842349,3404.744798760647,-1368.9889369268926,1
815.0,66.0,6379.9834102439345,-9819.380076146499,158.10901983792064,6821.428804176096,0
749.0,6.0,5108.597615357229,1397.8244932372784,9090.80120066683,-2811.085190220713,1
474.0,42.0,479.12177052553625,2729.3662368987802,4352.402427835124,15072.565672645098,0
699.0,15.0,-771.9881197592481,-4568.119301959801,10467.819526568357,891.3386437309211,1
550.0,62.0,283.63342282262226,4905.307974204776,8866.974593947818,1789.5680128547015,0
900.0,27.0,-3477.467659388969,1136.1329914307082,-7490.462701552594,8410.763660443929,0
319.0,14.0,817.7944399309106,-202.62601712633494,3622.939746237385,-12928.377172722787,1
541.0,29.0,6517.182537758796,10520.50887690652,4338.076499689051,-353.8130383844489,0
78.0,40.0,5653.33703299828,6298.304342808033,-2153.4959652309553,-16168.361367670437,0
261.0,0.0,2515.4421836461165,11138.291422781545,6421.639766676548,-3154.5239253208038,0
14.0,38.0,1537.0114697712388,5325.659298010912,5757.998768192534,-5069.097020426588,0
48.0,35.0,3787.1811201300566,4608.35305428223,-2891.7922310633307,-2485.6877010854632,0
390.0,23.0,1874.988228369914,5654.6653109451545,946.3504244423278,-4450.909246948798,0
11.0,7.0,1064.7540473265733,959.6079237197473,9667.941873569865,-4523.389394462455,0
377.0,21.0,4307.170066110602,2896.4950340948044,903.9717088242877,4778.934469432951,1
165.0,18.0,-642.4384944986591,7183.900540168657,-969.2334220108598,11078.096937624838,1
117.0,18.0,-4079.232701640869,-546.3177484824741,1408.2437538458255,-5371.418023413755,1
864.0,4.0,1985.4101279852475,7092.072782539232,11167.804496831988,-2525.8220917478798,1
235.0,34.0,-2313.8107531107744,-1279.424885840161,-2143.5807122228002,-1683.3987839860147,0
733.0,32.0,-495.96878705302106,1729.823617797026,854.3782681516989,-2806.319515156826,0
541.0,13.0,6314.791339380117,-825.784849690689,6475.206026662259,641.6763686680812,0
88.0,19.0,137.66000681663945,787.3649901113913,4710.1887234878095,8202.814382864344,1
603.0,33.0,7671.394492450319,9163.245336838423,11737.819226047639,2743.7665008705767,1
569.0,0.0,-742.9518729869724,8243.51808096368,-174.62644921009309,-3808.234893753225,0
767.0,57.0,4829.831039835677,-4377.299164932379,4600.671185110779,-4538.807487916016,1
67.0,0.0,9943.385305344305,-2713.262861519159,43.89250723877103,2647.1722738583067,0
72.0,71.0,3098.240335926718,7255.557831765524,9337.5350980048,-9180.719822663978,0
1044.0,23.0,3164.1988409514092,-4440.026755761091,-7753.909110433534,-160.94021111227448,0
58.0,0.0,-1002.8709174783833,-2389.960515383957,2460.208888863393,-2848.525095526547,0
109.0,29.0,5167.125435558342,2409.4799959637944,1406.7536938829032,-8443.044709342812,0
885.0,48.0,253.501782226427,-3366.861149696876,9979.072770002003,2236.503737365779,0
267.0,19.0,1405.3252426904457,14776.14348478825,10146.440219587857,-4695.904565531375,1
965.0,0.0,649.2480163475175,-7882.224246027682,89.99981588513583,2360.3210812427787,0
942.0,18.0,5769.695904579983,-661.1485661991351,8897.122889374712,-2298.9496115147526,1
680.0,66.0,-639.8604413381292,4000.965077572584,2215.9377086259256,10719.281572917758,0
32.0,0.0,242.5346131479426,-12504.693381027952,-7972.560532693444,-437.88282785772446,0
819.0,2.0,261.45920001932313,11373.227873741142,13505.291353466455,-1164.8378785449904,0
46.0,47.0,2196.504472817307,5185.315986732136,-6546.40291465694,-16241.719788579274,0
462.0,23.0,769.0453031744312,-4254.9590158091405,6763.428324576031,-5453.923005320676,1
304.0,9.0,3508.156984071841,4678.330433883859,2270.7055353675064,-3124.5206818513034,1
695.0,21.0,1686.7207409873174,97.71151274731284,-12413.339217716482,-798.6732918666943,0
894.0,17.0,-1248.80798746044,-4628.784084421521,1022.5873139632398,13373.082426855366,1
461.0,12.0,-43.59879483781353,-3028.6948795659773,3390.025711643277,-1945.0237504638258,1
554.0,15.0,1849.6919582733713,7235.614720401784,7079.155180781523,-4318.701534623958,1
566.0,9.0,-15964.20376934352,13396.307342073334,-973.913408629642,10870.499194440776,1
109.0,47.0,-4996.209753087256,-2944.530883942744,-7268.528754354443,-4048.3457109066703,0
479.0,1.0,209.55023502678932,338.437467314126,4461.356786328294,2047.2768979103034,0
0.0,6.0,77.20920781661562,-10767.010327958178,11633.428625626579,-913.7968294552007,1
660.0,25.0,2038.842283820769,-1151.5190516554194,751.5979973654897,242.1749906658083,0
348.0,61.0,5344.690515982294,-5749.6204182825895,858.9456794100744,-1778.711308966237,0
783.0,16.0,7087.433150196866,-4842.354598629782,2729.4459886428403,-615.81551211651,0
493.0,7.0,702.3996825843051,810.8420123677624,-6232.7779281638495,-5758.240197702868,1
544.0,5.0,-8315.40823941789,8979.885519708934,1806.3187100327077,3215.158070383293,0
868.0,0.0,-548.5635543200873,12950.36061122123,2866.5497034836853,4893.800791584185,0
866.0,31.0,5930.385003539643,2678.6187948664565,6195.933849403687,2983.810792232872,1
457.0,32.0,1987.217899443994,5837.537506834383,5622.019096664931,8019.6303678524455,1
192.0,10.0,-104.94310513992764,1804.6292433484105,266.11220668065846,-862.9839224561043,1
180.0,10.0,3105.6760055288532,-1880.6241714401624,710.8028117802115,6838.172308251355,1
947.0,12.0,3509.5569267749834,836.8392196856314,999.9121045951767,-2501.7189185913717,1
1047.85,5.0,821.2396325824283,2916.0568806964006,10917.165641720509,-1470.9406769184434,1
518.0,9.0,-2908.956948016962,-4973.445394179742,3156.001188362647,-18852.7518268338,1
19.0,25.0,-12.661695335930943,-13686.758826736386,1585.7754893009505,-295.8560843232492,0
697.0,44.0,-371.3811884229847,2153.645461856627,-384.7208524987999,8285.764515427049,0
1047.85,39.0,-2028.8270774810678,-4523.208911297787,82.56399809029966,2131.728904593926,1
749.0,21.0,-840.6213767730333,-3666.7446521447755,10904.122043297975,-4983.511157479252,1
365.0,1.0,-711.0612142994341,10197.631700755986,-2371.5142273490897,-4529.390043156355,0
107.0,3.0,4466.771728638769,763.1892570878601,5058.754974142986,-12.60483147461855,1
863.0,41.0,1114.1956728145835,-3815.394787458829,30.965141496958253,2088.0249092204517,0
216.0,12.0,923.7134715957864,489.81515158824277,11546.805387718556,6353.760475338074,1
443.0,11.0,2037.6049537307488,4057.458232332803,2027.536994297152,-1418.395765762336,1
495.0,5.0,-2558.346939168163,7930.296204098124,19.717048602341208,5275.807049668043,0
595.0,13.0,-1970.2439405034224,2071.2973166777706,9060.924288192566,7536.706228894478,1
83.0,30.0,3445.0115420789457,10341.58428225581,2584.877742288034,-1395.21302592324,0
93.0,41.0,-3333.315921825221,-10100.696162857312,4268.179301210222,-509.46693573544655,0
200.0,21.0,-1682.30314168358,-356.26292026403013,3822.527033502468,4361.435088260644,0
643.0,42.0,-5195.2292870159745,-342.4041466796343,7765.484796891947,4610.891892814575,1
241.0,43.0,4650.493371455515,1688.5169427427138,-1976.8738019915354,1379.6954499811116,0
236.0,13.0,-3299.3414824944684,-1415.3562696264703,757.6098427623597,-457.48393352750327,0
857.0,11.0,1579.938839881597,-9166.223287240167,2286.909308906242,17383.163090017093,1
316.0,6.0,1421.7570055678452,7446.169701355275,5825.413436517436,229.82342139755312,0
951.0,29.0,2217.406796765864,3070.1092120616486,6365.761645526112,4527.452706909086,0
573.0,13.0,385.98822838341766,1816.6602618611632,1130.861353846912,-1204.0260320913976,0
791.0,28.0,-5066.706879276029,9333.66417213095,6485.074260455852,4123.897600861343,1
613.0,17.0,5989.114824056436,-2397.183907752361,8885.948675982421,-3003.4622087474886,1
726.0,50.0,-1006.5030472106811,-6567.838958071883,871.0028502403129,922.5497025977511,0
161.0,25.0,754.8805189188042,-1455.5649012828756,5044.2905371938805,-423.1776888695656,1
671.0,15.0,80.8996263821416,-10587.536687753605,314.65316234783404,5338.32423056375,1
924.0,8.0,-669.2181668021101,-7736.8847167108,5599.577481751946,1812.5437313394696,0
200.0,73.0,971.3374694503404,-3834.357755049471,-413.9155517248191,-4649.0704207470735,1
223.0,5.0,-196.95041601187108,-2574.321213904025,-10404.854392315658,-4116.848465577935,0
695.0,26.0,9082.834856910009,5759.041154321147,355.0330171918989,430.1185702684917,0
481.0,4.0,2292.4938484146,2598.4935575549353,-1069.142113969079,3002.0671640438936,0
416.0,22.0,-1985.5782577089599,3797.3586459361914,16896.011947138555,-713.4694470478553,1
114.0,0.0,4872.974895354192,-8280.577026922349,-12845.788737536219,2927.385769857453,0
1042.0,5.0,2600.1038153481313,-5356.4839439559,183.56456622563817,-6487.2456899106855,1
367.0,33.0,320.86666600922626,6054.746516752308,952.6123205348423,12253.148489914758,0
141.0,33.0,-240.3926548818016,-124.41140489215007,960.0778977657989,-935.518961204832,0
455.0,1.0,-4676.228698386479,-4785.748287014132,9596.514705652038,-5194.5670201013445,1
941.0,13.0,3813.7631069660733,-4204.687195740524,1437.4640457448945,7875.526367915642,1
93.0,42.0,3869.9595357904786,-208.5424114094867,2616.388452855839,6073.434950069599,0
383.0,19.0,968.4278486084609,-2193.1746427475223,5446.501304180685,981.824090842634,1
0.0,55.0,5215.862990119444,9622.499274875681,-2014.251752271342,-9650.003711813899,0
669.0,21.0,-3093.5602814100043,6616.602991440757,8486.716110957857,-1819.1856911155091,1
452.0,6.0,-1989.4837621961055,1481.4897623530553,-248.5652953863514,722.5561966551633,0
634.0,1.0,-532.5218994336601,7933.810250891085,1150.6855800841004,1667.433441595827,0
801.0,31.0,10236.702360920244,-882.4611223845316,-2648.6531419324037,6030.243465419002,0
666.0,30.0,5648.437117844005,-5800.06581395674,8958.193118569618,248.1935115215856,0
1037.0,31.0,2845.6873218417295,5797.011150241956,9116.586238366055,7366.78841684609,1
746.0,3.0,-8735.666887486801,-190.66156802242085,15931.394780710514,-2813.5413946875615,1
316.0,18.0,2687.0132360362268,1264.3152748729206,2460.8086399505128,-5221.714828870883,0
615.0,3.0,2871.0272757701064,-6198.031099693899,-726.4990101310909,-2338.7873566226494,0
929.0,5.0,-1067.0197756422401,-3878.4739351426706,5343.389329257753,14618.608450471595,1
840.0,15.0,519.3704110332187,7081.76854090121,-3987.4203163130987,-1676.4241251533365,1
222.0,72.0,1873.5352100092418,-4356.855957951719,10943.005387645548,2398.2146220948207,0
588.0,26.0,-5100.506551444645,-162.5748843316751,2512.0354283335337,1679.1717328247607,1
634.0,8.0,6801.308010045252,-2398.7480987358836,5243.553258306276,-683.4374560593225,0
476.0,0.0,-467.4359040747947,1863.0655019511678,-377.1213363146268,-6004.679519281692,0
22.0,17.0,-7014.680765868933,-2024.434063485885,8096.296740140952,-4159.5058126653075,1
941.0,9.0,10835.37484813738,7291.535332422611,-8093.793489015023,-7695.1290043619865,0
688.0,18.0,8687.08036852278,6510.229372203359,-11302.822604245488,741.5411643248478,0
659.0,31.0,-763.949957956535,2840.0445879371955,-1797.6281218008485,6735.694189879809,0
973.0,11.0,-4827.320700596471,-2234.1209496763986,-1246.4897113286663,-3118.7598847788295,0
612.0,66.0,2910.1458348524516,-3107.900608443171,6558.333475161913,-2304.6877508947987,0
961.0,6.0,4679.495243838111,8864.121204196956,-742.794642500893,1104.286128715211,1
298.0,57.0,-3092.2073909975397,-543.2170362307652,6005.825382545733,-935.3397297573531,0
615.0,0.0,-1614.816610615284,-4864.7521166713195,-303.2355014225185,9394.420998262573,0
883.0,0.0,9802.299436028079,-2126.718605336164,2797.1061733596516,7770.115514957474,1
576.0,71.0,767.2751225749332,-2215.9539928999384,7804.911157209696,3015.062127722881,0
681.0,30.0,-235.72745271961304,-2732.7611543210205,-10210.797094530586,10656.787668345132,1
516.0,49.0,2527.003982436391,-7686.715403222139,1502.1594770232339,139.79114919208587,0
628.0,57.0,3182.251215689209,-1121.9311554409826,1585.7153975901663,1730.1278745071968,0
929.0,33.0,2690.039081605565,256.1713385393009,2187.1917164773604,-2141.051627112464,1
566.0,1.0,-3938.708554698489,-943.0015486985076,3962.335325030311,-2764.724631965935,0
179.0,21.0,1249.5225757598012,-15930.48653559285,9627.151596671254,-1863.349305113834,0
504.0,39.0,5841.564750787214,1165.6724929396512,-192.26123458462826,-531.4242851771182,0
133.0,9.0,-6270.553616625687,10821.265784359326,6483.437642147845,-597.2549975829471,1
732.0,55.0,-2051.2436241344312,-12473.232946859225,4526.374363389868,-6106.61630846214,0
78.0,55.0,3732.1249677568285,1932.0317338690998,-7.039071129979675,11724.114847948995,0
222.0,24.0,-3327.9088838278085,4383.657038486858,-4385.532314408432,-3675.2599926590547,0
814.0,24.0,1735.301534534017,577.7769214492428,-2128.972384734927,-1527.780345359103,0
86.0,51.0,5340.671615193665,-2670.3644765129698,-427.59134363289115,7010.550156436437,0
779.0,18.0,9270.160876067062,1099.3105041619292,4483.156517484116,-3275.3515689553533,0
780.0,9.0,11070.069298560316,-1020.2409778785975,-4312.631537418197,-370.2493713196843,1
235.0,23.0,8599.70408031352,-3083.0244820743656,2913.762476581955,-6161.060635704826,0
799.0,31.0,-9017.714932894312,-1660.9502425497985,-5915.9097043977,2347.3301795341895,1
808.0,10.0,-3719.5486515048565,-8518.183241525992,321.39505764417214,2625.0646736826925,1
66.0,35.0,4641.387100178747,8686.370147524975,4030.2632337781115,-2035.3686042975241,1
951.0,61.0,5231.039628846139,6805.708274146693,2412.0648094079615,-8783.757013602624,0
59.0,59.0,2541.153796052673,5760.069131019742,-1534.8482864217835,-1369.2360974718558,0
407.0,55.0,4801.502057560596,1028.655127430719,-5410.073783649224,924.0760816531861,0
854.0,24.0,-2798.598887025252,7719.937222224062,-3283.0729826386023,10128.907035669119,1
0.0,34.0,3000.603448910752,-8483.983440898535,403.18573286273295,1562.481846792049,1
919.0,29.0,-374.51525063456546,-232.80491873883693,7441.421230561746,-336.10777873516145,0
668.0,0.0,-7422.612614951256,-1271.0913521585662,7374.9633527011865,-1590.7878432145326,0
894.0,2.0,3448.050711936612,7562.55435865668,14.577429768387887,-4682.3268382007755,0
253.0,56.0,8616.884051293822,8908.427138604,-12059.763542788452,4078.106670346079,0
545.0,69.0,9276.988455778113,-1642.190807875284,-9692.47594554937,-1784.6778738324679,0
101.0,6.0,849.3479819065949,2544.4420318093325,2047.8856383540947,-1678.2615473357873,1
256.0,11.0,3304.0074247546822,6801.738487801289,1380.590211196679,-2704.0708056094004,0
46.0,0.0,1778.443878412302,-484.8926666575507,564.8233822208471,-7356.618673426194,0
422.0,11.0,1124.2275044684734,14782.721458741096,-1000.4409194902096,13295.893000591235,1
156.0,13.0,147.46170953705087,2377.6040982630293,8597.389526028735,-1501.954624455639,0
531.0,46.0,-1166.9721612945336,8929.232324028502,8315.619896487451,-3360.495224533627,0
400.0,66.0,-2022.0983505596596,8874.04358356644,4021.472390258644,8380.93760177189,0
767.0,23.0,451.70136026955504,15999.939263123495,6036.518991331073,-5313.273464012202,1
833.0,23.0,1263.8510774577526,7527.634516112235,-11783.086148368568,1329.667267181852,1
971.0,34.0,381.348859646322,-1189.2774895881867,-1429.7739351284586,341.54315439551374,0
793.0,32.0,-3968.3508093615455,189.09102088907048,4992.342688596849,-3961.6544755909035,0
788.0,25.0,-4483.4284865898335,-4606.957541707288,7892.051591885079,2794.1966439121406,1
1028.0,3.0,626.5021267955128,539.2949055984818,2026.4438082266074,928.9814305324535,0
989.0,33.0,-589.5512478781077,-538.8999354046382,-5005.263607079923,-5842.096285275482,0
731.0,12.0,896.696601750878,5643.001035942489,3082.812732828079,-2579.8153558250974,1
629.0,72.0,4299.578066461383,77.97448971604507,732.9383759680733,-1866.105641918983,0
958.0,69.0,2995.845600681531,-2957.7392679873965,6279.828577572442,3819.2530443634687,0
757.0,11.0,5920.7716529416875,6392.7081069792275,13572.705257857351,-7694.541231960831,1
935.0,6.0,2291.91492192249,11339.189730352839,2133.7216840521737,2082.1955472816135,1
702.0,50.0,-4593.909616770975,5515.372305197654,8230.477699316416,-4930.432490345825,1
0.0,44.0,-9444.845992450166,1682.6132296457095,3914.9739191585486,-60.3108577455846,0
46.0,70.0,-6023.2128029567,4304.867936918319,7981.578833689794,379.01097185040084,0
794.0,0.0,6627.3530704601635,-7701.692901467396,13445.623653967226,-1962.8328233646637,1
34.0,15.0,-1534.2754281319992,-8592.536596431708,2074.5865967305253,-4441.383101388558,1
213.0,2.0,1097.229438879347,6587.026700274477,2173.8966649170407,1687.4003825565765,1
746.0,7.0,93.01439472633683,8589.523764583539,3759.4277808891347,-569.9674705698104,0
962.0,43.0,961.0519226402612,-13618.40910294767,11124.363219217817,6373.882431688994,1
207.0,34.0,-1186.206135461007,1935.384018489664,10470.36943854068,-4909.420524800253,0
657.0,26.0,3050.2930620498832,41.44360810352316,-514.2650973356349,-2200.5652913109216,1
0.0,0.0,10901.80879549439,-3363.167554219766,8205.182632566566,-145.97133821333557,0
231.0,5.0,148.67334497148295,1946.4915823406934,2404.5749585868925,394.41853557943807,0
86.0,55.0,-81.66104338188089,2637.4113259782034,-2471.5412705413883,1244.7830283472892,0
936.0,20.0,5878.829501606812,-3166.66183054272,2291.3829972680746,2746.465630489081,0
261.0,20.0,-7231.492379143636,4777.017346305061,-158.86034677111275,-1465.1824421088677,1
1022.0,0.0,-2420.045546910661,-655.6365270880231,744.1229716650301,18285.352854236327,0
631.0,55.0,2916.377006563562,1149.1620530849777,13354.716017725985,-1513.3070864435176,1
74.0,4.0,-249.50880329118968,-4942.7460214374805,-2063.884759405406,-4789.728824304408,1
0.0,82.0,-2642.727586958661,2330.9038650283865,1990.9968199190555,481.43912887427985,0
555.0,15.0,2444.5698849508835,10741.335483048284,3388.398446438424,4062.326779425671,1
657.0,25.0,-2661.8037826350155,-2409.722666973781,6409.75991885118,1123.36067381759,0
84.0,62.0,-144.14096409944176,3293.0865221006466,-2540.086965757383,-277.3801537324571,0
189.0,30.0,-2763.4949880757304,2277.631874917506,236.7330800302651,-4770.6182309172345,1
414.0,6.0,4900.814097891374,-5250.41867496938,-311.17775302422706,4602.007374316445,1
373.0,17.0,-262.5329512407724,10219.707816648835,-2469.285151004405,-8037.382771000225,0
145.0,29.0,5133.040466389051,-9861.245066727653,1677.6510301853,-12010.187529362203,1
477.0,23.0,491.78400181180206,-978.9640891701333,254.0361334565098,2546.2032014520487,0
145.0,71.0,1082.8324790841746,8137.661996216023,3718.647622314227,460.1830102493164,0
464.0,60.0,-4146.703598856973,-2794.378489148572,-2433.0781254058948,-3362.7628430826408,0
896.0,20.0,-765.6461600811176,12515.403268563417,358.42780323703255,1023.3175171903548,0
580.0,3.0,-4751.678664025472,-9283.957607336066,10543.495922611093,4713.737654872721,0
325.0,24.0,12635.662787906938,10648.439738760168,-912.758388231571,15863.136010514634,0
329.0,33.0,2543.930821800689,7355.550311434128,6037.597414545475,2812.508437824256,0
878.0,78.0,1061.8957569254198,4173.400344403601,6316.017168239648,-8881.297248591469,0
867.0,37.0,4500.8280093311205,-13319.495132735781,464.0522900695687,-1925.653987029617,0
488.0,41.0,2496.5421495119217,-865.2421296031871,3420.214499858779,-1158.0358448489942,0
259.0,22.0,2375.9737023004977,1622.983929681055,6116.2618362974645,-4134.762330987693,1
752.0,35.0,2354.853951518602,21.74929984956225,731.2901633008331,-528.9393424232327,0
276.0,20.0,5318.569136736005,8418.88149210011,5691.792978666008,535.7916024917722,1
166.0,45.0,1257.1121905152618,-9369.658565618744,-2157.4476521585316,719.0928351856978,0
532.0,61.0,-5120.263988850903,6798.262255515281,9585.591307372842,-4705.756144019584,0
456.0,31.0,-415.44616510371907,-2473.45788718582,951.9147763138112,-2319.9076335060977,1
959.0,9.0,6039.649837854962,7633.399102351979,7129.589402163499,9575.543873682596,0
941.0,18.0,-9185.755630146261,-2864.980250112638,-2425.507778588002,-18674.939077060848,1
564.0,0.0,587.2126442393173,-4051.4877709788407,-5491.605669741244,-132.24912264875059,0
301.0,23.0,-2047.7192150009632,928.0263736518191,1281.3650673185132,-5445.5819491891425,0
243.0,55.0,3905.3822011322627,-125.42312592079043,8023.244212770139,-7721.0411948806195,0
243.0,36.0,-2088.458602155587,1443.800956555665,610.992634746458,5145.756127691263,0
551.0,0.0,7229.07703204423,18206.301930759873,1082.1682926815968,1381.8249845256576,1
68.0,54.0,2084.921522112856,2914.488545299623,4593.454559110382,1727.441656607472,0
922.0,0.0,-507.6050955198525,-4269.876367877513,5939.3885844728875,-1071.462693034427,1
157.0,8.0,-1747.8931596480438,2642.5705301932094,9704.700416306296,-17227.608601953605,1
181.0,22.0,3965.0231762573044,-719.4196445714374,10587.779668935154,3002.6957091620725,1
148.0,11.0,60.245044510280195,-2078.15083083049,196.94286835282693,1471.6936450942192,1
457.0,29.0,-3663.124162797815,8532.069596234964,-630.5747252626638,-1063.9285794148882,0
191.0,0.0,7062.392424168142,-5838.104296265199,3052.568820487616,48.16553955918448,0
675.0,14.0,2778.2455001032918,345.69914645120434,7146.012324840499,-354.64284387426903,0
441.0,42.0,1687.7265102022363,6750.460850357718,3727.5018643300323,734.1057811909475,0
887.0,3.0,952.2175443556571,-1832.5134284920216,3448.127740929661,-2476.728302580523,1
291.0,27.0,-500.4378948726601,-11615.662776748795,-238.29113345827818,8633.624327229809,1
537.0,23.0,-327.4354289390517,-1645.2292314529993,-9447.209494830959,-685.1804288795717,0
512.0,8.0,-5189.127248460167,-10067.04752196646,-610.942284376372,4053.8203413543542,0
709.0,16.0,-5397.158966636537,-414.4704494861862,41.267631921102534,155.28333712478263,1
818.0,52.0,9097.904940167622,-2576.7268966017955,-3667.826051078167,-5494.634866831219,0
85.0,8.0,1488.3860459592745,8110.87315194857,3547.8447840581584,2338.3581343601645,0
942.0,0.0,-246.61701941311048,-11921.891322871337,-11592.344148392498,-3431.4963507642533,1
344.0,11.0,989.4170964422299,886.9705727586418,-3719.535905890806,50.73949308317202,0
710.0,30.0,8521.194658503155,3199.6133032254706,-175.16270508223357,2484.2381090941353,0
882.0,25.0,-1466.0036612114575,11597.226931521147,3533.300341294133,2995.3944938393656,0
590.0,74.0,5613.425489546517,2710.8920342396013,724.3538399069598,1896.7534623411407,0
886.0,0.0,-4653.882927576205,-1614.9838396777222,-3636.6020973549626,-2138.7677150529044,0
232.0,22.0,-317.5275193420657,9418.896885122784,5498.864160967769,-5927.628504917837,1
283.0,10.0,-3436.26011089467,4077.059176994011,1125.8049258074225,2127.907921411577,0
692.0,23.0,9961.054094821136,5212.331024428367,-254.3441292191381,-4226.5216850889365,0
150.0,20.0,1619.9892061572382,-2400.320107615978,2115.9045616509475,-3838.7280859604043,1
898.0,10.0,-508.844886934206,256.75526423256537,-11791.812220225736,-1021.3883426933565,0
668.0,10.0,-638.876412872407,-923.5776766097599,1097.6506058881168,4472.429897465551,1
57.0,23.0,-745.8832288648052,3454.318619727714,1365.5565693838835,-9373.720573810973,1
304.0,11.0,3080.286405972956,499.95811630717435,-3473.8977946696514,-877.6553934827643,1
326.0,14.0,355.1341832597903,-1027.507750138451,5839.200125070466,-2516.5973415012563,1
126.0,10.0,770.1113503119354,-21.257066130918872,-456.8127933892466,-3868.105283820648,1
268.0,74.0,11511.705514394253,15662.36293462403,-6532.114025818662,-9417.361682741139,0
128.0,73.0,3601.7228918525016,380.8801197791163,-3498.1206822738955,-213.3981960403098,0
651.0,0.0,5697.361286877867,207.32588567963097,546.0380892832861,-802.6798833888898,1
828.0,0.0,-3014.030316350047,7502.513720024125,8475.402627035108,-3689.036207337191,1
0.0,0.0,953.7225165831439,3648.367161895012,5044.203970809095,-4499.191676531649,1
301.0,18.0,7431.277477017764,-106.07111706718655,5311.625188274142,376.4828554959654,1
745.0,10.0,-2382.5660632001227,375.48986285462433,9969.503160674478,-4294.476444401003,1
370.0,7.0,4730.259166870952,3978.9479612982973,-4861.641674605585,-4240.525656575866,1
740.0,16.0,-6540.408249841999,4232.349650063762,1077.8291073065461,-1112.8192367401334,1
289.0,21.0,4965.9649278510515,1131.5596453332942,70.27441971837538,2410.046405394084,1
301.0,1.0,1030.6263070144444,-4563.56404873777,5614.442053336368,-5262.2976926326155,0
389.0,7.0,3144.9053290124893,-1523.5840484012078,-2804.8531683221286,6678.485669409891,0
124.0,4.0,2947.952243119507,3589.9035689114025,322.9684556834876,-84.82542142684906,0
714.0,7.0,119.73679507369974,-2989.818155920363,597.8999289720911,1525.474045584764,0
773.0,4.0,-301.89258880600937,-10413.764731645013,10329.679039475886,-13533.351641444522,1
208.0,18.0,92.22572186905361,-15627.89125903215,1377.1734867839866,-7469.259278627886,0
47.0,57.0,1095.4378957242404,757.4008351917114,-1023.1109034854769,-6117.615761776304,0
487.0,29.0,3589.489782583329,1470.192837746136,12043.023458882639,-2608.7707680718263,1
247.0,17.0,130.38026508360514,5111.606402868615,-929.1579890527444,-11373.054582014478,1
596.0,32.0,4822.14545883696,3725.417497165691,4746.453458888156,-5792.354331283173,1
667.0,23.0,284.1472332978742,9464.679214854748,1565.4294271470353,236.26410474001614,0
762.0,48.0,2857.4830391629066,-4018.1346745082087,8057.149389755841,11951.9716112247,0
86.0,26.0,6038.822772586373,7802.746084808521,975.6206447537243,-3818.3224244581133,1
409.0,2.0,-2370.41216217236,8556.872104537824,7380.583436708438,385.61517134117406,1
857.0,2.0,1153.957058846502,579.4630820245377,2237.4148941674503,-2119.211927859582,1
0.0,12.0,2870.0781414563257,11081.223115439954,519.5587909385852,-1650.9613944471103,0
447.0,27.0,-2701.0933259196036,4253.235971907465,-9463.057569040366,1753.2302940356144,0
0.0,18.0,1038.5727143078595,1110.2057334433625,4335.688553645851,-1592.933313743887,0
24.0,24.0,2897.948033056188,5622.642605603898,660.7180091380095,-5784.163440463875,1
855.0,18.0,3598.2397624365985,5642.684255397578,935.7603230034791,-3416.2574005523256,1
690.0,41.0,4090.6505531185426,-275.5680816639974,2515.832907963756,7579.457641153767,0
813.0,0.0,6759.048142085826,-1199.6721892253586,8310.366188843684,-3365.5350140224064,0
756.0,8.0,9076.901334075472,-9721.851673044077,1711.0068019714035,-2451.484640470499,1
806.0,28.0,220.35764973996913,-3281.8355495006786,-4451.3586231659865,547.0361045482026,0
426.0,61.0,430.82104199442847,13287.122357185126,-1133.0133652405177,-5703.719526964448,0
411.0,41.0,859.3747432638324,-1296.5956834303436,5472.417371399548,-3489.506266013646,0
625.0,72.0,-196.49387177515632,10495.100216319497,6048.645968855022,10636.562508472405,1
73.0,5.0,885.419010488496,9990.694623650112,-309.90194546764053,-781.6440765675796,1
697.0,67.0,1094.9228543686143,-136.79117115877148,2072.382734278605,-3440.1075525614187,0
68.0,15.0,1411.5794275355574,-2309.4452410443378,10078.259019342553,-6614.226195856809,1
15.0,44.0,2461.082456670679,-13.425076672189334,3130.23022315117,-6336.318769003354,0
681.0,6.0,1774.9682028581128,1170.5394294712085,4143.468752289711,-604.1593010057055,0
764.0,0.0,-8189.645193957808,406.59258357040017,7886.2474600979285,6631.904135089086,1
428.0,51.0,386.84527680178394,9039.218330859385,236.45995352788918,1015.1717322202908,0
687.0,0.0,-632.7243643653487,181.95691152152858,5927.426387920652,-11885.69337897918,1
553.0,1.0,-4987.496777725721,-295.59912433513756,1846.3976323715171,-2617.047079537992,1
731.0,0.0,8421.069160510919,-1194.350420658233,875.04751109835,15163.276828879665,1
146.0,65.0,-4005.2005595970018,-2195.8420837736867,5640.423410734976,-4863.436785976279,0
139.0,0.0,1787.7006803853517,-11744.367044795566,2022.3574053188931,-8380.165604174417,0
212.0,2.0,-5161.38352046591,-743.2537111713443,-10990.042135089065,7109.869453714775,1
776.0,34.0,1400.7376178925308,4224.827799587298,-2223.7279333902907,3109.858625058865,0
139.0,9.0,2099.7164017894343,-4635.57769506217,3115.083775900473,3641.143224729638,1
295.0,25.0,-6783.479775144541,-1424.4608209493506,1568.9547450476457,6254.3076994821,1
903.0,25.0,1836.5962617545242,8195.880919980318,7286.863856547738,280.6775563702513,0
825.0,10.0,529.9627212464472,-364.00440042888795,5504.110314557437,-4061.1649657844346,0
527.0,2.0,2206.7439978647944,-963.1184632352515,10957.69695166299,464.1224823665998,1
820.0,58.0,-3356.166766808229,-3273.2837949320674,-345.9427164135841,-2974.168547184794,0
876.0,69.0,459.15896731375415,-6086.298848467781,7855.64382771285,2312.7598957606738,0
71.0,29.0,-271.8942476857776,15593.770150708138,9508.750296489166,-282.60693153460056,0
796.0,4.0,-2781.5545479305747,-3920.5627377737965,4938.164617659143,-3894.5903467009543,1
716.0,16.0,9253.936451824506,5398.353750434163,10785.151907942889,-6401.018091711168,1
542.0,7.0,10228.343560755824,1558.9875174258498,3392.1140584830146,-4573.959102099401,1
266.0,53.0,-2024.183630763515,4418.80002000934,3027.5166698493395,-509.87881399652815,1
761.0,34.0,-275.51203186718135,15416.451812744308,-1269.8301100593887,-1280.5146557065143,1
441.0,30.0,3031.2652376727383,-3576.3648744218035,489.58422938492254,-1634.1188495312313,1
892.0,12.0,2711.3446765817107,1634.428301314084,5286.473048314482,-110.96730438053089,1
848.0,7.0,-548.8589030401924,10455.945578884788,5079.630626957831,-3023.092959129871,1
248.0,5.0,5733.503711898786,2897.9265826447754,2787.5206501522316,750.1111798901566,1
441.0,0.0,4051.1738347183577,11549.989158368873,606.3296204831802,3871.0455838272555,0
680.0,2.0,463.37285381829383,-17892.619831864286,1430.7632213657466,1939.8138944586872,1
1042.0,3.0,29.284432374776628,12726.535373984556,1125.6164677082168,4154.890710590111,1
682.0,4.0,-415.96419419273485,3383.4603183770696,1625.639468212724,2672.2242054953567,1
360.0,33.0,1099.5571749594367,-12.358394518048499,-367.00961177109355,1398.9198028772812,0
544.0,17.0,383.19607112519896,-1034.8638778799263,6597.493134398677,-4895.201849358552,1
664.0,8.0,1823.9466483687597,-1408.411383962269,-8563.218715600633,-4663.604649124547,0
57.0,6.0,-251.82237229379825,772.9480831684932,-159.37073704635202,529.8416204841938,0
408.0,18.0,4290.249762262883,10934.73638156666,388.71360903629534,1052.8045223413606,1
765.0,64.0,-2690.6203964142073,6244.731814174911,1878.324079725683,1081.3265985178,0
795.0,65.0,4831.640853175624,-1276.0173533559177,-6543.5639517881755,1372.481059366236,0
492.0,26.0,-544.8772761331475,4113.951974890451,4590.835435302508,4279.145525621574,0
578.0,25.0,-7874.649450744234,307.33508440286005,6258.816122308704,12775.01695414049,1
446.0,20.0,-385.1412577038096,-6225.513642648024,-465.0130323549365,-2723.282892335354,1
166.0,26.0,2153.6941154311608,-1122.831826753269,3376.2285215877146,-10428.125377182614,0
342.0,58.0,679.5616806084981,-2846.2714310618935,2470.6065455037397,1645.423063753778,0
363.0,78.0,173.74355184332717,4305.689418641552,8793.480248753467,3756.1534860843067,1
50.0,17.0,1786.9197955001819,3690.464721215366,5390.193514349762,8007.216454830192,1
595.0,52.0,-4671.867897428494,974.6242673858142,-13625.977338649118,-5341.542705312096,0
197.0,4.0,468.68568557696864,396.3281294083513,-3737.153673715099,3079.7205495076364,0
322.0,31.0,1150.2656917699267,-290.3496479815445,1358.8688249983488,-17.084113066858492,1
202.0,13.0,2154.9961351510037,-1150.5604098408553,5029.2742134424025,-763.3419740155592,1
90.0,7.0,25.50982038102029,-2317.389096163882,1099.8170515679378,-1241.2756721372607,0
980.0,34.0,6815.280228068949,-5120.198896316688,-4300.587692648443,3609.3019636445997,0
42.0,21.0,1424.0882210852892,-3839.7702626124574,-2785.6477637849766,-983.1390919050216,0
56.0,46.0,1182.3846976129614,5235.660159716186,5419.099890592495,536.9856414074852,0
958.0,5.0,-1890.207226253179,2763.388224640207,865.8786056027554,-1850.5329294212947,0
364.0,6.0,-8364.382268563344,-3415.97069105471,8431.81507578791,-389.7151968095276,0
685.0,22.0,602.2323865944055,10859.04887106833,5890.088631627348,2838.9611307274636,1
644.0,14.0,770.5916965740012,6590.445540060009,1047.0284825366875,6880.750323779028,0
937.0,14.0,3665.8641700898525,-548.5154530285481,15718.425199050067,-1865.8307301286495,1
823.0,16.0,-3669.7951763057245,14650.067109492156,-195.4931930181375,-781.8125761276075,1
518.0,4.0,13104.754515293245,-3113.6678841244266,88.20113262745079,-5602.401105774105,0
723.0,17.0,-4140.0273736961535,6649.0584030766995,3066.186609926368,220.00037566867695,1
910.0,40.0,10275.796882710954,7195.830978798305,-6945.8450399793355,-2403.8958574098997,0
425.0,0.0,1178.6539359654473,-2314.6797815510126,1827.750433865814,353.2440802420923,0
759.0,3.0,7618.642630188002,1790.3334483636959,1697.1243674723376,3471.2395184463267,1
820.0,11.0,-344.13083063376314,2393.054860125142,9331.317171294028,-127.08653572016465,0
888.0,3.0,-16691.128390228405,-5846.88994001896,7007.216758497008,1842.5511482230322,1
1026.0,8.0,-11183.407371879159,1821.6643047598482,2116.1059729276553,-4688.067526578179,1
8.0,2.0,123.54637323215775,-3621.091806180678,9979.804835050447,-389.81010015110405,0
730.0,9.0,-6126.640795744853,-1872.6628957921498,4601.886815736413,1943.3810095182457,1
10.0,27.0,-4504.5805492909385,-1072.6487173044452,2125.9899539657463,-5641.818957891846,0
363.0,2.0,762.7312822292287,-1107.0893911128878,1762.458382492202,851.7070614573253,0
461.0,58.0,6463.319965299804,688.9510167708655,1241.7177431463383,-3356.7909429413885,0
327.0,17.0,2828.065538925819,-2523.6364351052007,-9940.981341362092,7555.757054184169,0
608.0,16.0,11776.492749099376,4807.248923176068,3061.3980959695746,-4834.836686654808,1
823.0,20.0,1012.118359366649,4108.830621304806,7147.985019494262,1760.2041701223397,0
500.0,0.0,-1253.7503765341862,-150.45973433054422,4844.890987533224,-3974.853094419177,0
155.0,24.0,117.61087667038692,1386.23133166491,1909.7508280461554,-930.2578679985864,0
438.0,19.0,-12070.68830219785,7397.041530406955,-11922.67779197033,-286.0967945548266,0
950.0,0.0,5992.575694735384,-15207.586586988347,3992.3976310083863,26.8967082973204,0
781.0,24.0,-446.1421817247103,-3576.037937250743,2397.893326700612,-300.21200165371044,1
161.0,11.0,4376.5637344663555,5229.021121850727,-545.523643834494,-2148.3645897751344,0
317.0,14.0,937.0728304282779,3984.803642924367,1231.7199183741448,169.32045778775785,1
1034.0,24.0,-8861.255513615646,1494.3092470674544,-5904.517898442671,17.77252282471926,1
234.0,14.0,475.96112660892834,-84.32187299917678,9762.390893097367,322.0740607118496,1
869.0,11.0,4420.085209591489,-4073.0795397423967,4166.1251774941065,-5420.870121503007,1
193.0,4.0,6246.800423142096,-2656.386153901298,-1727.2281249211455,18164.154497136115,0
235.0,8.0,527.7207335320791,-769.841695157179,-14132.93418932567,164.62286445947575,0
903.0,11.0,3085.663223543073,-2513.513998478964,5534.987372407359,-4359.652165774615,1
583.0,4.0,-3152.2398881812933,-391.3952647008512,1636.619552203748,1435.0139129090253,0
359.0,37.0,276.26476384301174,6815.585438151114,-2559.2595859690828,-20216.319560095166,0
476.0,0.0,2400.7961536249813,4485.953221498234,535.2691589548614,209.4003188815451,1
560.0,22.0,2397.212446912079,-33.20234737606171,206.5639847418845,1005.3480785248242,0
172.0,20.0,3161.9307797340634,-1918.7892501520319,2850.9610058758453,1396.526902558408,1
812.0,1.0,6702.45384646817,-4099.0263929922885,3237.5930857074804,7767.441458412383,0
142.0,35.0,447.19588311432193,-246.21542437191738,765.841297239691,3611.495671445673,0
248.0,71.0,-3843.4983369361594,-3521.941747264019,7043.220401251184,-2671.084517508106,0
992.0,25.0,7083.7301292546745,-13854.363718119354,-1716.1860903950728,-18315.094606460625,1
626.0,3.0,5402.494639467838,1656.6285178214766,1550.379972479559,-6586.721818954289,1
237.0,18.0,11139.38376278218,342.88998251074463,-5413.605531594472,-3585.71406203875,1
336.0,3.0,-6482.746286944957,5734.790233192281,-1364.6392135817632,-1515.3621939579095,1
521.0,6.0,3584.8720149066003,10440.911688943777,6.314614615221444,-1945.970081941639,1
801.0,23.0,2113.0409171012093,-4064.7273501511345,5860.615471062814,-1626.5607281085922,1
740.0,23.0,-4433.320223004786,366.7201297397096,7140.415451024781,-4186.388920665519,1
40.0,18.0,-10582.608236719272,3854.4068505540763,11243.060533746991,3692.334842887385,1
408.0,37.0,-942.9040403121883,5940.36361103074,5506.400335770767,-145.1719315902037,0
402.0,0.0,494.5526989202117,433.92735668582566,4939.612861166492,-4131.9604175293625,1
284.0,8.0,2096.5029558789197,-1460.5384448179123,1281.9681295623461,-3050.8616143023355,1
37.0,1.0,-3093.971202968106,-346.58900838547305,9055.421140792754,972.8461534091434,0
382.0,26.0,2819.1807231745015,1089.8362916515534,4321.511291362258,710.5036386537115,1
586.0,9.0,420.74387451535864,950.2286368461314,10236.04310603037,3474.598361145434,0
848.0,11.0,156.1860907872199,9747.980514041823,2552.494983263273,-4169.084891574696,1
784.0,0.0,4374.991227906178,1014.3408973801238,6979.114212908946,-9129.851589341897,1
480.0,16.0,-11677.87501723403,-10644.873484847203,1366.7671500563454,2276.575132210687,1
362.0,16.0,6521.457431012716,-9750.727259543355,5437.235694361446,88.63569935845044,1
768.0,6.0,4416.469557425428,-10755.661763885742,-436.1865300154815,1826.2371828287846,1
642.0,41.0,-2288.558583558226,-6520.765125041131,2183.1533081807047,5538.802868662957,0
280.0,0.0,-8018.46474430554,-179.5492135693259,1169.018819788328,817.7707847049155,0
161.0,8.0,-4372.640686281387,-299.3853284105694,9420.629482301429,5211.859292652184,1
622.0,62.0,1055.5321386679343,1492.7028184504427,1506.5595787260847,-1100.093515672112,1
70.0,35.0,-3158.7841621008174,-15659.637897361003,4020.718865149949,-2659.551616091829,0
156.0,27.0,-312.41880301595273,4754.14702502915,-4090.5259532439786,-1074.5253527373975,0
62.0,8.0,4146.4362470949545,-813.9121173003807,879.0185347634414,650.2426655575218,1
604.0,0.0,2293.2035336978333,12919.454714023756,461.56603802822667,3356.7499017729538,0
130.0,2.0,1672.9027802227185,10408.484332973108,1579.432503147239,11433.120302592068,1
441.0,24.0,3608.3091460125147,-7536.450715519693,187.95871688872154,-2897.1739926967416,0
452.0,34.0,-304.925098955247,3937.4270789914726,1910.5085332975195,-9603.822338838248,0
935.0,56.0,6596.066712263651,2363.0840006166454,162.94992613561067,6262.303872185103,0
452.0,7.0,8380.63720776512,860.0699495570966,612.8356224335673,7888.257364507803,1
352.0,6.0,753.8493522350898,1962.808003181456,232.65093269627687,3615.453779443857,0
198.0,2.0,4827.833652432372,-4683.114482068109,-976.9937882327285,1972.1311041718473,1
33.0,0.0,-1358.844835420836,2196.7124259718694,8806.029506615485,-113.72096117056776,0
638.0,36.0,45.175428235007075,-1109.951606740824,4684.427602998683,4328.897646185444,0
284.0,2.0,-6729.959105017738,-3766.810844104921,-1199.5519980756685,-3791.2704951700116,0
934.0,5.0,4030.203126833626,3907.7399756764653,2284.311248163065,9670.892478321728,0
85.0,52.0,-229.27815031167142,1972.6925730839484,-7986.445916558994,-14575.45319434266,0
109.0,64.0,-2723.3497708525765,2448.3198457982385,973.6462801660668,-911.9304852893889,0
51.0,52.0,1494.4563703868218,7254.376643031865,8335.61649397315,2368.897227488225,0
656.0,8.0,975.9788420581162,-1576.873089657593,2076.806283749388,-1669.6951529872454,1
141.0,20.0,3936.4453950558927,4816.567085339622,435.5622633942228,-875.3495308195247,1
378.0,63.0,7291.288985445059,-778.7913326096814,-3677.6280404699464,1608.6639393394325,0
181.0,6.0,796.7407902225732,-698.1367848858038,1358.6107492154956,-3478.860279381791,1
992.0,19.0,-1226.458580726096,3309.9209389504394,7638.245702365855,-763.5322019751442,1
84.0,20.0,-368.66278070616755,13434.835950263225,4838.305469646213,4391.431641604998,1
427.0,29.0,3814.9164925008718,-5312.0899131424885,3278.979826938501,2391.9452855749496,1
481.0,8.0,627.2865743986974,605.5533268380252,6338.658224085451,-500.58043817039106,0
75.0,26.0,1858.8082201210666,5402.41822502717,9544.301588316077,-2840.3612711637315,1
0.0,19.0,-3674.7946499720165,3534.6629718008608,1107.8288840583236,3097.697684771036,1
204.0,8.0,9542.254543559686,12306.551084077588,2228.053330225864,3629.7495881579944,0
857.0,30.0,9139.178146164288,4409.559264457677,-6533.292275736893,3610.2040320135734,1
623.0,29.0,451.80834015235155,3583.5410676219954,243.2001363118568,-1371.364134396214,0
199.0,0.0,-4804.951741878845,969.2402791021161,1526.3797263134452,2033.2110171521017,0
215.0,29.0,-766.5348870573831,-892.190712505892,3097.4386304682607,-2661.932652795313,0
729.0,28.0,5743.690298890811,5454.796328217071,2185.4425188198556,3857.7351545040074,1
462.0,2.0,3424.6711447582056,-761.0509010894907,-4596.148213834625,-3234.790113690274,1
231.0,36.0,-629.9925755851635,-5474.188359732903,190.90372462553594,7393.454427386382,0
44.0,28.0,-408.5154807081656,-2068.184354348365,2184.250012769948,-540.8212009216193,0
163.0,3.0,3432.295068270063,-295.204769755253,8619.925656327421,1541.9778779066617,0
103.0,13.0,-4043.4000129023566,-6803.6303230608555,1628.633830248817,-15475.110050786961,1
708.0,38.0,-8900.337616935965,305.1817292965836,2747.3479047888923,551.6075649822228,1
810.0,11.0,3191.9246233768517,275.3715014448094,476.07887367445016,3738.3395629948855,0
642.0,30.0,1766.4965794439609,-8278.202118400575,2194.4402010089593,-648.4464621337875,1
874.0,66.0,-178.71939444621398,333.415155552267,1569.973597297158,-857.529258459573,0
514.0,10.0,2827.320623402613,4427.635802086716,10070.449742007686,-1600.383319940202,1
82.0,30.0,-1949.720028830121,5836.522711606758,4397.459202256134,-4544.902792748687,0
360.0,3.0,10984.615867278044,11795.619956043993,7336.572761275204,6763.573688487662,0
949.0,3.0,5699.4123509762485,-605.3302070497621,-3160.832391021415,-4684.779334410167,0
372.0,21.0,2267.88523429048,10123.85569571254,-5551.67477895298,-416.16142735230926,1
281.0,27.0,1369.8394143019673,-2627.608839799196,6339.980915101591,-109.16907929092622,0
124.0,7.0,9169.339155223646,-1636.4573651449632,4926.888688336797,-1418.113840916913,1
737.0,19.0,-1802.452288889475,-7664.744493914818,1183.513769137061,3338.2264373257804,1
251.0,11.0,550.0655627229166,-5201.753664180429,-2547.5779213587475,-1634.857366058457,1
163.0,37.0,2898.0376261355823,9283.737463500678,73.43677128438844,7363.048596775032,0
930.0,5.0,1394.7675132950951,7993.382480946438,5542.410406758784,566.9612446624615,1
108.0,18.0,999.5781985990188,2392.1791677871947,-2724.252371590703,-662.4127223647098,0
127.0,44.0,-6974.117847602077,416.345475995067,850.5826208397541,568.7214365448478,0
491.0,47.0,-264.31793902357174,-1452.1589681960645,7018.833151509492,1997.4183100909008,0
620.0,0.0,-10895.595973500265,3832.664768865813,-8553.96947858614,-4695.757764411472,1
366.0,25.0,5952.474873959813,-6598.353706527829,2758.747089942309,-3868.1880123684273,1
301.0,5.0,2353.9831602635977,2925.6181812251425,5479.8005694998565,-7191.694448405979,1
83.0,20.0,2053.748339940484,-2171.663572678253,4577.749130378431,-19036.39305192896,0
342.0,4.0,3046.0426127194614,1663.9784930635556,-1237.420975834484,8086.8726423335365,0
747.0,13.0,870.5856219441384,-16776.97038960754,6228.141899020041,-6509.331918400208,0
274.0,7.0,-3277.756120906106,3724.870130043818,103.55208096824458,-3031.6357903423545,1
433.0,76.0,1071.5262720041121,-5330.0157956563635,-5267.89890080447,-4646.223090692274,0
223.0,19.0,1849.0059680333347,3288.5897757118382,397.25439569388504,-323.00206334888594,1
419.0,39.0,1387.2465780107157,-5285.675285895275,5183.93329160183,-7982.470125500348,0
293.0,33.0,20.222177796506458,13440.325354169923,3114.91411617881,-3785.273669421943,1
24.0,5.0,10340.953871698748,-1319.99361412661,72.10898958760743,12556.917504584257,0
240.0,75.0,1079.1325586651824,-390.09732946145186,358.4843578261441,3386.5822996873494,0
558.0,27.0,1764.7455615593587,9669.508285078102,226.71390970098696,-4073.2307737249303,0
900.0,34.0,584.215846772024,6496.795311428339,6839.680907151928,628.1370003392503,1
0.0,15.0,10307.805987214546,-1061.5870215122013,7083.798780389872,1685.212360024358,1
295.0,32.0,627.9831934158921,3603.494026750156,-1488.1125135912914,1205.91034273889,1
920.0,5.0,-7979.7000919315415,3379.319446790215,-5325.395310575872,646.7560088453322,0
914.0,63.0,3348.8437448976774,2974.4453424531093,7795.722021655425,6462.291176573062,1
117.0,22.0,-9380.371167244059,4532.206002482187,-2921.612774098521,-7534.895806890952,0
824.0,20.0,-905.2389329975931,-1693.9544839353623,-4344.141739454294,910.2345688179554,0
373.0,40.0,7739.72951842129,-1355.6192171294144,432.11340003517796,4318.185866237211,1
188.0,71.0,11749.797631236945,-1135.731641016515,10303.331574517199,-5735.477460719121,1
134.0,74.0,-4920.623433108389,1411.4900023686519,986.236722061474,-309.73528844992484,0
231.0,13.0,-5012.389554751855,-3664.412510519034,-122.72716681222778,-1832.0976906591288,0
407.0,8.0,1926.5131939246435,-2963.510519518253,9358.256915011803,3270.218390493347,1
586.0,62.0,-6663.612848373492,1971.5489853039833,1306.8888548997118,3441.594227178637,0
568.0,70.0,1575.1302259946376,-552.9467131061624,2377.936049170315,-460.53979722774216,0
746.0,8.0,1307.8364172643212,3016.2559100353574,9278.81554155853,-5919.301358868493,0
988.0,13.0,-540.6745362931033,5120.0337244141265,4547.812234377215,-329.177487034714,0
819.0,56.0,-2550.5414515366974,-13514.851904634972,2797.0878501768757,-1869.6189482522427,0
743.0,0.0,1850.8890784961798,3197.5041114740166,134.64604593471972,360.6513592704041,1
710.0,33.0,96.07425925559178,6937.358998041194,-232.82938668718305,2706.6526594483726,0
854.0,4.0,5028.670421750067,-307.7061649779927,-8344.042948111613,3177.749179627278,1
52.0,51.0,-7075.119248265277,11060.943168974678,4438.490338827231,-888.4592508695823,0
762.0,16.0,4692.972246372955,3733.2111846945318,2816.699901217142,2928.745599697546,0
1008.0,18.0,44.86172162626724,5459.132307626618,2065.4105133709436,-730.5065058860127,1
934.0,21.0,462.7852887233198,1026.0517105873264,5888.02761671125,2792.770823982748,1
15.0,33.0,3376.9695015980656,853.4006377531227,2985.9731081965906,8389.155902094702,0
913.0,54.0,-477.3791885599891,-10212.946405259338,872.3216495300722,-3090.349586378119,0
461.0,23.0,5316.558673694439,-2641.7509368309825,324.65965614791105,-1410.190833385077,1
20.0,6.0,-966.9289245065719,-4495.380521835043,5387.159222670429,7848.656630554793,1
503.0,1.0,4016.7083126594744,2608.4677606422883,1748.8250183480911,-1103.3844244306197,1
455.0,65.0,3658.7136820934043,2978.449298931604,-655.3035536784533,-1760.658527274682,0
960.0,6.0,-6786.86845808981,703.5876568294798,1368.8265951158419,-4444.37659711308,1
479.0,67.0,6797.574532953712,2281.255540268095,7886.276405112227,8575.962396504947,0
414.0,3.0,-347.92079491966217,4856.812675755781,3443.2003747404747,-2602.072851091761,1
814.0,13.0,1588.2143873167088,359.49716915723684,1842.2136168719262,-742.9646003789079,0
489.0,12.0,-868.45844013891,-3294.9506460861708,11771.465301068938,-6867.213927067423,0
570.0,0.0,-6515.298987835531,1314.1257470155747,8312.844988604851,1589.0523006983426,1
942.0,2.0,14785.996273436884,1144.2946592530932,-3421.682321515241,-7346.065690427649,1
633.0,23.0,-5424.018605400155,-5712.8206878098,1871.983916581239,-4195.766759706372,1
703.0,7.0,-3419.652006812809,-7720.062271500152,-636.2601684106337,-3974.1048674611675,1
619.0,4.0,4249.859090010855,-5736.655700446982,3235.4496969480683,5704.268923501627,1
483.0,15.0,1543.034144793571,8671.855603137778,2415.70387679437,-1592.5449186018022,0
38.0,25.0,-8117.93223563913,4729.22531491594,-8231.374890685202,-836.1731265770215,0
407.0,8.0,-2245.6373122644527,4072.8232474973847,207.81085850011195,7132.3131266850705,1
824.0,23.0,865.2546437591479,4345.396248006264,782.3888567118009,2263.2040143692434,1
429.0,16.0,335.9877406202568,4917.606297588878,6609.804436101324,-4850.520857138194,1
529.0,27.0,1809.490506566616,1916.451915545848,10445.307932424561,-547.5378109107166,0
205.0,39.0,666.8544823023342,4573.223483844879,135.420191220523,-11052.321895387948,0
275.0,60.0,-8234.245697189901,3034.5377998529566,267.06450225218225,4443.637560838231,0
759.0,21.0,378.54802482996365,-738.3171836685556,10653.487727138068,-2472.201131898199,1
673.0,39.0,-375.96667530589093,7053.780116843377,2123.4306705320696,9405.177096738265,0
794.0,8.0,316.069258051213,-566.4156682169921,3055.6872596216176,1618.3377779980578,1
240.0,37.0,-7118.00085675152,5108.12671507079,4685.901048249284,5599.250995194212,1
479.0,3.0,4661.431952557729,440.77787795158594,5392.404214362948,4157.7958933626205,0
309.0,3.0,799.7933697506123,-3669.8476498412892,-1992.8287037518658,11599.508679815295,1
1033.0,25.0,415.27901484993527,1670.9943113547101,235.9232436526637,-4856.701910727884,0
239.0,18.0,957.603107020803,-2996.206683300918,6649.771881226792,747.4664333064329,1
942.0,57.0,2028.1383707922691,1045.067464694379,955.5779562055352,163.23106106488467,0
437.0,0.0,2461.403193441684,3046.174645022731,-384.2985716750169,-1264.902799532685,0
618.0,4.0,-3923.4435424614267,3197.2360466173477,6690.462675564633,2593.121470137328,1
723.0,68.0,-2197.4032026143423,-1879.8109655001197,4864.3024866658025,-3444.3688210479827,0
264.0,21.0,259.509841571069,1481.2881690426047,-6.387765269505053,2079.0520652507093,1
496.0,31.0,2168.8183824934968,11435.06581679174,438.2823992397167,2618.3853130677853,0
150.0,22.0,-15325.681531762972,11889.239700682157,3409.556059014905,-6846.799988457264,1
310.0,41.0,7760.887954045022,-1159.7882836155782,-884.3921264664143,-2809.072982682657,1
853.0,19.0,6042.598772714146,2431.7211906662396,4491.764195899383,4542.367388785444,1
265.0,19.0,-1963.1912647632134,5906.571143050178,8632.07906777301,-3577.5565073070975,1
829.0,3.0,-39.794220115905404,-1540.070499196997,3988.234637188225,-4679.011120822782,1
696.0,23.0,620.3087448779502,12929.313512944902,931.2279652152683,3634.4132889514703,1
598.0,68.0,-3901.560406653775,8073.267269546663,271.14122586635324,-1014.7834350219996,0
0.0,28.0,6878.080066869122,-610.2172877918401,-10312.520276007785,-12227.100996034455,1
119.0,0.0,140.15705658951333,9451.513725712712,5561.700345473559,3192.112335020549,0
653.0,37.0,2196.696662718916,1935.9357645857976,-2806.785756004358,11586.758242550579,0
106.0,61.0,-498.21980562690646,14146.169468300575,3863.181595818458,-1387.3955990059972,0
987.0,62.0,5524.225304217575,742.3842051001848,7307.3165411863765,-1076.4825075369201,0
546.0,64.0,2114.7917684125723,-17.94515084207768,74.7547887811721,2817.776432714458,0
740.0,71.0,-2701.28929667405,212.628357819327,2721.086869373463,-397.95132127825855,1
333.0,31.0,2621.465500618027,2077.2430040633944,5427.5675471618415,-8403.883844340317,0
590.0,15.0,1292.9717389781674,11439.083792012065,1227.0071532903253,-4436.148853095973,1
1007.0,2.0,10806.845173864253,-4404.022990944738,-8953.63755660054,-5432.3432406948195,0
669.0,10.0,119.84000408209718,323.0778447230499,8539.384705913519,7544.076549198042,1
519.0,2.0,-1858.1365967839533,1593.5298526426964,2974.023665755825,5608.756109363279,1
0.0,45.0,-8994.68379699697,2978.33740692601,1845.805293844702,2321.427884506293,0
673.0,48.0,198.96797070142213,2094.7150969167387,-8174.214656450985,-8352.520502325066,0
616.0,81.0,2325.9463354979266,2830.7779968560017,5125.4196614601,-3213.917288207456,1
530.0,37.0,-3602.352410581591,-1632.5089631156736,1956.8006386975148,5567.385847031649,0
296.0,9.0,10681.091965983538,1632.4366199139615,-5772.669347605486,1143.8318835397272,0
154.0,3.0,5202.5391211255155,608.7291673219294,4565.986164103381,-934.7852288729146,1
72.0,12.0,117.532845269383,-6492.842636665137,4154.8713783855455,-1663.6460434021706,1
62.0,13.0,-364.62940082213004,10542.678100151277,650.0833067740315,6176.872813810936,1
838.0,20.0,-52.58761275543716,-18017.39607612432,2212.6366206745306,-4034.79443836122,0
353.0,75.0,-3337.6604041258624,7714.71150607142,10649.802645468939,-5301.35535392568,1
565.0,28.0,302.2140782985914,-1699.0311279198788,4088.931762839112,7023.80870425751,0
353.0,19.0,308.7584076983485,9676.71110609715,-1778.837086879139,6602.158744877468,0
576.0,0.0,1138.538761700659,-2104.589417447082,10568.388759939791,-1221.5118449659394,0
248.0,24.0,-9966.761298897756,7315.758143854589,6574.301945628051,-260.4322648367015,1
795.0,31.0,2274.212851906764,-1792.987404992834,5738.217200896922,1179.6322503855777,1
560.0,65.0,563.4222540582073,-587.612861371709,1211.4629631073747,-1472.5788728889047,0
888.0,2.0,2447.3564855843447,-4116.053274744395,2185.135772082755,-1714.311287574165,0
645.0,6.0,-3742.1937875814483,1583.3333983129155,-11778.540097798483,-3310.3937608655506,1
29.0,70.0,-1821.1436681091104,1983.7955378980819,1513.3599701634284,5213.416321031414,0
957.0,4.0,2880.6923547958168,6609.112174813787,-571.730517222396,1020.852684017776,0
685.0,9.0,4061.8160536005457,-5459.100927999763,11024.881893273625,3040.5143335767807,1
487.0,65.0,3383.503545763075,-289.5798675477426,315.12154375749947,12287.850162439096,0
266.0,17.0,2256.4107534600234,1203.2069931595488,-128.23576470585795,-481.43938957585215,0
22.0,1.0,2768.839564487442,7606.180594363429,5259.504302224197,-475.3026836528355,0
836.0,0.0,4726.499594520196,4071.8760395924737,6242.312385117928,2693.825920226855,0
269.0,29.0,3367.9322619875006,3692.1055765711462,-12633.633858880312,-2219.0925126179695,1
197.0,23.0,3051.838270081463,7587.948633147573,1289.7001842595446,-14620.306973480067,1
579.0,16.0,-475.2734180091525,-5368.025529513859,3057.6986453672007,-26.344326603026275,0
515.0,61.0,373.7621982057641,-728.4896480406298,588.5901331388893,2257.696979603137,0
852.0,73.0,-32.5504081384604,2796.3463907640207,3521.060788348877,-3185.8944835961574,0
82.0,34.0,-2093.855055680541,-11851.07098081441,5185.602202658239,4357.506281259042,0
163.0,58.0,1513.9380206339656,1069.4270063990543,3152.7306668116094,8775.395536689659,0
489.0,6.0,3179.9401785762934,648.4114975427559,-2797.9058550380196,13238.238455190029,0
630.0,1.0,-5517.097546198203,-18259.060784560774,10114.638088565402,-6503.2558812145235,1
191.0,6.0,-11031.431471381136,-65.41442535703891,13.37133754061756,-4439.809553105741,1
123.0,28.0,-4573.894565735049,-4431.700572268909,5954.309823005768,3777.099721382491,1
225.0,6.0,338.97328945503307,174.16043001237784,3589.732521456694,-5687.842943995678,1
504.0,54.0,1363.6606077514011,699.881945938749,-3050.5591056267353,737.7220972287888,0
244.0,29.0,88.02664431640301,6492.98289455423,3662.0377089269014,-3635.699996283819,1
708.0,9.0,3571.670463890103,6234.9356790043275,13161.846550403421,-5574.477002492655,1
147.0,0.0,598.4936502530913,11.495007310569292,1100.3738352691882,-2376.350131407486,0
794.0,64.0,-1430.9216977277679,-2520.9074598088755,-8603.899143864039,362.80901574428333,0
363.0,9.0,2273.8657132774347,15024.5938028245,4122.268319676291,-2880.254322579749,0
336.0,67.0,2438.274249396419,5208.421422538102,-175.2335788677883,-3408.975912087265,1
737.0,31.0,6727.6796325231735,269.6826971453164,1015.4130722391095,-2950.7934840361786,0
764.0,0.0,467.22733770861805,-1884.3705877589314,8362.23099700651,-13680.753344287337,1
761.0,4.0,1052.1113398633422,703.3611658073714,5834.677793566997,-6484.192791765968,0
405.0,4.0,3652.5510904969055,1677.1443021116265,5362.476256646124,-10895.260303388624,0
875.0,23.0,-1679.426820819456,5808.903052422279,-1390.6640114522063,-3564.3174929771085,1
500.0,5.0,5484.578218725297,68.54662777046633,2171.021007954815,1008.9822300023475,1
161.0,34.0,2693.5273323931706,-508.4935560384684,10758.747053085444,-261.0038358969666,0
827.0,34.0,-842.9467351815185,-1940.6857135561659,109.36363629180849,415.70138820325064,1
300.0,6.0,-1049.4524895593877,7673.29708944425,751.1991770381082,-1031.559009564934,0
920.0,7.0,9241.664812971198,-1159.1443827983264,4419.553531836726,1088.8430096442398,1
57.0,18.0,1376.8628213495924,-1409.6039955093638,8604.70155708801,2460.22834421665,0
695.0,15.0,-3601.5487228233897,-14173.86767537615,1832.3391703870147,-13968.241766210609,0
415.0,29.0,-3703.069756340269,12238.184290271172,852.2128813459119,8162.487969463096,1
787.0,28.0,-1261.3749122908866,3868.5541880709106,4877.785044499879,-5846.886359792428,1
944.0,72.0,-7922.3775254895245,1296.1448966763726,266.81260700946564,1561.4552582872511,0
884.0,3.0,4780.609064530599,-5263.464089272886,4805.934652815282,1833.2652767257664,1
104.0,13.0,-12374.015713041957,1927.6029786441486,1908.4902487018544,-1428.387277801026,1
123.0,37.0,1771.068265265103,-14941.148282041873,387.76734808112485,-4468.828770318385,0
534.0,5.0,535.1876574805319,2654.8184627482797,6111.303160807798,3260.8961708459833,1
247.0,9.0,14230.54405984606,-1849.1494154155398,8294.262758297287,4212.907246116287,1
363.0,3.0,-3883.693233991195,-1261.778291905439,3794.087073850792,1860.8435356733276,1
184.0,42.0,-30.870017307042417,10045.927327616786,-3461.360049545944,2198.7261032049078,0
706.0,12.0,-2043.0718631505438,2683.832433396877,9729.475503143547,5599.222187887399,0
896.0,19.0,-2387.7034430180843,-4397.978934964316,2779.4739411491764,427.5000630790659,0
423.0,50.0,9476.32323353196,-1319.2240316471014,2050.622708866449,-3554.6740356599294,0
788.0,1.0,2996.6251627266656,1415.2525224803546,-3646.80619215048,1781.7634433387511,0
565.0,54.0,4913.611375549239,214.98620769956506,473.2527105197448,-374.4094374671022,1
415.0,25.0,-44.6099144879515,4865.361116775216,8970.840495653967,-3801.0612891198984,1
1027.0,5.0,-3117.437995498264,-3046.924685198412,-23.12498154951743,5229.20066495793,0
929.0,27.0,-9004.385942168168,8919.318091468862,-824.4811061409357,2485.204960669176,0
327.0,23.0,56.44359334461751,-15004.117049280752,-6681.604608412251,-16027.412895341407,0
704.0,54.0,1702.794517153221,4903.503007053797,10511.81532313895,408.79718000979665,0
434.0,13.0,-4606.684411278597,-2128.1338391622708,6978.587451158461,9166.99974972834,0
757.0,0.0,6035.383730520371,-784.1136022773094,-594.8454901405303,4264.029721966044,0
854.0,15.0,2106.711217319442,7483.02962926663,9847.12238989814,2058.5359410037363,1
288.0,55.0,-391.2126574037286,-3298.6581914844137,402.77456963663076,-12324.00347268649,0
278.0,26.0,-3836.673519245084,-10511.182179279507,-4396.849715776233,2997.2626932340654,0
185.0,0.0,2969.8813986137957,-688.6442190288344,8012.609764504087,12568.983406347463,1
54.0,65.0,589.1861304800119,-4622.904215706183,7719.556811213564,-5996.343356623795,0
948.0,0.0,-312.48992411128904,-3431.038396457135,1919.9283982752097,-5389.487100424245,1
763.0,67.0,3103.8685125139464,-518.4280285703403,5868.571978326998,7902.931725905599,0
754.0,12.0,6361.869425360668,-469.78495523698376,4301.724636228525,-1288.8224246144564,1
174.0,0.0,12549.465311804099,-15277.369993657896,667.7827204750896,90.47110582358346,0
586.0,9.0,-2148.884994238644,-37.699018369878274,2092.2517273828016,683.9278508745188,1
566.0,5.0,-26.198940451114595,11101.074110356312,-793.5006580286902,14755.496204219384,0
365.0,9.0,338.8638383588841,-60.59635622119157,1499.417017106707,9541.830821416248,0
368.0,25.0,273.7400162102799,-960.1569757438833,6682.519781730955,911.5217153330707,0
72.0,3.0,338.0804293006287,3083.9150108441154,651.0373814025875,-3279.10434075682,1
793.0,29.0,9240.65139206427,5564.952749824477,10397.69157093377,-2336.2810142212297,0
45.0,24.0,-2114.607897676149,4809.472743636773,760.2759837157578,-1982.1751302279804,0
884.0,71.0,8782.647596474,1282.6794322635135,1546.757354314051,299.3400407183701,1
0.0,35.0,8193.456206382962,11397.321365974722,9090.932891104452,3623.1436743203103,0
287.0,82.95,-5149.301274822263,1297.5594165371558,-2802.6885329152537,-2816.8902187764497,1
159.0,21.0,-8216.603963358288,2805.9697006360284,2440.8297910368574,-1513.21735617254,1
104.0,27.0,2445.0793492012695,4128.324537251015,1080.795984568476,4900.706242650341,0
0.0,14.0,3717.684862749098,15586.930769491153,2673.379119232448,-2823.169177926834,1
855.0,57.0,-7811.203740997597,6642.214984783163,3268.7185792475793,-12561.081518173723,0
316.0,29.0,2194.2382480003052,-11051.68170696112,909.3324211729886,-2432.3050590101166,1
794.0,57.0,-533.1198627423597,1770.548439544746,696.0714659262119,-1490.2246315254547,0
45.0,67.0,-2212.066739091131,7278.438785798249,-275.89551749582756,-13730.395647534111,0
728.0,29.0,-179.3882993257962,-6778.612546549534,8961.537486787507,1033.7620814065554,0
810.0,47.0,1063.3804033797792,809.2053661022727,-1058.3369805461944,-11106.531916800612,0
172.0,6.0,8797.214198936661,424.95097671446865,814.5322584521246,4677.835119578154,0
414.0,34.0,272.5514368325214,-95.94431021363306,1939.0737505905659,6321.083615525952,0
310.0,52.0,-50.63443764023987,-860.1364451843381,3056.251188243764,-19027.412660488346,0
915.0,14.0,-1558.3058504135001,-608.2854932854627,7378.363360363408,-4386.476247491199,1
222.0,31.0,2068.9191642230203,8726.40829061919,-11198.341946961624,-6835.320404469412,0
695.0,34.0,3644.3331393900144,-2490.7586820378615,5795.86285478677,-1993.7405951488904,0
668.0,61.0,-543.5515465105889,-2136.525458900298,-11105.007461029614,-5458.465072953711,0
1017.0,16.0,461.32658486819923,4268.360420528927,-4274.032507344613,8246.32006535758,0
20.0,34.0,-7199.163295466552,-2030.1609690019577,7699.900083210005,-4229.691886844801,1
857.0,13.0,-120.26329484314465,-1011.0963530327372,-9144.248382281527,-991.257270294617,0
0.0,2.0,-118.04131441195113,-5590.044617114476,13639.84344737708,78.7785302233014,0
462.0,2.0,338.4158985450719,-5188.5044658459665,2373.6526082442515,2690.317145082901,0
130.0,42.0,-1869.745137420693,1958.1146498102607,4739.224375121617,-4085.539915483957,0
831.0,19.0,5550.231429221793,2723.5109847382687,17750.6259765625,135.02395496553436,1
38.0,7.0,10099.40011303212,-893.2033670757487,-8140.983452023557,1455.2705336316262,0
563.0,34.0,782.3045986085874,278.84853200054556,4853.840022454703,-3139.225490071748,1
607.0,4.0,889.1200215857586,1309.1601298950825,9677.656770614949,-2642.0563546022163,1
529.0,50.0,3889.414913235837,5155.704221266836,2118.687332757765,-3017.2924034207563,0
473.0,19.0,22.27720626283913,6760.961273806204,6566.923299257574,9492.443035973856,0
30.0,49.0,1614.107010429244,6926.524640666309,4569.036513980942,1993.0620080989688,0
407.0,10.0,-2991.665395411085,13170.17407031782,-6180.7401578083945,-104.25040840395332,0
1026.0,37.0,-4948.322175227722,-5413.550230786961,-5667.751158691779,9405.211935650408,0
646.0,67.0,-6226.107471913913,-27.158647576140538,1556.5613183496114,-3039.432764823244,0
854.0,0.0,240.93788878393366,10057.198607387872,8769.055048451124,8761.030606801129,1
736.0,32.0,-458.3448374678892,437.495788194251,1630.4216315209421,-3525.928235533105,1
280.0,11.0,6411.545866633983,-1262.4602198022849,5681.506721282541,-4369.71681645408,0
804.0,0.0,-2501.9457752099142,-3513.936389816942,10446.952859457406,-6398.8289045709735,0
651.0,34.0,-5061.271673964269,-3007.370257312169,4821.793547693538,-2087.4982213843523,1
668.0,70.0,-727.931589999173,-4827.116390446379,7413.82094036217,-2064.6608052809015,0
748.0,45.0,-1788.7204124025307,-922.8646190387012,2953.9026456012707,-2775.485676786511,0
986.0,14.0,15059.722306536907,1406.1127695421599,-4624.0601825891545,6450.113872745389,0
93.0,43.0,-4914.742903470564,-817.5434251358834,312.0152150465225,-530.434736844681,0
380.0,18.0,13849.614168560416,-2816.1078834752498,-5285.811645168596,-4229.895879234335,0
647.0,11.0,7260.5280770508325,6313.917520889248,7479.681014309719,-4441.849477001069,1
728.0,24.0,-14468.936095426303,1990.235777933187,7041.922364828289,-142.59089643540483,1
734.0,18.0,3392.9193889177295,-8122.607672240043,2660.8295003595367,1314.9954445145363,0
849.0,8.0,9704.689329870529,6555.2241046051695,1940.9268906667244,-7167.8867188357335,1
177.0,7.0,4207.306895223675,774.7522321249476,7186.76776209375,3184.662739326156,0
644.0,30.0,2136.0637539934596,10496.178837585712,705.7839476443872,374.4154741047499,0
263.0,44.0,-7821.801563076399,4948.751668597169,808.8302089031806,1655.0193967366117,1
76.0,0.0,1161.3426872096743,4039.007891148138,883.6016019703532,-3909.6362381484255,0
429.0,25.0,568.3181471775633,-1085.012399386681,-4141.000240993568,-1976.090657973964,0
260.0,76.0,2548.5868769672034,1579.2876167202876,-3.0314940227854095,-2917.4742938119352,0
728.0,33.0,-308.0011764102146,-3941.696060494866,5410.375714075918,6677.8590910442545,1
129.0,67.0,2797.4383838297144,-4063.5929267550373,-10296.612245870572,-4518.437456268868,0
929.0,27.0,-3957.4585914592826,-3249.1118526945666,3238.8100702095303,-582.2399135598034,0
3.0,0.0,3626.360869390104,-5211.421401237842,-10945.803604071461,403.80781847572234,0
107.0,57.0,-5606.266979009699,-728.3611975150498,2739.525654774837,2724.2369353214876,1
650.0,13.0,2145.0944272888773,-14696.974701377214,2070.4105768015997,-967.2906603181991,1
804.0,1.0,-70.3761018204284,384.69989010954816,747.4709086632945,6333.448709406091,1
98.0,2.0,2288.808332223032,8266.080462480788,-3933.766054644468,13263.463339031503,0
583.0,14.0,-3247.868282178035,-1757.9088280245655,11566.677546649265,97.56715545181078,1
210.0,8.0,6009.709317295281,2059.625384312938,2012.3330002404032,-8779.116745989631,1
565.0,12.0,2982.183339502327,2035.2705691048563,4965.123198045474,-6554.058549606891,1
6.0,11.0,-1863.6331803380413,-3628.2244803653907,387.3273270203181,11211.071737649776,0
832.0,10.0,238.54860078044155,5310.817744279804,10107.594885107872,-5759.676925378279,1
514.0,15.0,1298.0523074177254,-3290.915381000498,3043.173525232284,-228.98009232938796,1
670.0,15.0,-9495.352365291767,-2103.3299292299876,9820.53123667653,-1347.852737110783,0
714.0,26.0,4504.750956468668,695.1309361050357,1545.1960525671896,-221.36063893513938,1
666.0,7.0,-3117.063068481829,5442.125513235898,-5139.914365032282,1963.2595112784943,0
613.0,24.0,4072.9454533108355,-3318.417180854027,1236.7742746446727,2146.2060181982824,0
481.0,13.0,-604.3413585378962,627.3713062670897,5213.767394158362,-2665.7297937417825,1
589.0,30.0,-3245.3459002163863,-3147.264960135014,6764.602921426604,-2340.226668733985,1
1019.0,34.0,7101.516752666062,1658.0304735638783,-552.2677502552563,-702.0910781522563,0
917.0,28.0,2028.4195464190966,2031.494918410093,10117.577821085028,1708.6216808177728,1
489.0,28.0,-3875.738106342269,-1167.7175039761805,-3530.6153560904786,-3966.4141708743755,0
321.0,61.0,-6399.438509332487,-590.3051722155087,2439.3170457243514,-5016.490533273403,0
1014.0,3.0,-8061.421241827786,-5305.4762402480355,2242.9958857792844,1385.3305477093368,1
788.0,27.0,4356.491653015023,-9224.072209308772,-338.9211514473043,-4706.425618293479,1
106.0,0.0,1436.7102383519918,9312.423301574145,-293.82279649959037,-565.0910960697108,0
168.0,0.0,-693.1073299462228,-1219.3401889940894,5849.426064143173,8753.281631672142,0
875.0,16.0,3868.976220210963,-3938.813263699346,2416.3778367717305,602.2998683494916,1
606.0,23.0,6819.619352438199,-11031.020326523601,-2105.552866998085,-11119.725563983659,1
339.0,43.0,-3997.7366957807963,3981.600835861088,1098.923317506264,-4911.3148290632635,0
0.0,1.0,-174.21928212463536,1148.0332495564362,10325.519209559287,992.2261055079975,0
833.0,17.0,3600.3700554384764,-12097.994640064082,719.7816837723672,-10635.194122578525,1
239.0,15.0,3734.668873397849,1141.9345491540023,-1229.148767963541,10883.13916671706,0
935.0,12.0,2699.7550481230546,-3293.6933601084093,5610.585151327135,-1177.8962382766122,1
945.0,77.0,1341.8936507679052,-4756.413692139253,969.7948505672052,-9798.181716936277,0
125.0,51.0,-10316.767918755639,86.22037806031676,-191.61919419401795,-17114.55093990662,0
962.0,14.0,-2206.8957689412628,3232.673759476849,663.9165289094591,2701.3162365834746,1
445.0,44.0,-9815.207565640392,-768.3729245640873,-3536.9927477937586,-5666.965378060029,0
226.0,23.0,551.0887388412737,-7653.322032475661,87.55037279810539,1187.8652377275405,0
555.0,27.0,2479.2863935618934,-3806.7986947862564,5218.197876748669,6048.790765145502,0
653.0,59.0,1634.1298632935564,-1130.1242825786385,6486.45644101974,166.51934691897213,0
863.0,11.0,1002.2754260960124,3277.4402268045073,7210.937270554203,-136.35881960538347,1
0.0,19.0,4139.045908013169,-12887.557822490839,118.29733105393525,2052.965568600366,1
571.0,75.0,2957.6365314821696,-357.45327070700955,-127.51592271251218,-1660.8831239913152,0
544.0,76.0,955.5468169128408,-572.7344440279767,7955.535260123121,917.637491557989,0
417.0,25.0,3237.317829785593,8537.438589922653,1010.3643199451435,-5704.542183056065,1
246.0,22.0,2639.913688781962,1922.2489870737495,8865.170203642358,-1429.3974394535167,1
421.0,5.0,3646.4976717441286,-11843.547474153474,2019.5095204666175,1833.0732830142592,0
112.0,77.0,7557.593011887686,83.24955925816869,2205.81448329124,1574.592061667082,0
632.0,17.0,3365.0460909835874,-15077.007103567164,2246.7455585599014,1262.8326178028728,1
814.0,46.0,9534.883470884592,-4756.941727479867,-5538.749311486261,803.5848981298363,0
388.0,20.0,2542.7109226874963,2408.9592136536658,2020.1096088719087,-3841.4067476451482,1
454.0,4.0,1684.776477324236,594.2864609551801,2925.800713327264,-1146.9163363755993,1
909.0,36.0,-1497.9984161976752,9573.922949094303,545.5648793457586,5720.448190980305,0
139.0,0.0,4799.629911500526,-1428.5039541592773,6416.863457000255,5393.243910234487,1
160.0,78.0,-481.6761898698742,1604.4595100290037,-9288.89917994602,516.4184717891081,0
676.0,70.0,-260.1344509591121,-7703.553204310256,1410.9409940212247,1728.6744144949366,0
984.0,51.0,-5579.439776509546,916.1498274228215,1404.2925468764765,-682.6351766910567,0
722.0,4.0,2857.3982533844382,1081.7694550530762,1950.0893149264186,-2776.238454694963,0
449.0,54.0,-3843.5908204972784,8016.689019563624,6603.065704482633,-2675.604653970101,0
327.0,11.0,244.01819381160988,-1072.8233019482368,2661.1709778567165,-3746.734705419204,0
848.0,45.0,9906.667723702158,-927.7369041325694,9990.21728818524,-246.0813874154951,1
609.0,50.0,-3282.3061445704816,5245.383408223597,2778.5671009886114,6479.62187665935,0
297.0,17.0,6083.134517955809,10852.614790295702,8327.552025389117,9279.390295803049,0
256.0,51.0,4571.521369084016,2483.21790199914,15074.559177190855,-2404.362636419263,0
387.0,13.0,-543.0609764458679,-2887.766455846797,-8811.019132389323,631.5734594078631,0
941.0,28.0,280.98679684829534,7557.770666155909,1582.8703694936935,-14839.454082603432,1
229.0,6.0,416.23266613070143,-2252.613654183674,118.0154262444552,-2734.479610550087,1
134.0,22.0,9072.135330139079,-14864.01659442799,6644.775334641017,-1542.2321424337679,1
122.0,21.0,-4597.227427174028,1484.1648895978615,-520.5628655264882,-1099.0127424490925,0
293.0,24.0,-410.8232044700889,-283.99642619932473,3228.2784819901067,-3421.1251574787184,1
588.0,52.0,596.007678221229,405.7252320954867,-5946.737471559904,860.9397231283865,0
634.0,2.0,-2876.5716039367167,7128.964756952436,1545.2609864568983,-2794.1704899333,0
615.0,21.0,-237.30577175959905,4234.085935170011,1408.6238766012227,-1336.9348371616152,1
0.0,12.0,3834.377629185406,1312.6006901295373,1985.123328133124,-13540.069091296959,0
356.0,71.0,-2253.4456911881325,-1614.7288500927166,-10307.488781171416,3959.942396021168,0
818.0,13.0,-487.9099711320625,1193.1340477514234,9030.936065571525,4023.046960514184,1
118.0,19.0,-148.33105212751866,4288.946715973093,7077.440890753448,9672.973517635604,1
772.0,26.0,2563.289854192424,-14362.432186099268,2080.7543466271472,10604.14584537881,1
468.0,11.0,2455.3857652526513,196.1151289453142,-1996.653676294328,2593.508748525005,1
29.0,2.0,6577.128708049171,6324.232019644503,8222.4008035521,-2165.834150628428,0
760.0,9.0,4279.392013120934,-3220.586350418028,225.79937055455662,1342.2286325537475,1
459.0,28.0,7442.628966446046,2982.3694385336303,-12287.402950732412,-1299.557380099583,0
206.0,52.0,0.0634225906630661,474.18370229925665,-685.7243158758756,-1978.641655652746,0
902.0,5.0,10693.491566728411,483.0381500905037,-559.0100463122217,-4889.90209256638,0
0.0,7.0,805.8150339708213,3933.3142556764938,7399.024599143942,-2928.8899158984523,0
495.0,4.0,5338.168127166688,11703.164506749548,975.7829131871639,-4184.06694706586,0
0.0,17.0,5601.249180076164,-9254.750188156013,-2309.0038046659565,-64.18120258302588,0
501.0,0.0,10971.301300721923,-1682.3044925290008,2503.8399684012193,7443.1861053877965,1
0.0,51.0,12729.719028090347,-1906.4206449473213,6810.551953143259,5731.142512566774,0
81.0,13.0,1836.091753057988,539.1718493695473,4672.580577738892,-61.306811593431576,0
660.0,7.0,467.3944034267729,-4636.6510215372255,741.2463049786354,-1845.479158966472,0
552.0,53.0,1534.0900780313214,2357.320443586307,668.9351464976971,10471.202143661083,0
279.0,13.0,3396.394106675796,-637.7208034052228,-3565.776926979784,-621.9957054556781,0
859.0,52.0,-1020.4357371504486,-1150.7980784015426,2796.8703389782518,7900.152004899379,1
342.0,0.0,2674.5391492006815,2329.48432381323,4901.961056394279,-6657.888439852524,0
980.0,11.0,-485.1940992129659,-1671.1460412470435,-3060.931297235407,5231.887953203741,1
376.0,3.0,2370.117643914611,11332.40906653164,-5007.186179967404,-263.78371301531536,0
854.0,21.0,403.7077950523069,6865.624215432945,801.1608741781063,153.73450306194627,0
803.0,51.0,-867.9378039080912,4797.543562280565,-5849.779626974376,-1082.1482661760397,0
874.0,49.0,16451.622605414475,-2003.0910433703402,3318.7960043474095,-4590.706577172663,0
33.0,3.0,-1730.518910136424,-811.8076617876022,3471.004273131991,-785.3451124710024,1
435.0,0.0,629.2805490850533,7709.508218032783,-4417.18904428908,-3677.049742979215,1
697.0,13.0,-20657.0556640625,11107.830959619894,-6294.332294253295,-3727.053109857272,1
258.0,63.0,933.7826341753164,-9471.733126013967,4348.373932374502,5914.653941785153,0
71.0,11.0,1133.30131096197,-14011.333099125637,2075.3270198890445,466.01458275212417,1
37.0,31.0,2177.5431865249184,-8258.19038279254,3233.29220452065,1957.5552892847554,0
132.0,77.0,-1583.4331215497189,1028.0975615377326,2352.680873202066,-659.3037731246227,0
570.0,38.0,1047.1767897938437,111.25738678005513,-2812.3590423871974,-5151.285768254382,0
760.0,66.0,-4415.493456400398,13483.62783022118,8643.219033016463,291.3828784979837,1
618.0,3.0,200.19867262203888,-189.31672339450898,4669.134333630275,-1777.857872421453,0
306.0,2.0,3028.8259286372063,-6680.679304548195,8433.194857146882,-3828.657376217172,1
674.0,45.0,-994.901067324402,-10.501396360770286,298.3429220027797,-7438.481593549209,0
679.0,14.0,3606.3075512652154,-250.89300844512877,3957.640247761424,-3814.9021112821883,1
462.0,10.0,-5519.276786090963,-5492.103843870898,1047.3473959975038,15470.969264292862,1
41.0,25.0,-459.10993288852615,4340.942220739419,7248.174021763543,10672.739658048133,1
536.0,37.0,1906.0480990967,-2287.9718589370586,-1642.4885521240046,3463.622105222016,0
873.0,27.0,9732.318568322913,-2328.234332116239,474.03875783099386,-2160.392196579611,1
661.0,51.0,4689.620453973009,-24.171255352648586,1661.5237767564508,-1029.7873092933473,0
863.0,2.0,435.18574567453754,-1951.5132603352192,5919.974120452069,9585.839641304505,0
678.0,7.0,1459.347614359198,14891.158271086004,3566.8898719656304,-1441.393391337728,0
33.0,64.0,8295.747390667144,-5508.356505371799,2972.722886353153,-2748.0701978306847,0
93.0,25.0,12150.439680900992,341.5316043889983,-2868.003824073435,-16886.168152438764,1
698.0,41.0,196.8570045773988,-5725.800307585087,5834.928639815624,-5691.517097153463,0
540.0,51.0,122.93790566316284,6910.990486423505,-1215.537457594743,-1461.7138374026313,0
677.0,57.0,-1642.5380694140772,9225.639432396607,10736.549540479082,-6160.345286080962,1
582.0,11.0,1442.535801884497,-3207.3496813999154,1731.86520530188,7698.42780268981,1
821.0,25.0,7545.78472485538,944.5916588633322,3310.879556516449,-14600.493297880681,1
1047.85,9.0,-348.7234342031004,138.60010478612992,8183.085114669426,-3739.7199056553022,0
1037.0,6.0,-4506.0926330668735,-563.6235513758404,5683.613731135382,-4832.822758791128,0
236.0,71.0,-2187.29930654501,12917.66481587234,4170.9570688946615,5569.333769985373,1
136.0,3.0,1806.9867858599014,-7128.782407258193,2937.929327729534,8941.706251856183,1
505.0,23.0,-4553.428362654193,444.55881127131016,2533.071858042113,1711.0734394823085,1
812.0,14.0,-14238.465393939987,1208.2602376574087,-132.36749778815863,11574.894875027167,1
213.0,52.0,1215.5131476929928,-2643.574093249112,8716.514916532731,-813.0166471609288,0
1002.0,0.0,10522.068085178309,-1134.9241612542223,-4749.4591649605245,1113.6005687240731,1
731.0,20.0,1593.8385869678636,-9233.425687401821,7972.47759595432,-10483.64148533406,1
24.0,62.0,1232.8506525555067,-2183.1001004573895,-3624.277199049321,244.507653105974,0
939.0,1.0,1022.5049625974002,3584.0621151120527,8349.550767643512,-10777.213068607974,0
720.0,30.0,1742.8213168192601,-784.756636184539,-1391.4463745327453,258.82703343283174,1
183.0,69.0,5217.019358136145,12692.754333852085,2467.4714489308517,10786.895815133275,1
561.0,16.0,7415.538977191317,1194.497278912032,10752.666724595985,2470.6122567604725,1
691.0,24.0,4266.758094846617,-1490.7834268647484,-10923.085607405168,-2411.6878565640245,0
796.0,24.0,6976.494233214503,-597.7302213243311,7249.261844841743,2263.2278031850706,1
830.0,6.0,-156.59440636548396,-4564.007715783514,3183.612392487048,-6887.406527960628,1
892.0,29.0,1196.3670114269614,11113.24856808478,2909.0190099463503,-4823.474774628804,1
681.0,29.0,295.03759814469214,4770.388105352757,2836.290197594719,7619.399055835503,0
626.0,40.0,-3296.6694447659333,-1287.393312992712,9624.895073364376,3923.8050653317114,0
857.0,11.0,-412.7007398435639,-806.8921788397176,1567.6158409317218,-730.6745788428283,1
176.0,0.0,1686.0225076142408,9291.223522018123,-3679.134796435319,-1041.7508152871028,0
0.0,18.0,907.3806416818979,7355.696878266801,471.9754642047955,-274.9234873998357,1
903.0,12.0,802.2209395736536,-1386.0555665151726,1731.3453266342224,189.7931398096439,1
639.0,7.0,-188.6282862418496,-3956.7189611306303,5178.148932973912,-1434.4171176050668,1
365.0,13.0,-439.99997031698746,2840.3410986387407,4010.441706312894,-512.4325488846255,0
61.0,16.0,5414.954457121617,-11166.149772854526,2893.611711847988,781.8747006228141,1
768.0,11.0,-1940.5854838301452,-1621.7645605122605,-881.8812504190905,-3504.0180154696336,0
467.0,18.0,6719.384891850146,-3816.253418055415,7580.9618936482375,6799.674088884169,1
693.0,28.0,-15821.118720871007,9140.4871807616,-556.2861397980587,-690.1365835242168,1
451.0,34.0,10169.383082848679,1521.998858797756,8956.183190530337,-6713.24998986621,1
76.0,6.0,-5071.286973462732,84.01146870926232,952.045288210016,4012.2730115250033,0
564.0,13.0,131.8021698214007,-408.1648657419296,6640.602833340455,-19129.701474519297,1
895.0,21.0,-67.80564239068062,1518.48509526336,8970.776604067332,-13625.517708566675,0
404.0,3.0,1003.6478330656337,-850.7795754575775,2283.9935348842914,5658.190787527981,0
843.0,4.0,-4742.0972330593895,-11557.933011662122,3640.2990668348316,-290.69105441690795,1
923.0,62.0,-1812.2605056315194,-7757.539395672644,-1580.888550938944,-2214.070327343394,1
621.0,5.0,2586.691754605794,3451.9589190063125,2570.7326616213204,-355.3275496189692,0
258.0,21.0,-246.12919885238716,-1147.7585860604154,-8851.941620289432,1771.2436212620037,1
539.0,54.0,2253.570513167943,8140.809130514258,-944.2163002821835,-656.571334641444,0
887.0,39.0,-1112.9049518004633,-269.40388921521935,594.1282511315404,7629.082459671947,0
306.0,50.0,3365.5057647415015,2197.939332091425,364.17328705787384,-196.01267810123272,0
460.0,72.0,9593.435331307885,14716.898793095854,10369.374094548393,-5869.396170680007,1
564.0,43.0,-15010.41982235968,3999.5328066751013,2086.5055772644046,7334.912056519097,1
925.0,0.0,3430.0575587658623,-4932.03997892816,-511.99178791894167,3881.1609386548826,0
666.0,0.0,6571.864602112133,2715.138378959092,7037.26707270294,-4522.509964003531,1
902.0,38.0,-1798.5236538368276,-751.8195270535284,1417.8141708383546,3065.575171439343,0
144.0,8.0,-2444.0783390909023,2941.4265514240697,1573.8926762312542,-2860.92336760942,0
546.0,24.0,1728.1467558579475,-2266.1827886370384,1633.679597527419,6073.481566893294,0
695.0,11.0,6645.91333183288,1121.206155952756,5576.4243731687975,15930.49889866987,1
425.0,48.0,-3890.7883315387867,7803.289579381106,-191.985583777415,2005.531904790078,1
753.0,2.0,4517.255452423015,11408.569822352727,-8.17041092650561,-5747.426460207956,1
561.0,24.0,-799.7019541363118,-4832.003321275533,985.9850698034913,7338.671027739248,0
215.0,40.0,878.4621658053527,-17917.78635416709,6185.057052500915,5003.3474101513,0
74.0,16.0,-5459.462859467284,-165.93222236549082,-448.4545649796621,4431.729288235199,0
181.0,51.0,4728.4841315600115,1964.754318943962,3197.5373450988727,-3311.5735219489443,0
0.0,4.0,1386.2661003110911,-2900.7744417798153,480.10042728757264,75.91086373647704,1
659.0,71.0,-2411.729599923648,-4948.771577388725,-4704.99501578742,4166.602552023467,0
830.0,15.0,-1021.1281106823149,2105.120693936756,7165.118899833328,11283.719258014067,1
273.0,74.0,-1865.6238597945676,13590.077344736766,-1069.0460358536534,2494.927352767673,1
127.0,59.0,-242.23269912634385,1448.2549833097326,1461.513212726839,233.5544007351259,0
158.0,1.0,133.0640810934123,176.62646430478662,4216.199214673463,-649.6061290218498,1
788.0,0.0,-1567.212711236752,-644.465674835415,1848.5899506617388,2332.1276279840017,1
998.0,0.0,-10721.383336936136,2230.0353033950623,1211.2324008537214,469.1662561740777,0
651.0,11.0,-4177.260451197814,1030.2164964322485,4866.250284986605,-6683.835938808157,1
547.0,63.0,-4983.570903942839,3678.484741279889,-456.3230705512723,-2268.063421948777,0
371.0,81.0,-4240.919932265693,2865.518851751295,-6484.4421070016615,4516.592810051247,0
766.0,13.0,-4134.382079031153,-488.3575812029676,2930.258243973377,790.8150827709592,0
491.0,3.0,-4037.9059532352976,13.426457348672045,1972.6467619244002,485.6064638471148,1
909.0,23.0,9823.46856161388,548.0823253489716,7205.9107156306345,-509.5786071735554,1
472.0,32.0,10216.666746400044,48.46874020124733,4225.428118341122,-450.11121595275233,0
493.0,35.0,5012.347190538084,2432.046495299793,2024.9308546961147,-1588.0215994015743,0
859.0,31.0,10927.479457855596,-2505.099380403097,851.0691303881453,-4140.645844621336,0
145.0,2.0,103.40809913829821,4280.277304794235,564.1952415196007,289.9305468437806,0
596.0,4.0,-5105.225625676356,3280.0282405684384,6486.397268754338,3469.1580915182544,1
119.0,36.0,2479.8829951098387,-11950.608014958745,-7221.099060798253,-3170.0871377981025,0
902.0,68.0,138.01441954002507,1283.5995857376815,10999.847394168686,-3910.7399990687018,1
341.0,9.0,74.38467392430888,1977.081649656699,2251.9294368286737,-113.94965778003916,1
40.0,3.0,-3649.8086160838648,-3116.713242197523,82.15593386690443,-3104.028545314319,1
604.0,17.0,1345.2590942040547,171.55268228962996,-477.58201353156426,6015.324551483902,0
906.0,56.0,2542.323387174194,-3673.689238059889,179.62367602001,2217.131635121277,0
645.0,2.0,-87.68948897883669,10841.056479905672,2778.5439563361256,-5052.034448594439,1
580.0,59.0,-4843.625418387618,7899.863703371703,-824.2665660019585,1441.9654338154367,0
692.0,3.0,916.6372923652305,-7675.413267858792,4869.424232648943,-1961.6327815536376,1
46.0,3.0,-7010.673572307643,-3092.6501668763794,4668.472244855182,4955.257015216987,1
245.0,4.0,-10814.923109662985,5012.862186039815,7681.570074630702,-15363.095691233053,1
491.0,59.0,2277.4793893167953,-3107.630785880807,6192.971216149966,5348.628386730664,0
1044.0,13.0,-6362.817893978429,-1495.0039003464233,3804.64868816529,1914.626475024747,1
633.0,54.0,-1874.00266184397,-14566.413775759142,-1750.1099858898172,930.4588158066326,0
728.0,17.0,2105.455048097985,2689.455250514907,-130.0543966844101,479.3996903884679,0
393.0,28.0,7994.55920974604,5860.134535747554,628.5802964019647,4308.723752278432,1
678.0,11.0,1723.3752654370544,-234.04541667934058,-1688.9602995081382,2451.4567097332397,0
951.0,11.0,-508.0976690412619,4249.56187461194,212.17485174236768,-2294.5660806253436,0
641.0,22.0,-203.65518845084262,6342.364235618106,1049.8172709551186,-4822.856186092327,0
682.0,11.0,579.1120138790668,-165.90111860107345,450.4894701791436,7737.111143026308,0
1027.0,29.0,398.633983800729,-10951.021067141006,211.2608347466106,-1376.4917751801863,0
108.0,8.0,2831.9671838945246,2599.9651095834033,-195.40538784745218,57.00210359064209,0
0.0,15.0,-3856.531683312475,727.8855674824176,8584.57605504417,-8909.819037379817,0
892.0,17.0,4883.13877565278,2663.867930051935,12055.085862144524,257.0201009982443,1
441.0,12.0,1052.8297052373284,6160.388775500548,2547.7053348169884,7924.118621127434,0
0.0,17.0,8139.951914744919,6637.602950280258,7129.076268951063,3158.7157342394057,0
155.0,72.0,-8429.002922822177,5126.886738022502,196.16749209088766,608.8396512855797,0
492.0,28.0,1626.8750365660276,-12504.793524535666,3567.041649503272,-9896.194842575986,1
862.0,54.0,1634.1804648524376,3166.754138626916,162.46081712183585,-4929.695900308629,1
506.0,71.0,3094.358346600173,-652.6559704420788,-877.2378712518619,4027.4909467208217,0
413.0,14.0,9512.708551148427,-2129.756073194237,11518.99716853938,-615.7686776744924,0
872.0,31.0,-1.9012159306696503,1386.05068635529,-4353.2342879740345,-3316.6895409775907,1
882.0,64.0,-9814.7691675682,13479.461276223381,2857.5380290459166,1562.9900077625316,0
553.0,12.0,1834.8045583563837,5504.371907172908,3038.5582486399135,-2767.3704545459923,1
955.0,76.0,3130.0686506466686,-778.4754054836712,4247.393920774174,-12643.757041671015,0
910.0,22.0,-4255.370056406788,35.97677245591018,1588.570274397381,792.2897415520674,1
409.0,0.0,4736.9788698872435,-11286.574747606393,24.590740125865977,-595.1463551260613,0
270.0,67.0,3356.1243599411982,-273.65658131059354,-3253.883770044277,7500.25919614685,0
998.0,20.0,-840.2079737382484,1498.9817274730958,-6329.175300761285,1896.7304892569864,0
800.0,51.0,225.20581611525677,-4906.243940011483,7210.102178759404,2239.3991600529525,1
587.0,5.0,1000.7474914212613,-2934.394884215491,9556.533497329989,-153.6512305904805,1
1043.0,25.0,-411.8204635967943,3219.387636816298,4656.432702900977,704.7534498213881,1
465.0,9.0,7245.240254691086,-2059.117884463933,1261.2464425727424,4456.0034630699665,1
77.0,0.0,6653.29904623042,-7221.9832198435215,6791.581778373004,-1105.3527522153458,1
313.0,32.0,2819.598787778897,-3831.0337918655005,1290.8529831395056,-1128.4361120011156,0
417.0,28.0,-5805.384278400066,-5622.813536470333,8558.172989713796,2466.545112654552,0
219.0,63.0,10836.221689742375,10350.667010238058,1321.041290866784,4547.132989218788,0
298.0,44.0,3279.0922325848423,9574.613383485408,6451.1300484266885,-6529.766328455147,1
968.0,7.0,1183.5879185806352,-247.03448216855298,11059.830966260943,-9229.406665137942,0
187.0,13.0,242.0830768915052,-15738.00571549247,11035.40009387748,11.780676669883178,0
79.0,39.0,5884.149559808113,-145.2696968515383,3423.7546599342954,8852.488305755023,1
370.0,11.0,-15763.285949419063,-2441.043439773726,1622.436659150761,1926.1154390162246,0
675.0,15.0,3936.826691544111,-3681.514822779523,6553.443581034769,-2247.657622552774,1
333.0,67.0,2971.912714767161,659.1846760419469,1358.1077427115229,8119.753750003094,0
890.0,17.0,6255.072318580481,-2336.7607085682425,-3079.413627078804,-2193.3435234350172,1
922.0,14.0,1877.4470992321242,-471.00628783109664,7678.474896103939,-4734.073774213355,0
599.0,14.0,8466.500096985978,-4635.488850115311,6002.748246143395,2679.7076324962436,1
490.0,11.0,-3074.6516152367694,7905.331039626812,2000.0568842167904,1087.9458902808276,1
474.0,20.0,-1523.9574820271423,75.39281599627594,337.3622230104012,-3389.929001992167,0
565.0,3.0,466.42954287986197,3938.0871197406395,-2219.3229865995872,1275.516909349808,1
389.0,0.0,2840.589276965159,5007.3883219428,2622.736519528411,9895.26596787299,1
761.0,11.0,-58.6151928982853,7522.719198196521,5619.597075286475,-5328.767404711045,1
744.0,12.0,4755.495015982438,-5306.008698260024,3283.741820520577,-2735.6285786453836,1
898.0,74.0,3846.7100689721947,2258.0251398075034,-227.12795490942517,-11971.372001903143,0
609.0,6.0,-7885.494016656784,371.58022644092534,6757.905781761237,614.1397602267152,1
773.0,68.0,3016.798348650561,7376.115145117794,4600.41963307637,-1033.8432075683845,0
702.0,4.0,28.05717036932849,-1832.3221289592825,5644.704751111289,2592.8419711034207,0
80.0,14.0,196.60501654319484,1893.8647788443443,6023.605859074869,-10469.33230012615,0
339.0,0.0,673.2891912897398,-3732.783361104899,8811.549408364826,2921.577459375311,0
488.0,41.0,5282.836092709207,-2397.1566044787482,-113.65441427057954,-4949.295378994115,0
846.0,0.0,-3587.6230631319127,-10893.045419059124,8487.248421023718,3217.8337059960013,1
324.0,6.0,5992.909320549907,2433.9378841631965,3485.7528480124324,-514.0413906229927,1
923.0,25.0,3116.8761508937177,1401.6602331950435,14712.481698490592,4496.371560638485,1
326.0,9.0,9214.659593240236,1332.4232414183944,1070.2201557974365,-5157.310425048099,1
899.0,6.0,-3099.3535388006985,3330.1820043824714,3065.4586798470136,10940.293283468272,1
705.0,50.0,-4985.2018003974845,1866.8467075554731,368.5729575123903,2072.290564421563,0
627.0,3.0,11393.58105845617,-1793.924659010182,953.081755701151,-4718.277667876043,0
641.0,21.0,1573.0428134545987,-7537.600110454741,-9299.101128247012,6864.703577631555,0
694.0,9.0,-3881.7551002320906,-2308.2146170786496,10562.153516233422,-2094.0993219371626,0
513.0,1.0,-2762.858376142426,1752.4749476524642,3502.238842897515,1781.1365737400138,0
960.0,26.0,-3182.814468655586,-591.2528006762468,-1856.589623383842,8272.987703367673,1
323.0,11.0,349.89608429288967,16130.334900281578,-937.5201924112021,8566.426489365509,1
740.0,64.0,2314.2660789742467,-9733.147849508532,311.3144781393578,3110.5592431355553,1
680.0,25.0,2239.523891673,2762.8709447369865,6259.743088352823,-4428.751911666822,1
179.0,0.0,1410.0900077168285,3381.8384418973183,2818.5715086728583,2761.086831416744,1
463.0,18.0,10158.020489235683,10843.362851793228,-9494.84133261335,-5758.082386498971,1
34.0,0.0,-904.4570952213362,-4439.558523011893,-4678.602520735371,-6368.966215637147,0
527.0,14.0,858.6499414591926,-504.09539270499596,-208.32521288349233,-46.920454760695065,0
127.0,31.0,4147.642561210295,-5907.1307188776045,10996.207949347154,-5533.474184787487,1
101.0,7.0,-2198.528744252688,-359.2901132228053,1287.605006390911,8835.531920039348,1
724.0,18.0,2067.3253231402005,-2008.159544369507,2911.0077415750475,-2118.2527698653566,1
549.0,9.0,-5786.979012300764,-9826.445723778186,6297.638702983969,3141.0558953793543,1
0.0,29.0,-8201.582825634181,-2900.124925580528,1498.8696120212887,-2448.067131896816,1
575.0,0.0,-2964.819612696273,-1796.1526183973206,-45.440867120927095,-3274.3057638938726,1
781.0,12.0,1678.9331981465825,6995.334092760512,9971.440288564405,-6488.957757971562,1
0.0,21.0,2444.596341182117,-846.085951291936,-298.73481275016275,3366.5591523448516,0
248.0,35.0,-1794.8038313678542,-10802.397874595248,7366.281305226597,-4904.482502129489,0
807.0,63.0,-604.8208158958951,3677.462469438152,-1354.6381820151335,-1447.3464588602847,0
664.0,8.0,2505.9335504742608,14060.02189094947,-1756.7252635403916,-1126.9689739653231,1
36.0,36.0,-1432.2431477999748,4708.241170683688,406.61873645404296,2694.4484659756317,0
792.0,6.0,-6610.495050672307,5723.662393156519,1757.5747962029618,1297.744890988399,0
45.0,30.0,-2852.211497516059,5259.809967240574,1153.5660677036033,1699.877078806278,1
833.0,22.0,3508.9008655987896,8576.714382555432,-6005.461321610193,1110.948825407917,1
161.0,32.0,-1800.0617898857668,16770.196433867124,6395.373863524961,263.4098338544399,0
914.0,36.0,617.4171197423684,1160.3586387984328,8936.60382636089,710.7501197276918,1
534.0,4.0,1447.1912035113971,3309.3368830834643,9089.431563850963,-1562.9417780280205,1
605.0,37.0,-4369.7613647452135,3185.038619035681,-2164.5298935508963,-11813.292809390745,0
0.0,10.0,5841.917834627966,13026.71891786852,10607.999293069899,6444.771661209075,1
16.0,8.0,6888.1250053779795,-2702.8433410686785,8457.704391842937,1241.7528382427708,0
969.0,15.0,2449.500384963144,850.731071842509,-1333.7965207385857,3268.894788467561,0
878.0,0.0,16.454938950227188,6931.265049675034,-11036.003156850215,10876.464315507517,0
1047.85,41.0,34.39608320317282,1975.914772055603,6743.276605599409,-4321.9415576745005,1
740.0,0.0,1240.1676839768409,-1655.0134572817492,3302.503091614135,5270.714976131749,1
520.0,1.0,1032.2728718850867,2121.2759936657753,10628.276932265699,-15574.741219965814,1
736.0,6.0,-3601.9389252631663,989.7678966194906,-2189.738525552987,2502.224272272647,1
785.0,0.0,3258.8793694331707,9238.888780504032,1889.2348600155947,-5959.581730947014,1
1002.0,29.0,1764.5514620930314,-1518.4203098459332,10845.252510416929,-5225.4616216207605,1
125.0,24.0,1002.6192222083823,-5463.687223432144,-3864.603082567731,-6103.8054464213565,1
668.0,24.0,9880.823896458329,6879.9653171475575,6402.9101083209935,-168.64569234075952,1
417.0,47.0,3507.6318234367204,-975.1313559637288,641.8950669600534,-1350.536726200317,0
568.0,1.0,-5034.788671152455,-14541.452218758688,-62.33942786391259,1678.4404307772452,0
781.0,2.0,1528.2363630475093,649.8851981216849,6458.847273515565,-4711.94579915536,0
102.0,26.0,1028.3368924149763,4087.435314963195,5712.581858483519,7246.238485423823,1
811.0,30.0,-454.28807912970507,-3925.4415639864555,1103.0151549034151,-6157.327495146048,1
320.0,17.0,1112.7033015262823,13983.14182037559,4826.630616699239,4400.876968865875,1
482.0,3.0,1056.4509358306273,-1884.453883285539,539.3259475137468,-8800.848133289008,0
379.0,25.0,-909.7880896900851,845.6784802321114,6531.086903905987,-15196.382097166454,1
447.0,38.0,4869.366659159496,-3181.7991530618347,776.3937195256434,-2965.268839047857,0
345.0,22.0,-145.12193038072746,3013.0081919106497,948.2365710913871,-14690.054894460249,0
620.0,51.0,4020.078482147594,10952.164233834237,1331.0425395024965,2348.345177414696,0
658.0,68.0,-237.23830480382844,-96.52861837708411,907.3637072887927,924.9950989373419,0
819.0,49.0,-1441.7000586753377,6883.926994793697,395.9077903171233,10005.10034877526,0
118.0,22.0,193.63842256910857,3099.4941440610614,2525.163322214735,2961.381485480364,0
716.0,9.0,850.5451539598395,-3658.259577426454,575.8722025572822,-1540.79342359049,1
896.0,28.0,-237.73623965018373,-2761.279502988515,-2307.5267923469037,10481.648383600354,0
887.0,0.0,-10.059888865102948,3071.576609341665,808.8959641431863,10418.787944997095,0
272.0,0.0,952.8685958588885,-1966.360596466044,-3013.3845944106642,5226.575208033045,1
106.0,26.0,-980.6858654936516,10250.14613658475,3337.1666608237374,461.3155736766662,0
437.0,67.0,8739.065415723451,-8942.388568331353,5295.274287733138,427.2044308534705,0
361.0,52.0,250.06716028707405,-426.79713402414404,8446.867906751922,10689.174083269729,0
250.0,23.0,5313.438113665162,8021.079252071687,-10935.53292176484,-3414.3848452254697,1
520.0,66.0,-2239.3536617699147,10538.645916990889,-902.8193363274659,5486.627055898215,0
1047.85,8.0,-2455.596036595758,1459.8570546735812,913.1800685120975,-3511.2490410497276,1
623.0,23.0,-1224.2629330195807,4338.776990380282,2815.473331773813,-9505.787491873207,0
918.0,0.0,3180.5613675771488,7596.212364074133,2624.3000700295224,485.71645509898053,1
926.0,9.0,-1221.8585639527655,2854.1806497114358,1190.0036843126536,7346.210746490369,0
271.0,14.0,1518.8618796789003,-627.266505116603,-500.25385475729,1335.9401309373666,0
148.0,0.0,2453.262342836165,7898.929304590074,5755.841206493212,3595.0923798190342,0
657.0,2.0,-10301.027821442793,3689.3124534200465,792.1069106027431,-374.05075690121475,0
0.0,61.0,190.94123929365628,-40.52464074101408,6176.892826463304,-1757.5113551106338,0
593.0,68.0,-3399.5755676076524,5704.112533797121,3085.8715383308654,828.1966508408491,0
653.0,18.0,10639.625410497205,-13781.136054568662,8180.412764661462,5783.705974552065,1
647.0,29.0,3217.0286375257333,1840.507354221002,-806.0771436164425,-4517.112423243903,0
763.0,39.0,3485.8569285390313,2664.1266959390505,-4912.976204990164,-1318.6826777059327,0
624.0,42.0,1290.147338759999,560.9070867108344,93.43132469739427,-2631.1847637485457,0
74.0,0.0,1838.2432546515945,-1370.3036485502846,2557.0457438111885,-13512.105828233818,0
993.0,22.0,-140.5062093796546,363.9943054016653,239.53859527096495,2194.076646011766,0
163.0,10.0,-2516.6711658449763,-2491.837016554242,8798.509773197942,-91.06424708132863,1
829.0,12.0,-2406.18819269432,-11721.814877144276,89.04170266674282,-4988.502288092416,0
249.0,2.0,3911.864197383595,-1267.5484590681356,4106.822232546021,872.5841811729356,0
777.0,30.0,-4175.207986311703,-3954.2424655809036,9402.900692302048,-5005.754478037774,1
34.0,48.0,501.82546194441795,-5788.228920743364,-10795.196300916492,13662.800401921777,0
555.0,35.0,9967.191788355403,15191.582443061257,-7897.392563492287,766.9788126835261,0
707.0,4.0,860.634661597609,-2306.9979049107983,7201.150604877557,9637.025503811761,0
466.0,30.0,1947.617991602207,4564.391190223478,5696.03289630735,3234.2882547780528,0
121.0,43.0,1379.509792438832,8453.898594648206,-1828.2442574643997,6347.0520816030885,0
435.0,31.0,-13588.96665785226,-4863.998818024616,-2406.2267135199877,-2295.8015898163153,0
961.0,8.0,-54.17077833842606,1674.1597512233207,8763.258465498697,7577.4138590713155,1
734.0,12.0,395.8046683019886,-303.0447051886378,1057.8014520969525,-5686.613178780817,1
855.0,79.0,287.756946231674,-1389.4708691872574,4713.34943735875,-17459.583490025685,0
488.0,15.0,-1157.5916175102489,-1735.1049883086414,381.6230043840813,10329.858888212953,0
1021.0,4.0,1819.1408438607066,4465.19086669141,-15698.71603750757,1510.8426581424217,0
58.0,3.0,5778.191546066154,-4824.900192237959,-1257.7566253030996,-17878.325110593854,0
143.0,64.0,-6855.0115340333505,-1793.497153715963,-183.74695337506427,-124.26858443542494,0
520.0,29.0,6234.021479948542,3336.1537966421783,10161.766948497887,12533.828298957915,1
44.0,15.0,-438.2222891152232,-1832.9539113184912,4545.72420139505,-1124.814897804852,1
466.0,25.0,3298.9318090213237,-1619.8649603775013,2748.3718375572653,-1376.5445700190699,0
62.0,25.0,321.99515010701543,734.7567654448563,1695.1527097184994,-4519.931157663888,1
397.0,50.0,10885.7303423713,-11468.265632721337,4835.294187169975,-1582.0699820122468,0
713.0,22.0,2130.8463470127226,5823.626144513795,2253.948818144923,-5468.142222961687,0
571.0,10.0,-3206.916259737678,-7950.193126863018,3619.6984101506923,-5795.113689343792,1
418.0,9.0,-6435.261279497631,558.1215815252687,2390.596868745019,6276.596919228411,1
969.0,15.0,1946.0731913870432,-2166.220473251467,152.18346309066538,-1030.5943939807462,0
420.0,52.0,1504.6791782588143,2134.379873372911,-10315.907951552836,-2754.3916131203646,0
171.0,25.0,2508.9605193668585,-3528.385544771782,5162.570071267856,-1766.4600732921908,1
650.0,75.0,-2213.0386208946948,7293.529431925365,11327.730905572227,-3023.6063042960345,0
683.0,41.0,10237.907513486018,2225.5717340203514,-1791.6643097844517,4172.2847342388,0
935.0,9.0,168.08772409848507,-2812.1675489151103,3617.7687449755313,-16482.60583442723,0
346.0,38.0,-7105.457570768287,-2329.228191792122,-3606.4921508739717,947.1150367592213,0
1019.0,16.0,6120.531591704847,10259.222138467712,1408.6065528647805,858.6670700198138,0
558.0,19.0,2892.580439006162,-8984.71287483667,6247.986847135735,-422.08575906234614,1
661.0,17.0,-3024.297211807215,1240.9853583232616,1046.2864560996757,4946.426824651911,0
143.0,10.0,3638.7079598207524,6078.765133239865,5699.2323030303105,-438.72469887710645,1
97.0,6.0,9047.360499102053,1593.262623940259,7211.137807131857,-4649.777206972278,0
628.0,32.0,1995.037936248812,3330.1535422578345,-4237.542658677485,-706.6653315157448,1
745.0,39.0,-959.3697331133408,-11174.948669694702,6633.016671402551,-4953.033914180998,0
0.0,7.0,22.67586786420088,6912.678531597594,1007.9147988248577,-2013.8187828948892,1
820.0,60.0,-523.0852679222234,-2186.2692689308387,-2423.9241095317248,-13540.70325739098,0
1035.0,28.0,2868.9960309773523,743.3837853350224,3476.73734236372,1526.51868017886,1
800.0,20.0,477.22471737868375,-12903.159608675467,10396.435619881402,10811.215664465477,0
798.0,30.0,8848.382921406033,1882.917057410925,-1865.9379218229456,-1147.9538674544556,1
224.0,38.0,1236.7170048192754,-2441.110769119378,2243.0629319708037,-5820.282326837867,0
866.0,16.0,-1508.59571957617,-4143.784825713388,521.9536960070088,494.4118861589718,0
316.0,56.0,1528.3775112770668,1495.1439432015036,1126.8989793954088,2395.0271504660163,0
677.0,40.0,-295.3923204773393,2430.1012090898057,4505.79822294594,-732.1455956703098,1
311.0,22.0,9453.070702368565,-979.0670290697094,7436.916134492136,-4869.602250204686,1
485.0,60.0,1778.584174722548,5855.351557453583,-5303.540168202309,-1616.0201561272452,0
868.0,39.0,-808.0848410651699,-3329.692843240576,4772.154344819058,12719.109039840067,1
480.0,27.0,3092.7364229755176,1095.260251499481,4696.988832252194,-184.75657248874177,0
175.0,59.0,888.2060722741403,10779.060435734791,4821.508793145613,-2667.9497783857437,0
506.0,19.0,6356.616215463005,-3320.179093896568,2425.174213811887,-623.6756000774765,1
63.0,53.0,3063.728692905488,-197.36269955853658,3995.8685980191817,-147.4926753425675,0
0.0,4.0,-5666.0019771023635,-2926.4819794671675,1863.732446010668,1787.1517787197122,0
224.0,0.0,305.13593947760637,-13291.888839788486,10462.5231515979,-4658.067035629677,1
1033.0,27.0,-31.92822312524862,-1628.104358928251,1882.7680258037599,1670.1591720057831,0
736.0,38.0,1278.1212090064707,-3956.537142470017,9397.150136923652,-16294.14394776873,0
946.0,16.0,10068.312202992744,6276.0584952579575,2451.720174719476,3395.177179807224,1
435.0,0.0,-4072.160121829898,-472.6248590059261,5955.611367183762,2992.098370935185,1
509.0,0.0,3433.478473367848,11101.153530086603,315.90211134373567,-4718.213289468252,1
331.0,2.0,-5830.6094749175045,-3626.589947427384,-4059.1425647281926,-6558.827445154098,0
448.0,52.0,2913.0431853254745,-7937.750210296548,1649.7890274966594,-1208.8601378373141,0
486.0,2.0,3592.265079396054,-6755.824517298604,1210.2212863800535,8592.201011836094,1
117.0,56.0,1023.7571065626946,-798.715385382789,678.703545393617,11015.403559730466,0
554.0,30.0,1013.199361551103,-460.275884384962,2281.3372999701783,-816.3042066693786,0
555.0,6.0,4391.000754819672,-1466.4024813552496,-0.4518901756069056,-6698.912339575549,0
468.0,37.0,6000.861779566838,640.1507344613105,6493.15142907848,6445.499246201186,0
21.0,50.0,-572.7315127096579,-897.7138270527735,3123.298971191268,3051.682736596783,0
534.0,29.0,-529.6545168321059,-97.72481267040274,1307.4492918283338,-5240.304132350031,0
197.0,44.0,2387.7265098779894,-1979.1755625467845,63.18638388029312,-5890.111643712428,1
786.0,11.0,-2471.1458356898847,6963.247274732485,266.1588949070992,-2016.681758355502,1
0.0,51.0,2792.9327442976937,-1049.8035958282999,-15675.913572545198,-1916.4285818236658,0
620.0,19.0,-836.8869173818744,-2616.3736240364756,2459.928294305345,-164.0742825358684,0
353.0,17.0,6537.468741009487,158.6407466029649,-2605.1569381756262,-1851.0913538597933,1
203.0,5.0,1822.7911714556117,-2910.1917003123463,9014.317938906954,2909.353528353927,0
859.0,76.0,1361.796973343943,6725.205892497921,2269.368442748061,-1012.3167358782274,0
203.0,18.0,-2364.9142775814425,388.767829493356,7120.61832321802,-332.66738823556955,1
907.0,14.0,-440.0758883597109,-4495.648977383525,838.2683053653602,7175.290741224244,0
92.0,12.0,-239.24289459369857,2699.2056710119064,4578.368038497918,-1538.523120741384,1
337.0,30.0,5766.080553200175,-5490.90191395297,5082.8595364067205,-2877.634395951715,1
858.0,26.0,-13780.224814322752,5704.500872164264,427.60414701149654,-746.4602133046715,1
847.0,54.0,2664.8417549666747,6.062670236475469,2025.282035151446,7734.973557179019,0
73.0,12.0,4295.842899729689,16.282082647711775,12200.884440532847,-2288.4527601604445,1
1047.85,15.0,6836.519994924555,-10377.902357065332,-1842.8414565552225,4077.475131402566,1
458.0,16.0,1972.4571430886072,-2796.1267925520933,3603.6771877189954,-4824.33765406069,1
532.0,42.0,-337.53545706339355,2872.909598393583,2235.999011862071,1235.2871954234977,0
862.0,7.0,-6992.252075376806,7274.375945028343,-8880.39915486216,4614.560789023988,0
580.0,29.0,1003.1446260768998,-4147.794622953581,3418.323725828431,4847.670188992934,0
465.0,43.0,-41.173657801950725,10305.288436732084,7286.736198406925,1574.5395922983162,1
602.0,14.0,-2548.6167824548565,-1828.1123541300096,-431.9044974284044,1075.6837843688209,1
45.0,25.0,-503.7268834696413,-1625.6554389037456,9362.96576245662,-619.5718398069972,1
402.0,1.0,3032.582698192029,-564.1906267694203,5182.3964563987165,-5384.911187182577,1
74.0,8.0,1029.0107157508883,2278.0308652028434,6330.241783313296,2163.3176913207285,0
19.0,1.0,1435.6599732607008,406.5302381956444,10572.18549559496,-3773.416726468715,0
257.0,58.0,193.93885053834822,-13916.106015110778,10774.518397420281,1261.2285540669527,0
696.0,50.0,2189.338789621632,-2271.7068398074684,6568.694882618947,-6859.230208198855,0
1041.0,20.0,-201.11961061223792,1723.9091886206122,6095.369684374681,-4259.355499806691,1
159.0,11.0,5202.320420379746,5211.377580961121,6813.007436264932,2143.119578102618,1
556.0,9.0,-4410.628107959828,-4890.371587208561,-3949.219479631385,-17909.854264265585,0
321.0,24.0,774.6468489956085,9996.803852910416,-3263.1858418928596,11731.280479123889,0
710.0,0.0,650.0739697513226,-3055.636995013176,3318.0825662398875,572.1764152356654,0
21.0,3.0,2702.717858823322,13689.963697832765,911.9937257145782,5664.23478522426,1
656.0,27.0,-1526.7582229125283,1481.097841112824,-12753.045198428534,-1804.9288556875208,0
690.0,46.0,271.65506678090264,-8140.306716122548,-53.81993724705549,-51.99239480460301,1
398.0,26.0,3812.0094615469034,8355.346455953404,-594.2990846145126,7165.531311475401,0
408.0,31.0,9075.48904005173,468.4764590599011,9866.181212681948,2066.5873910064765,0
750.0,17.0,-6281.186467488875,-479.2038780397859,11926.648747315014,1355.5068784158418,1
1016.0,33.0,-4303.867765686899,4336.111344834033,2379.492103823927,1123.973649126578,1
365.0,0.0,2830.2467931031597,280.0153202425526,991.3884514731947,-4868.683825698288,0
689.0,14.0,-919.0414407765436,4354.972228273193,-2443.8744986375195,9455.39676512024,1
48.0,34.0,-117.81983200550894,3829.1427147482354,7672.154692841562,4374.389525991671,0
722.0,28.0,646.5001409162638,6860.827429253525,-4442.125079035912,-2249.874008848972,0
1047.85,30.0,8062.846062292615,8059.567375944836,7057.785261381272,2365.9030580961676,1
281.0,1.0,536.2937037851132,-1707.4057131521565,-4597.957506085401,230.07029025016482,1
1047.85,18.0,-161.39384943261956,849.6675862771071,3654.5065576951456,-944.3227349527983,0
791.0,25.0,-10324.630597289579,1548.4574541837324,3723.1893145002496,9087.000806524338,1
292.0,20.0,3880.075660092868,-2105.460154440116,-6450.130588262522,-4965.83130180861,1
726.0,45.0,3245.475792789728,-11763.183880145374,-5144.885402488804,7619.82740063817,0
258.0,4.0,-1478.2440491760221,8181.56233936219,467.51193512571695,1241.066315369501,0
244.0,53.0,4042.3559423637003,-1846.3411336978427,7769.56116764205,-884.5460161859202,0
746.0,21.0,5624.58813328866,-376.7558041683989,-1561.2250056881576,1784.1231037204197,1
0.0,32.0,3833.6782631785454,-1390.1678947998907,4747.592166671257,-1250.9738507819288,0
567.0,35.0,741.7431878539819,-4576.254807747793,1365.6289212299607,5235.980656297115,0
831.0,26.0,-513.4126175769434,1488.3271265189273,-1289.4522586099347,12723.075990330824,1
149.0,3.0,-672.1732381799204,-3347.578279130623,5818.403647299303,-1576.8732012286318,0
432.0,52.0,-2834.592577783712,-569.4498531319452,1937.8772883989227,-1026.6381752054253,0
967.0,27.0,2112.3896990247395,3071.7205380376176,3316.5097128305315,-7304.062357604083,0
653.0,71.0,-5051.0872233728605,-17454.37445636335,-3085.989685031142,-538.3811526653449,0
270.0,2.0,472.341739993101,995.5327832132443,3922.450143019923,8690.548296359655,1
189.0,3.0,-6470.497917899462,-3154.8855933996397,8421.336387992726,5477.9557310081445,0
705.0,74.0,-599.5808993702324,-5174.636534892126,795.1605033259335,-3837.8813799177924,0
815.0,33.0,-2118.297642156236,-1246.9545081845697,567.8914488758862,7530.582095620019,0
880.0,26.0,-4961.9425868784765,-298.6458106212072,-8990.019625150302,-15475.174966298055,1
519.0,10.0,2113.016180975271,6382.452799296625,159.56787324865692,-2590.7685161544596,0
830.0,43.0,-268.9129250639469,-13841.359337589676,-601.8345398805573,-5159.062557581284,0
845.0,10.0,-146.82448726722538,-3580.6197980816446,11401.995544221474,444.6324327798643,1
570.0,12.0,1964.9628686996075,-7130.042681751045,1985.4221581339984,-4809.934017512797,1
552.0,11.0,2071.233865947186,1279.356023468256,16558.88828266936,-1382.1926351112902,1
297.0,23.0,13810.279007148027,-5803.852043429777,553.722038552557,-7407.141287975939,1
893.0,8.0,-1125.6125312999998,13839.936667212089,5525.584102255287,-2003.5806915337512,1
762.0,8.0,1836.0696476661897,2891.1456121624014,4327.9853564106625,6405.140389074521,1
682.0,37.0,2397.7468138616414,269.24843314730833,3832.4806587849803,734.8485574869328,0
0.0,12.0,4358.610739681351,-8702.196171755138,7296.932845517191,-1678.0821062894042,0
132.0,68.0,-6646.791247694031,-899.2804435768237,-5726.6000887396,-214.43177972779188,0
46.0,21.0,1730.6907872884133,-1864.977310907596,265.41416366253975,-4675.187257484955,1
632.0,12.0,2464.461144956669,10656.146109589497,-1960.802427620045,4836.218392837566,0
752.0,54.0,2721.290121097678,2227.2608736498823,4866.505565663444,-13544.556501658408,0
348.0,12.0,-6137.35664345307,-956.8314833869895,5546.946268174782,2421.7453065146137,1
589.0,59.0,6361.431727185395,-6363.916522727413,-265.1657424591135,-2910.616071506304,0
613.0,27.0,2345.5895679513746,-786.7179533763135,14845.325066406687,566.6729024176061,1
971.0,10.0,-1177.4198335735446,17852.505912097717,400.6938056580839,1154.7318868848115,0
857.0,75.0,814.8725213663208,-4387.167529477364,5673.27458417076,1678.331560590826,0
555.0,29.0,-3811.258768581269,-1450.3777788685863,449.03080217904426,-3987.59757247649,0
91.0,12.0,2792.75167918729,1416.9334374587079,1589.2766122715777,-3816.4381709170148,0
730.0,56.0,-6870.442251822639,10033.96560241793,2398.952573239425,-6390.810810903229,1
410.0,2.0,1433.1937211218533,-787.9131983851496,6961.075625287354,-2511.2672610162795,1
354.0,2.0,9341.949910221678,9209.984721677778,17.747279739116266,-4818.1126749054365,1
844.0,6.0,9962.917428902543,-179.7656707472313,3638.6008179720106,-479.7266066953724,1
842.0,24.0,3183.37691763595,886.9592217407644,-398.2417244099428,-1952.1969673229873,0
772.0,24.0,147.41069866062404,-1154.2046884879467,6478.668013909836,-1527.6779156275766,1
148.0,36.0,-3205.578330886822,-4.6248886008815475,290.47737362272176,-4258.585711434196,1
375.0,64.0,-8786.241082017319,-1367.4366628323344,793.2121525593027,1559.3606337922643,0
808.0,57.0,5108.999020659039,-7698.543927513873,6711.5009889235325,-12266.618353428126,0
52.0,64.0,295.8242863123999,-1868.361179440847,9498.708001949744,6792.95567203984,0
96.0,61.0,4616.391244535084,1053.1811844615168,2630.8626845149565,-614.3732157494786,0
767.0,8.0,-5049.485635775185,-401.7750262728809,9169.95790646869,12336.654263851247,0
576.0,1.0,-5530.230609928805,-1386.6268797330606,1855.4164695080071,-2139.9826066913743,0
437.0,3.0,404.78366990201147,-3820.819375487911,6193.0683475590395,161.77991966546534,0
328.0,18.0,-328.3159277978257,1745.5085861964487,8773.406381208,438.8249989453898,1
179.0,5.0,2177.646187657784,-733.9181285229879,1143.1060497764245,-2181.6298268045007,1
922.0,66.0,-740.8643186573086,-5133.707304088946,-3822.5723616701553,5445.335345029965,0
778.0,23.0,10006.576109189937,-3810.958962642129,2595.42115151864,-1701.0003225835817,0
390.0,42.0,1905.6170075550951,-3966.6775468781057,3052.4663772384624,-5644.502054193754,0
171.0,7.0,4611.465369663703,-955.8089025491533,-4109.577573237937,-3808.321956358131,0
852.0,5.0,4633.341702860411,393.5839322070819,3228.544987095371,-4675.023329567729,0
623.0,1.0,-1395.7258052195114,-2385.998908361855,4372.469569613444,1759.7783770617862,1
78.0,20.0,-69.39895793298115,-3776.2445964349326,4603.908845465236,-2512.877944553724,0
136.0,30.0,953.4480625128135,2102.0185685668666,3266.6257386258394,-13670.912152663252,1
289.0,73.0,4137.655092283584,-3808.4165597393967,6234.4765613327745,-13345.308635199079,0
816.0,0.0,3246.1557061082085,6526.278054419574,-1178.3305346590957,5418.861659579583,0
694.0,41.0,2286.1923909066454,-10915.91748683382,6830.1062390530005,1363.8420178421334,0
294.0,3.0,5600.024922255541,7028.145133622472,8802.844242201889,-435.3493367235874,1
110.0,57.0,-1815.155914903575,-4526.05420150899,10831.34389965881,-4696.915811162546,0
782.0,6.0,1419.4184162001754,-3639.970975095108,6204.23445073957,11669.27206546779,1
337.0,0.0,1004.2917309217339,12941.23427695485,8970.203392758265,-1328.180367667937,0
828.0,1.0,-2794.5174844942812,3770.7146950652827,6665.658838028371,1509.6769767893857,1
543.0,3.0,281.0955179085063,702.2956708876612,-8894.99900296688,-3478.63747809877,0
802.0,15.0,353.3038247513397,592.8379388428953,11465.904135272007,5154.364194298995,1
127.0,0.0,483.6640036567033,-5886.420802943196,-4288.204588670072,804.2336348493986,0
9.0,17.0,2443.670306175599,5039.570764406033,73.94550054546713,20002.350810166485,0
660.0,11.0,11488.47110569958,621.2372767330066,10754.355412989542,1101.4143318070937,0
847.0,26.0,2075.4297132663255,10061.407256186816,2521.6810848953346,-3852.783834437691,0
426.0,12.0,-2524.6955556391317,-13849.375594771751,-166.20922071475422,-4109.866848983845,1
823.0,5.0,3202.342558061177,5025.488031005998,10176.489145467825,16107.353006016983,0
598.0,0.0,2388.7829248839935,5722.974948582833,9443.629578263204,13782.977267147162,1
546.0,39.0,-218.2313555498688,1706.5890462677053,2236.4095344434363,-1049.437617252508,0
275.0,26.0,-1194.3073927168534,6873.97092677541,6018.965182595769,-2828.466939800278,0
156.0,49.0,1915.2917669198084,-134.04415874507032,1186.719609748533,9844.375275320745,0
597.0,11.0,-1232.2507413641345,-4285.069087971884,7255.063419815571,7217.600823189767,1
635.0,65.0,-2019.8903894365344,-15086.322050086144,49.94695535678284,-3120.7537039474396,0
213.0,4.0,2849.287469248494,84.30949518394755,-1032.0452154924526,124.08866738975667,1
200.0,30.0,131.71669721312216,-1256.4750698559317,795.3676817297317,-1337.8738687609884,0
82.0,43.0,5451.020493312514,-11252.632459356535,10561.189016613625,9192.13679473452,0
766.0,22.0,-354.2322324125889,-2256.5577441761866,-709.2387235946602,6324.538693224657,1
82.0,3.0,-979.5603301201493,-1748.472034307936,-1405.059498361834,-1782.5152301170458,1
642.0,27.0,2442.340294444719,-8853.477158441388,7101.123081720073,-5838.403395911655,1
174.0,59.0,1623.9838248629228,1222.4198804866896,1741.9156376286305,-11569.331179286131,0
761.0,21.0,-1241.5905338532807,-317.1199585921447,-371.91522684052325,-15458.538937444348,1
665.0,54.0,779.911291051573,-267.4835611986632,1227.3817382776563,-3938.414456855895,0
200.0,17.0,-426.89453339085986,-6760.812464538683,-2412.34586566855,213.7843974654179,0
784.0,41.0,589.855722706953,3099.771458671138,7359.647626647566,10558.177374468718,0
498.0,15.0,1743.6237417531072,-9145.492272071824,5332.201386125827,-1490.7469661449272,1
813.0,11.0,532.3467972929798,-2610.3085419283548,-8473.03315805917,5814.73312894311,1
295.0,42.0,2656.7297139965085,4408.671621247341,10797.885713714642,9505.204544606531,1
279.0,0.0,9638.26430149236,4141.188468592424,715.7300339336708,2022.3279430316043,0
112.0,3.0,1299.6107964965745,38.89682468975076,9964.40546228164,-17856.459406271548,1
206.0,34.0,3076.9284879498327,-3180.799951724905,1959.4005734025668,-1705.8944577226148,0
762.0,16.0,4649.763525399902,14765.249320022045,11057.893463273636,3104.1469642409,1
573.0,10.0,-1610.3559262479605,342.0600103793531,6012.34813667185,1825.6032005675029,1
1003.0,34.0,3441.9797862584055,-434.29827571650725,-73.58970384254008,-12096.196730681035,1
492.0,25.0,3800.561031663243,4794.507550597453,3272.9215842275016,3355.105629319173,1
0.0,53.0,1401.775332731373,3062.336561957073,-876.0680563130192,676.2468007967415,0
293.0,5.0,2773.019913057504,1636.540247430738,1429.4373569012014,-1569.4862813524846,0
102.0,16.0,-6586.627695709414,-324.8063844721567,1045.2957681948724,159.5994222154941,1
198.0,76.0,2893.6958946703853,9023.577844638028,7955.391910408682,-20260.085942446705,0
427.0,15.0,5413.11793364262,-911.4970876842258,3205.655514514752,3147.5128701696476,1
422.0,24.0,7528.835071080945,-10668.761575664683,2357.4666386814433,3142.595217911504,1
1031.0,27.0,7953.154173508659,-5947.315820348736,2442.7958648690515,2324.04627723897,1
867.0,53.0,1292.1216064276907,3308.5999860845586,308.16766282767776,-16665.527600408408,0
566.0,15.0,4366.129388778895,-5253.1730212393195,9626.478046813703,4753.97969687009,1
877.0,12.0,6721.885955000016,-8637.492141782504,-130.41022677814317,-3613.8133255666653,1
284.0,22.0,-767.295584288554,-274.56353488098966,8608.511003074107,376.3665812333247,1
6.0,9.0,719.1178692320648,3850.692820642056,6402.086203462426,-4479.549992524191,1
822.0,1.0,9699.20281623931,12116.672243211999,5528.3679652758865,12019.103247598681,1
436.0,26.0,718.7848476847103,-1170.250273089494,1467.056121269018,-3959.4750654379236,0
352.0,24.0,1494.3057153032978,-52.741336582199835,3549.6882628197623,5874.1400489533935,1
366.0,11.0,830.426616447726,1764.8502715368863,4150.637852051962,-5203.535345184799,0
962.0,0.0,-12415.263555837548,3117.9232644430986,1313.1894846602515,-2698.677355401811,1
562.0,27.0,-5484.137201436888,1178.8724671947539,719.4347965006533,3758.9903614341133,0
897.0,32.0,2453.0745315095965,-8338.219959890717,364.68283811342155,-976.9310595288835,1
451.0,21.0,-953.1379495036736,8660.55457909227,229.4685663973114,-18448.3008911666,1
76.0,18.0,270.5415928433906,1266.4874293001035,1088.6855098138353,-708.0203214224857,1
356.0,1.0,432.1860625050684,12343.193059204992,-3691.733562945229,-504.0680958128428,0
1010.0,13.0,5707.476708325812,1386.960801225998,3671.656899817088,-1694.5649173747001,1
824.0,7.0,6737.503513954272,4216.650152866153,-3283.88189079163,2950.9012445801354,0
823.0,40.0,-4950.099195655226,4381.917230442357,-835.724346887645,-4502.080447319257,1
700.0,65.0,154.65024991766535,-7229.140858169827,32.31801339647163,3378.85836129827,0
1021.0,42.0,-9928.029234990201,3938.443798741859,3264.2220701944716,-347.77436405582444,1
612.0,29.0,2369.604062177241,8630.585164812212,9443.511047491911,3989.307083223454,0
142.0,5.0,2101.5079322826855,4266.177589619777,449.44396602741244,-4087.7560007231714,1
682.0,3.0,1677.0206399381827,2554.4608749095155,6355.811898185438,3301.6542180628085,0
301.0,28.0,-1746.573654244256,9812.88759526428,-1160.0660152615653,-2725.125182789725,0
895.0,16.0,1821.7021574074772,7532.466476050951,307.5142392210463,-16183.5485214674,1
877.0,17.0,-3001.102648179523,7079.934404171645,5806.0263246345985,8033.870177663707,1
400.0,55.0,932.0854610901054,-97.9939067669523,2817.1753888792673,-6820.016927750976,0
547.0,13.0,-3481.3193350848305,1001.9093609978513,679.6021311680231,-7825.395858500102,1
527.0,21.0,-964.8558207302772,-225.50537373338784,755.405714116486,-9671.385362235702,1
698.0,36.0,-377.3760572682252,-11412.729972550207,2640.361422465776,-2447.498523786348,0
106.0,57.0,8471.492726984032,-4311.313977967714,402.3710983499582,-938.4246123283098,0
859.0,10.0,-1563.5997481990275,2216.5603769588038,7117.083200388353,-4998.87103469262,0
380.0,28.0,-9063.193474426269,-1162.4088272547049,10699.775868815092,-5358.9628658969195,1
170.0,14.0,-4675.342330575348,7426.019077611543,11944.526888586874,585.1184631335154,1
542.0,5.0,2979.54091236356,10091.001110578738,8999.237805264525,4877.386227495402,0
604.0,16.0,655.8356547893216,7243.348801400345,1793.4801139414844,2430.1151729201865,0
762.0,71.0,6578.843102128356,-2730.9672433350543,806.7859582584006,-1782.145888503298,0
404.0,10.0,-4038.9071883100214,13990.920818708702,619.6307703797838,285.8119942531007,1
591.0,13.0,227.48432624674206,4941.208026399,-1037.749234786489,6639.9575758766805,1
429.0,2.0,10493.608780548502,-9519.564170992571,489.03278487057446,10814.506522090524,1
165.0,30.0,-1554.0851866532555,-459.9270857869888,699.2798305328017,3820.5586664962566,0
859.0,16.0,2625.7097034519993,-29.495682555236726,16013.102308988116,3193.318521705285,0
620.0,18.0,-2029.3649911646032,-3963.0082964479925,665.6901713585303,-1801.1202134166192,1
62.0,80.0,4993.021480460457,-12593.342419874196,-3301.351590661623,-2993.0128731878576,0
743.0,0.0,4337.829568623118,764.2241620624393,-191.9434634001111,-9521.768691567302,0
970.0,19.0,3188.0966037796256,-2643.437538107037,8689.10301899101,13267.131324801132,0
591.0,23.0,2553.886863622756,8272.770343785965,7717.839677935547,-4716.922736865729,1
904.0,71.0,-1141.781360313382,-1249.5211393772026,3149.456922035292,4082.0745704859714,0
732.0,53.0,-2135.0930064640243,1038.468234916284,1835.1136750516005,9617.559792311691,0
64.0,28.0,57.221098646963384,-16727.42310574108,239.85889285244014,-4311.750348678681,0
687.0,8.0,1909.90751774941,5283.254642853035,5718.524747284442,-15041.518291823395,0
135.0,15.0,1117.2447236426804,-8127.323232627374,-8090.2333263109595,-247.79346522795458,0
636.0,20.0,6284.348571076852,-4358.513734318163,11708.85801612364,-4616.574004924541,1
774.0,64.0,5337.990323875603,-1480.801665489867,-173.82258469420532,3467.564730848794,0
194.0,26.0,1994.745808431544,-1117.0663868070956,2366.4270914946346,2244.141238592213,0
607.0,2.0,2790.6928438119057,-1358.3864153505313,1465.6926682525345,137.5012068121846,1
828.0,11.0,852.5332603685015,-1167.8323823774913,8740.446043258135,10675.0030537503,1
0.0,10.0,473.4312122604374,552.646865525983,9202.917525481915,558.1794578545214,1
711.0,18.0,8025.131626059024,-2133.7165402716487,-486.5738139216918,237.02288302851912,1
763.0,3.0,329.5755348553825,-8332.156496035805,3449.310493232102,-3311.9648386841873,0
486.0,10.0,-211.2522607188157,3017.748423000336,2585.2039782286324,-526.7042853110393,1
629.0,10.0,-1461.8373438001165,-3433.6009844424584,-1108.4340557713235,5166.223934343487,1
469.0,0.0,2412.583408940843,7493.990920913852,3222.4180618409464,-3786.908055223538,0
883.0,9.0,-7173.184607438178,4241.250702477734,1669.9766774067612,5086.80904976091,1
529.0,5.0,683.7327994340167,-1525.8825269775034,6255.441411348729,-2252.116624671657,1
872.0,9.0,-10.544584154737095,1433.1641980786603,5859.66720793416,-4072.0181560803203,1
344.0,75.0,6840.698696748853,715.7300420784477,2317.0703504882426,1525.489088322919,0
188.0,16.0,-1832.3363265293374,-868.5039620212015,944.261022931466,-1114.5694464246214,0
487.0,68.0,-2858.468235561245,-3071.5947555157663,150.6071803564505,-5075.543730440029,1
0.0,44.0,205.51651094437727,-5184.682909228335,2713.1026632739295,4257.243520576253,0
114.0,6.0,-2149.5746588108796,1623.971216899718,7143.212468127004,-10598.924114343346,0
88.0,24.0,240.6982637738356,8460.557536884831,2144.9950922892726,-1687.7255558478869,1
539.0,14.0,3967.074342021934,-2816.112318076728,8370.672829181378,7901.474839683684,1
320.0,24.0,671.813901202864,93.08259209107928,3634.7399488587953,-1386.772364649531,0
83.0,0.0,2031.9674731155465,-3746.071262141578,829.930009303106,155.73466832063514,0
474.0,23.0,12569.74315054437,-1046.2404656794313,-5037.465012022046,6912.793858697982,0
532.0,0.0,333.88363077712825,-7736.6047843266015,8216.974443790928,6460.882346214277,0
458.0,11.0,-9576.514996602386,-3043.674428149358,832.2866732628332,1935.9403515501635,1
734.0,3.0,774.8466920781634,10197.52596762705,3355.2085286988695,6208.204693226231,0
274.0,17.0,442.8428989728588,6131.488192141438,2436.118817458082,-5798.273168936294,1
472.0,67.0,231.1459294543999,4589.9615811372805,-2333.2842991855805,-2609.61177792515,1
249.0,19.0,994.072568602409,1735.9039461029515,-3538.5391781589665,-4980.296733374632,1
489.0,3.0,-680.3513830987187,-365.4924508201021,-11850.545842098512,-2541.8659665283894,0
528.0,20.0,15061.355349974281,5380.956378946244,2339.349091989001,-6128.340480117768,0
648.0,29.0,-3130.2946681151598,236.65151268738327,2354.0741846777537,-3003.335898617238,0
903.0,68.0,-271.23126506292425,6711.443919278374,7977.342921521789,1731.6938983168134,0
544.0,16.0,-3763.6823430074655,-4382.882022359051,7430.752585918111,2315.5429141284453,1
688.0,82.95,5114.546666783001,14923.75249477827,9687.337766923274,1776.6129769360205,0
122.0,11.0,-3549.131606045373,11341.568351127102,2531.6164143193773,2941.8957252647556,1
984.0,16.0,1191.2674550125635,11976.322281408085,11886.998953992726,-13754.417587951004,1
528.0,45.0,6530.713883028631,903.8627401558705,1125.989927488059,3234.95545258721,0
453.0,6.0,518.614040764992,4700.988544842372,10868.225474335064,-10347.017112927111,0
654.0,4.0,-7349.50526465319,1261.5159936409318,4504.22942123653,-1351.7934158003982,0
896.0,49.0,714.6572461177869,5172.568043309516,-3372.4763146632367,-4224.566233992662,0
544.0,13.0,183.52450950344627,3606.950135536049,7895.518992042793,-545.272791964868,1
415.0,39.0,-469.78893916733244,-11282.77432365786,3321.7087241111585,-225.22853897762207,0
796.0,19.0,1484.0898851801442,-3546.979383523121,2542.143582547069,-3206.2210101197506,0
143.0,30.0,7765.319537209,5734.584973802853,5411.037503410982,-4431.715765110546,1
801.0,18.0,-3.7984355770155105,4394.30133973145,9309.306644730354,-3775.5636928473077,1
819.0,73.0,-434.2114817572192,2204.591554835073,1369.3885910766348,2579.839625020165,0
459.0,8.0,-321.4040116273096,-2903.959403145033,-2942.22817054649,3423.8950305911094,0
170.0,16.0,10872.035688274984,6566.452307111168,-3011.841971450529,-2615.4762150590977,0
297.0,70.0,-292.50718624797855,-1357.1704777403463,-1568.207178472532,-445.26505160728175,0
828.0,13.0,290.17674630053955,2916.7250230393875,-545.8898953821049,14168.927421366921,0
782.0,52.0,10470.085987875795,-7260.849779606771,-13175.244904579502,646.8579912975807,0
445.0,1.0,-7271.1241776666775,-381.4091159222217,4461.193640366675,11314.997346161123,0
731.0,49.0,6621.7443754857095,8785.498567477902,5771.606895307386,-1650.057584675084,0
111.0,58.0,3423.6162056555513,3658.2381243926748,1536.0026246493671,-1542.1779798820407,0
243.0,21.0,-1871.9625313241327,2668.3592540963045,-1701.2860383796278,-5048.542404759961,1
775.0,9.0,-12308.761476680678,1905.2275277799342,271.1325386502476,-6391.511510004526,0
786.0,3.0,4805.93667858471,-10963.163665791522,4064.315005692317,-8163.707463627106,1
517.0,21.0,684.7430244830692,-988.0065024039304,1887.9632727745723,-1415.7778192571852,1
501.0,27.0,737.3899921570703,-5668.830664482795,464.5721687372263,1158.767838141003,1
623.0,42.0,3896.9277242025782,3990.387834645391,590.0381638997959,-1837.0006186871651,0
756.0,7.0,157.15593308450082,-4180.057113295121,558.8139498084729,-1787.793529517849,0
637.0,56.0,5014.873804558288,-7000.258505081902,11886.960944125138,652.0395307114959,0
523.0,69.0,1190.831230933043,-1860.646785928461,4850.901191824872,-211.68470413569776,0
36.0,14.0,1627.9245937210544,888.5678256731576,9489.248733767436,9837.026062936948,0
558.0,35.0,-519.9499084853442,-4714.369449906358,13675.591042722524,-3665.7988133990893,0
890.0,0.0,-12610.484685134432,-4041.8795187481555,1882.7422067734851,3981.304014811064,0
453.0,30.0,3844.811857126058,-174.19412613979665,-86.92514969215995,21833.11396484375,0
547.0,25.0,515.5844128833977,157.07549458674566,-851.5137299740073,-6481.4757942271335,1
220.0,12.0,1798.1044683286696,-5716.136784439176,-790.9753357599225,552.4987273545478,1
628.0,17.0,4034.347243118672,-814.897298365815,3593.9745627162015,1578.9737139132362,1
325.0,36.0,2030.9481281816784,4203.034811978105,-5759.716548462227,-67.96781202172906,0
672.0,37.0,1834.5133466919283,-1948.849807942273,2802.4007403098267,-8582.229763773576,0
882.0,49.0,8266.67810179828,-19590.214856723098,-3013.786516191746,-2299.0349534811417,0
538.0,8.0,5655.051632472968,-3056.662917127601,248.88055837861458,3673.929308769529,1
857.0,0.0,-102.29937049506361,-4105.140943844486,2116.902155032265,1547.1496305275891,1
292.0,74.0,1403.9100312495316,-1410.8274481405392,-5982.704505293648,4375.453747538713,0
552.0,29.0,5222.983678839611,-8413.783553384586,-241.4405997147079,6422.951915159743,0
613.0,37.0,2601.79074921058,-2865.5167604328735,10605.62067556664,1300.0884908817548,1
483.0,26.0,811.1328364701737,13395.6755421854,-1127.9835364235373,10347.039737115469,0
992.0,38.0,5406.9557435751885,6614.175870894978,9080.04447065571,-1280.9584997174734,0
500.0,7.0,4472.628226166204,3204.8784763865406,5093.346836776697,-2025.8516179368057,0
240.0,24.0,9905.292281881108,9053.108217115754,-11381.817354737463,-730.8025826202852,0
721.0,27.0,2861.9363746979943,-928.446963536182,-198.05068731259001,-2080.9087201475486,0
629.0,22.0,2095.133627654266,1903.2564964920716,-4669.332208052886,-2542.220468295282,1
5.0,14.0,2198.9794656678814,11991.298357124902,248.6516163363458,-5610.725563189228,0
0.0,40.0,-1662.4436606989102,488.48434688303763,-6286.520633107197,-405.9221347318762,0
713.0,11.0,-4967.518942795485,1350.3970168051478,-4926.490622347166,16413.39312478136,0
380.0,43.0,-1697.7748372539222,8868.71069372289,-3993.5129648219586,2218.3285406466293,0
761.0,0.0,-5891.666053878045,4815.172404307136,2045.9947691788575,-803.9776329451353,1
846.0,26.0,-619.4500952495653,-2589.090988908478,2104.1092419671886,-1190.858012574949,0
620.0,11.0,8310.768787833458,1703.3855406590098,931.9069872070468,-4826.529578282252,1
440.0,53.0,4035.3151615561883,-628.7113436719749,5421.457248176045,4904.842878639929,0
348.0,61.0,150.54581305050283,2895.7880612607,2903.886186727766,1392.4518288472118,0
566.0,76.0,743.0266258940314,1113.7307511999682,1970.5164571641153,5850.20853844703,0
343.0,4.0,-6791.482900057485,2709.528325292849,-6013.401838313838,3360.408628352833,0
855.0,0.0,3101.8559746446763,1830.8311910596422,2425.3223817307853,1383.218546904197,0
536.0,15.0,1759.1773096947327,-893.1246027322711,5975.304154868157,-172.04210761134686,0
1001.0,47.0,-368.22713034068414,274.57571000212636,1291.0879935749504,4489.621124655167,1
592.0,73.0,2438.60514713498,-1794.5313274565844,5711.455117434666,-11451.0416196203,0
729.0,2.0,3843.4083875936713,-3987.2628140233664,-4947.364407692214,-7216.31869094366,1
820.0,41.0,931.4914609211088,1169.8864751580302,213.54801450857312,605.6678688281072,0
957.0,0.0,650.6912068871096,-7087.451594319404,-919.4109932662469,-1152.0989775238281,0
846.0,18.0,-5110.487538201591,-3916.409809947958,-11618.137122284244,-2730.720713913932,1
708.0,0.0,4004.8274130694354,2077.8375388908507,2309.7909547218374,9647.939227582472,1
884.0,22.0,1931.4251572139842,156.99154299324164,3783.4015279530745,28.060651901148958,1
28.0,6.0,442.9199435616224,5043.214952584337,4805.410326945836,-5919.023512606143,1
163.0,60.0,1821.1008695164944,-6065.20965917582,5194.897394605705,2761.049980229894,0
486.0,35.0,1127.0252269413907,551.3890778294509,2915.0138556273273,3763.3090227073712,0
109.0,53.0,9939.149204703057,-3254.6239858735235,976.6108574803961,803.1225049054194,0
418.0,22.0,613.1996355852273,265.02195210384525,2204.5548477626185,2247.6496840771224,0
798.0,40.0,-783.0764966349857,-1134.4214071756076,307.35542931249256,2721.7998034600896,0
423.0,62.0,985.6919358198652,1697.0671636765692,-9707.961799830304,-2540.193007203361,0
82.0,23.0,-156.10836430795166,5092.6037338036485,-4037.4268725840466,7797.084482327301,0
289.0,5.0,7323.692198419588,5097.030530975118,-10311.386578975133,-3838.7505648818897,1
30.0,12.0,12404.821652440656,-8805.871480116884,4359.5610577420375,1418.4924047723239,0
61.0,66.0,-10763.376969878718,-1498.2442254190833,226.92620604573017,-6183.180200281994,0
706.0,6.0,49.637181998463845,3372.796376362776,205.89488576568874,-6682.959879981165,0
328.0,6.0,-1977.8249118322556,-1586.4110700341366,5115.853762748921,13244.93145609042,0
472.0,0.0,8422.336624302958,3957.7807994907926,3764.32499601277,-2838.3186712063202,1
0.0,52.0,-3799.869485046528,5238.896676303146,-884.6905420012554,1202.0516987074611,0
54.0,25.0,4858.718503064206,8435.42662472365,11827.784331524368,-1064.4704509730973,1
470.0,34.0,396.38017884149576,9798.660160674503,6884.225388056828,-1413.1622361786497,0
817.0,78.0,-182.5502279020675,-2599.726359462646,-424.5796540372244,-7457.975728821675,0
518.0,10.0,-1029.5833867490896,3260.760359999156,6713.583625715285,-11957.435993127012,0
989.0,36.0,10582.595025493865,816.1412246560394,982.3173516221973,-3706.1659100981296,0
61.0,13.0,-5056.962342118559,-8495.950636518794,4591.185816697507,4518.588694676225,1
79.0,15.0,2160.9575415021345,-4179.507069794512,3521.3063624916194,-7407.972504440018,1
759.0,57.0,963.4969679236641,1542.027126404492,-5928.6869279362945,-8397.100807044224,0
996.0,21.0,3702.125029313078,11681.390838602096,9952.227997214493,-1147.1591949147362,0
578.0,81.0,-333.38017843277476,375.30745107382984,6634.049006928119,-510.0534980600314,1
0.0,73.0,5301.680401854414,-4355.427251689224,4834.316108122972,10566.169617402888,0
513.0,12.0,-6338.66494077023,-5889.4809440697145,253.78868720184596,144.71556217569105,0
527.0,3.0,3091.3984481453913,5829.674786792704,688.1491047044467,1223.209444669669,0
779.0,68.0,1207.2541237854848,290.19135481077956,10339.286658671,3132.40633376013,0
576.0,6.0,-420.02538753954104,-2048.207990683372,-8747.97365243794,-2428.6992796309974,1
0.0,11.0,3681.851151674094,3223.9388722671974,-10928.471040964512,4941.436925105244,1
837.0,22.0,-12227.851112716638,-17141.823222614763,-1123.7703108832372,-12593.796209135464,0
2.0,62.0,921.9296560596053,6949.437005016366,-934.6654528336194,8957.238019991575,0
835.0,16.0,4907.462268702311,-2083.544615582493,1713.8826671516154,1964.7407204487645,1
215.0,4.0,-90.92659505850776,545.0545733353974,-3332.653202845967,-594.4303056405118,0
17.0,24.0,-610.449764235489,2565.1762032399415,9332.509793405823,6617.707933275207,0
1008.0,62.0,2598.5368737060835,-919.7904041179308,782.7757434904188,561.9348962727122,1
666.0,16.0,-543.964510534267,-842.645328908618,7724.3079821458105,-10353.889674205153,1
583.0,11.0,1918.5235601614645,-4580.116275214399,12915.132940695054,7137.7333432529595,0
491.0,0.0,-2905.6814977092563,-2226.424009634786,1344.051121025673,-5676.643547725353,0
388.0,36.0,-7473.893471731314,5728.932934326917,8321.51167602848,-12076.24851556338,1
305.0,48.0,-69.16179011938925,8643.21416818774,4144.06640694434,3531.3704245045683,0
437.0,4.0,193.07172802749002,2032.7745684523506,7059.987208019722,2185.6853027860516,0
921.0,24.0,2716.182020956814,12518.814685661664,3007.791292718405,435.8596273679607,1
842.0,11.0,-10215.077618666186,-5140.504840923055,5433.315590121932,-2449.230527943359,1
39.0,28.0,5369.429392855266,1446.0453089675063,5965.389401560502,5186.957675253155,1
536.0,6.0,246.38735791209865,-376.2590393211083,7349.10714027458,-3308.6771817285926,0
801.0,12.0,414.14763005459906,-979.6149552862912,208.86860407102526,983.6145080263877,1
986.0,7.0,-1307.9237936113575,-3427.254840350985,2128.356393021202,-11646.871720314277,1
1041.0,33.0,973.9394476088687,14446.120243804773,412.58983147191475,-2609.8199058976224,1
253.0,6.0,700.2441633514493,-136.96530895164096,6093.093986494676,304.84669661654107,0
79.0,4.0,-5709.1049460180075,-7987.034827047711,9193.137111428226,-4776.985423657395,1
423.0,10.0,3787.4456009646074,-7143.030265078762,-4398.365385078056,4039.5783290127047,0
627.0,46.0,10144.235314290978,-13345.393841202671,-923.3470440637734,8865.236013781521,0
858.0,0.0,-197.6578855667849,1300.4010439289993,1226.730068035706,9958.92367568956,0
271.0,66.0,7512.2302467262025,399.7182210465776,1166.9861125209698,152.392897820906,0
251.0,42.0,517.3254260946416,349.70171281589137,8634.93233584213,-3829.0780531763967,0
695.0,49.0,-532.6011261388894,5381.3586806365975,2628.5804488130734,1985.506016213384,1
290.0,0.0,-1699.3929933694856,260.28462976291394,335.67857237491603,-3032.965028607733,1
523.0,72.0,1220.0349864724715,6447.836563748788,-3965.479214789625,-365.10851555521936,0
382.0,29.0,7104.797658530883,515.8277079832629,1007.0196463719944,908.6495127676399,1
879.0,18.0,3139.5669841098043,-937.9550942302578,297.6754518037071,-15785.931376759365,1
970.0,10.0,3159.462273108234,1874.0947817251263,293.21600593553376,-2951.586592378242,1
966.0,23.0,3345.554057631611,-49.18800962521976,6645.981501287488,482.3191845525591,1
580.0,28.0,-4564.2099284761225,-1482.0008891810116,-3693.955262108024,-3185.9144393733945,0
226.0,16.0,393.52378501200235,-2038.1628129680987,2476.665805322261,801.1421546416855,0
960.0,75.0,4251.8650198661335,43.657530767741264,-2424.1500854298083,4115.201177975507,1
304.0,55.0,8304.444550011056,2401.3348685390747,-11189.518156879582,7356.947776698991,0
85.0,1.0,13446.544621894864,9052.779582927635,9017.85742027738,218.3292195013787,1
865.0,39.0,1849.310214053714,9158.187147200408,10328.514362118714,-2307.63260690976,0
853.0,3.0,603.8234211767008,1598.057498559414,-9453.104885024859,-4016.717256705569,1
483.0,36.0,17.170421209759354,-2702.7289626885117,-11329.4251487867,-22.991566380713266,0
550.0,27.0,1917.4290906969688,6067.511994391585,930.5444739798253,3426.498041976565,1
93.0,37.0,11187.846640370517,14099.712982471041,363.39507452745704,-12185.887158976946,0
770.0,66.0,-2793.9703235995303,621.8413371780689,-4751.483895900017,-382.92031886050086,0
23.0,22.0,-2886.8097078413875,-1083.0660705724827,5477.831925468054,1716.0238570880774,0
742.0,53.0,-14526.224305918151,-1831.5376250201666,4367.565445151535,-148.12965774819725,1
441.0,8.0,-772.5920776235998,3137.8579856559945,-11888.995479224915,1102.8807007929709,0
857.0,3.0,-7658.833321569525,6966.367730530015,-7339.4064742475875,-7920.4282078622755,0
0.0,37.0,-3558.86130464302,-4072.147967597356,2672.57274491316,-11586.17766722829,0
865.0,72.0,548.1106591942171,3245.412106782487,2720.635536066824,5201.142651023305,0
837.0,61.0,337.7033220974502,3286.4323694358827,-11653.26268352382,-2613.0741052757553,0
759.0,40.0,3930.9759921184386,8024.212971696786,5278.314651996732,5256.011434770461,0
478.0,16.0,-237.54368098631403,2552.2189140662676,-3050.351233256516,86.35613628584451,0
825.0,11.0,7549.531200554154,-1681.997778669855,11061.537909393537,12532.073808319466,1
559.0,17.0,4285.718443526613,-3987.056222761392,294.3660417557462,46.05710267237828,1
19.0,0.0,5585.852384396762,11920.188826293019,482.34865436846087,-904.7019272886231,0
847.0,17.0,10506.381847388639,573.834601087071,6797.410119695549,304.5621653027956,0
53.0,43.0,971.6972675713655,-1582.415476522145,3324.3863053224172,-3747.8983190609338,0
360.0,68.0,1133.9581038325607,-4024.121233586704,9014.278397391741,1485.4128216952922,0
55.0,3.0,-10208.02664732976,5358.894390489025,-173.2295858257221,1902.2187029144961,0
88.0,34.0,808.0219712963403,10408.223446705051,4315.837751528852,7546.877892653651,0
944.0,23.0,-16961.77452491318,-2466.5023867989644,598.1868164288385,13236.781115533247,1
671.0,18.0,169.2530630863403,2896.7012317516683,276.1575320066609,1113.851714458815,0
846.0,4.0,4530.361026682677,-6637.068138862951,1171.3331627036655,1367.6894061724706,0
614.0,26.0,-731.1414816666161,11932.41037541708,4079.9216762752994,-715.3317310640937,0
10.0,40.0,-3621.8038068555716,1066.0428585490436,5434.679501350422,9557.782462941106,0
713.0,31.0,1164.066182681741,-308.68232007804454,-249.6134146233901,-2074.3627377882453,0
336.0,54.0,-10894.18057874206,4701.014468233471,1781.6471690794554,-4659.266828949223,0
919.0,16.0,46.95609860176751,436.6335425735707,1413.4203757177827,-5564.065438899145,1
135.0,11.0,1887.7580243473583,-4456.059473255577,2751.825936899079,-5620.456336589183,1
29.0,28.0,2206.6675702107723,1386.8409413399163,-14339.888139680723,-15426.80351027664,0
128.0,52.0,-4180.25074019252,-2743.5385153528696,1281.3024132501025,9530.464078428957,0
354.0,4.0,2475.1595610682934,3311.7142612242833,-92.95503761781262,-5381.39285367555,1
275.0,27.0,2146.635741016955,10720.940740828493,640.9918445130461,-290.50082463236595,0
258.0,2.0,4146.596267784889,-8287.472203543666,-4679.718133967929,7506.5120266059075,0
861.0,66.0,100.93447251963653,9059.125055044113,2273.6745572746927,10384.001241834521,1
452.0,0.0,1642.7264791016541,7998.921413267409,-5202.9929077868865,-2218.2951191405673,0
0.0,8.0,-3118.512832073712,4288.243579726448,-4416.138980063801,-8072.360403550143,0
745.0,7.0,11235.611675598655,5804.768267861229,-613.5938659337517,-4292.179465628009,0
717.0,50.0,798.9137784088,-2454.395370437853,2453.9658473430027,-3249.201610368305,0
717.0,21.0,7655.008693369866,141.09883724241809,-1506.8954973018967,4145.132249755683,0
456.0,67.0,-6039.749204739176,13890.897222957621,-5624.877985567997,5945.328113631533,0
214.0,9.0,4008.9895586605658,10416.006570354388,3081.4924642219094,-239.22466709849778,1
693.0,18.0,-3244.5448384972697,3864.371414950252,6480.345973617234,-683.653491381662,1
720.0,10.0,781.8782930047629,1780.6363335180845,3489.0555184205223,-560.0279813339064,1
405.0,32.0,3192.53311541761,11220.072174639276,-5071.5682464861375,1283.368226263844,0
18.0,2.0,3183.053932126224,8633.01940816034,-273.7490413411599,2309.621795664189,0
0.0,21.0,3893.042477917464,-642.0801807403818,6680.819021615409,-4825.79159681907,1
869.0,27.0,10870.528341108993,2792.8680436341256,5212.560555327581,-1855.036149347989,1
294.0,17.0,9588.56533467032,7488.580114122401,17750.6259765625,-4164.640946423108,1
367.0,22.0,-13103.481287165832,13927.155885999906,442.90559536575296,-249.6716920519434,1
225.0,45.0,3943.2833463247207,-8130.161348216147,-8688.712269338786,-4417.865691118957,0
946.0,12.0,874.1859775674509,-12231.407285168872,-4465.684446180785,13.945690590840513,0
784.0,14.0,5488.807249528891,-2278.990476951835,-191.36562576862116,6152.607876536991,0
815.0,66.0,709.7475418168615,356.69632762391393,-9204.082659177018,-14575.65018910006,0
734.0,44.0,-112.06761951576681,4560.611861160787,197.06525942229928,717.4529999678155,0
989.0,26.0,9737.85534353017,5209.91447840466,7052.9732967163745,-7660.995103331061,1
846.0,2.0,4758.9331573551335,3596.568741810371,9627.849590374573,3748.6097061034006,1
0.0,8.0,6105.983740823911,1014.4725314290351,5993.566864205541,4857.921972204195,1
842.0,13.0,-2403.79252219714,-4010.7281254528834,1125.928864403989,4546.452232341155,0
861.0,41.0,2250.3133409220245,-2047.9343968110481,2919.145233620036,946.0811535071002,0
326.0,9.0,1017.3644729149055,-2646.116343234552,7208.669683829232,-177.946843756607,0
861.0,21.0,1958.0095798082532,-1286.9782354961494,3271.9970666817217,-3357.0943319225225,1
472.0,20.0,3201.794797141658,447.67338724406,9151.397588099595,-4042.296893095302,1
714.0,39.0,-2188.2554391294198,2269.681061618362,-869.9156337124036,-5652.401483622909,0
429.0,8.0,-5467.820247121603,2560.053595978064,1763.9181987926454,9146.224970119622,1
1047.85,26.0,-10198.683981952932,-1048.637591051248,-4297.373798191503,-902.8796667026821,1
170.0,78.0,228.68971109126983,6309.693669400285,330.7448005201412,-1077.5231133920713,0
740.0,15.0,-1507.8658303544735,8143.755020082655,11154.093937489197,-9.141492389125233,1
710.0,16.0,12.215706059552502,-11623.953466870189,6790.7301847337685,2917.1181587324763,1
774.0,4.0,-8707.079921392711,1575.3589055878606,-1184.5538973207613,-1639.9349758898838,0
439.0,20.0,4157.449907494642,6147.947759046993,15694.031642145259,7147.590707598551,0
628.0,32.0,3802.716969109973,-811.548664686082,4084.859827197644,1035.2182172528635,0
839.0,24.0,17319.18355196694,10967.248834029411,8422.776902583884,-332.1765666715336,1
92.0,6.0,-1919.9722383810495,1467.9657055101811,5236.198974260862,-3256.219636544977,0
652.0,20.0,7024.004581513764,1111.3636946468764,1587.7057741409535,1040.0478987981442,0
475.0,72.0,2628.964294675201,9578.364085060644,-1142.396763252141,-13707.551393166894,0
286.0,9.0,-233.0375417345772,269.2830742935089,9455.794236280813,-23.04106847413368,1
237.0,14.0,-9300.281702428048,378.61044603975915,3162.550348567811,-1309.5641424369142,1
613.0,0.0,4550.638117290696,12511.756967009225,5633.39052879577,8177.970125073262,1
486.0,7.0,878.7414462307338,1284.8147921139084,1826.4670067434392,1616.4126209045985,0
458.0,14.0,-2336.876086236799,6664.85317472903,-6117.854339499008,-6229.835125365746,1
81.0,9.0,-2402.1590257234357,-2147.067575575161,675.4346898201245,332.9136564014792,1
707.0,26.0,-6688.923776737964,-5977.337020129429,2294.463457441414,1616.4844111294751,1
931.0,38.0,9258.213458363321,-2144.0889321589066,7957.9264433885255,-653.5704248032141,0
549.0,80.0,5071.047643695008,6044.32699276432,908.34687097549,-1698.0573727913647,0
74.0,4.0,-4213.828451264297,1752.1849611571142,-1732.7419142037415,-67.56320708141152,0
1047.85,69.0,4306.159514306028,-484.31540967869483,-29.475891725773863,-764.6518413330963,0
29.0,18.0,2770.462002209125,7349.329710697899,-4412.942376139221,2545.312071484066,1
429.0,46.0,531.036769026369,5736.410167407308,337.8433534770837,-3951.205421934511,0
745.0,23.0,-3016.7428323908402,221.15923273197222,-2656.747192185978,-1356.1585259152876,1
30.0,10.0,-2675.7374832106593,1377.101740715108,5038.77659673088,-2680.6482664047116,1
703.0,11.0,1655.140994657566,-1101.9119544484165,5342.743296814039,-1582.3121827210666,1
559.0,1.0,-6185.724169328695,2579.640637701443,6755.443646698977,-2215.1711632786523,0
0.0,24.0,1222.5801816311232,-305.849954145413,1303.1562325694301,155.63076006690562,1
717.0,33.0,10236.008451101794,2787.459784338845,-3292.219739735061,9014.724202055148,0
0.0,58.0,-7234.370536188814,1628.9801643241135,-4899.203235254401,-1014.6776615402205,0
0.0,70.0,-2180.0290933849515,3841.591893209911,-8796.94986112085,-4399.047224833151,0
370.0,20.0,2965.1369912717305,-1775.8877864630324,-5106.708768861891,3730.1748582234723,1
971.0,15.0,7001.4398647186135,994.3399891729766,10082.801948714052,326.148054336952,1
887.0,25.0,7559.660045562086,7265.230787131515,2853.7306382395564,1709.0573291030735,1
463.0,34.0,587.0663448856457,-1795.4599246929588,-2788.877168789401,6271.671767051647,0
285.0,0.0,2987.5184379085913,3911.7307496685144,2854.726586510599,10270.286061756802,1
123.0,21.0,2442.87425266813,1288.2532631084832,1274.040942398019,-414.3142654197088,0
494.0,0.0,437.9402745437764,-2574.965112209724,4216.891662233766,-542.1259738314246,0
942.0,30.0,1671.3341418957757,3026.0146611354003,5551.026685174156,-4022.69664982065,0
1014.0,52.0,1955.859494087175,8759.235681502325,-10665.213174429746,-14089.338810223539,0
743.0,72.0,2588.7775847000657,5784.2589552311365,4225.064314026482,-11413.337047891804,0
410.0,17.0,-15518.57535856251,4260.13982731222,10666.604132234883,3103.936538105637,1
289.0,38.0,1140.6285345833435,-4276.285059947004,908.118738849068,3212.928756565777,0
113.0,30.0,-553.486474182899,-6866.906305226441,1540.1849119396736,-5162.994380909373,1
515.0,24.0,3822.5498053915744,572.9894674651321,-2588.2568642646975,-1066.953109955174,0
644.0,49.0,3395.464961150653,2546.641093796164,675.1954372565243,1982.1060773809577,0
12.0,12.0,-1272.6277727553834,9323.008335006127,-6638.497455689761,157.19873154587822,1
568.0,10.0,4804.36454225181,-3739.525949295671,-6992.887752802611,-958.9864684342787,0
549.0,1.0,3237.259136447861,336.3068169811977,2740.954280020965,-4416.103160173113,0
483.0,0.0,-1647.0840951999824,2190.2731762943777,223.5960709275332,13057.771983416753,0
97.0,21.0,9056.424055332987,3639.239992451474,9986.875295584076,-4935.370069428576,1
136.0,63.0,1095.9574896993824,-2006.677068564088,9660.484375058875,-4080.9271490444808,1
482.0,46.0,1419.2216255349613,9506.077127876602,4745.643289803185,4579.02503054107,1
330.0,24.0,-2632.7106753292524,-796.7586557097852,6656.754318306945,-1646.2081004102383,1
490.0,13.0,253.34323103390338,2306.7913413915153,10349.744873685851,-11675.50978688354,1
201.0,16.0,5610.269656575823,2302.517995204798,768.0663302120813,-4280.594410582269,0
625.0,0.0,-1426.9285524337686,2415.283824080262,1465.4307716696367,2318.4769419241347,0
157.0,24.0,668.1658223466807,5632.396628997382,-2305.8603000098965,2418.9726848040364,0
377.0,1.0,5339.6976699967,4666.464385557983,-10647.68037177386,-4775.256228799195,0
633.0,29.0,-2220.6553411268533,-2107.168401892212,4360.593364300725,-1260.932247903986,1
60.0,13.0,-2712.4437523840365,2444.132748005842,1601.4112233518472,8434.325874207161,1
698.0,11.0,521.1734001167963,7855.810322573256,4669.232174942167,-4956.228061881571,0
410.0,9.0,4501.748560086411,-250.33924181080494,1262.3628388413424,-686.9910863922405,0
836.0,26.0,3104.7601790603953,-3355.615826693086,1521.242009972188,2927.557970786984,0
999.0,61.0,2371.707335617589,7134.0732671467895,460.8191644688317,-4189.109328918736,0
523.0,8.0,856.534877761539,285.73099741762803,2948.983870472382,-122.6163113894113,1
480.0,51.0,-9942.122399764363,210.63914932218677,5356.010221667202,4741.704058839252,0
419.0,3.0,-4363.693102794337,-827.4908185147381,1499.5051453693175,1010.0743188188925,0
802.0,60.0,3448.7512795223147,-575.2300410646881,3252.7042840761815,3290.083189364462,0
578.0,7.0,-11444.530314591451,3726.627288147277,-536.1017839344355,-2110.6560377235996,1
943.0,7.0,-13946.576925422429,-496.39351434921133,2949.4122998005514,1829.1763781244435,1
918.0,0.0,-14163.73882654099,6316.88198018267,4537.903452605027,-577.2278425679924,1
737.0,24.0,2722.4427414920865,11626.315270428571,-335.6329885683863,-2648.41463987859,0
210.0,6.0,2750.6872893589657,-726.706392165197,-1537.4139869678993,-3863.666079121891,0
117.0,6.0,-11101.125999512544,289.46303787952957,-383.63441602704495,-426.9958942475628,1
293.0,22.0,-3291.6411202495965,-894.1587882396589,4931.731098559653,668.6442113795597,1
526.0,19.0,4639.2365661884605,5994.934110594102,7036.389966892025,-4918.616391619558,1
836.0,23.0,4010.7195494688044,-5137.92415134299,314.26385222921704,3428.981489306037,0
154.0,11.0,1437.8156232266863,14885.99564980077,-1559.0401398849256,-11415.97927571506,1
0.0,14.0,-2464.3109994060533,9903.200332095746,921.8764465255626,1371.310040323036,1
441.0,71.0,460.1345758823733,7004.92339142946,-586.7023436660039,-4738.786128955924,1
856.0,18.0,-89.10456414180419,-114.49085824575383,7160.382762304726,-6403.85767797787,1
1016.0,31.0,3231.2492288809026,12076.74460637074,9348.278011929184,-5443.429477768554,1
264.0,7.0,2246.6437662588883,-1711.7200451800786,-3496.9576394988962,996.1589019887024,1
117.0,3.0,11573.698792430674,-3930.781435835572,-772.6626544155096,-3490.9057700233952,0
992.0,17.0,-9767.09341862228,9850.168137770303,10353.93196067855,-1348.1553713629996,1
622.0,24.0,-7692.818985192813,-581.4850623881575,3738.999617403454,-4676.333529562869,0
581.0,15.0,12885.33056026968,-6979.842004059879,1034.4820371017404,-3748.0367670954683,0
858.0,19.0,-6459.005826689261,7768.725234299904,11492.490787325089,1870.6922461630047,1
639.0,8.0,-5861.5752213569685,1236.6809552574305,-4414.042670558982,-1094.4156140959785,1
496.0,6.0,-13181.97292598959,-3207.180478415922,4154.202892856894,-13571.607880581825,1
110.0,66.0,7756.299209684324,6357.391235676745,5126.473658349621,4734.4892526239555,0
753.0,0.0,44.47292117647858,-1478.3438653323099,12544.249652779672,3064.1911374078086,1
671.0,2.0,275.77673987404296,13355.977477551993,4296.52062612921,10987.009921905958,1
470.0,12.0,-601.9767956613696,-4232.095173718889,3740.210448917975,-730.4177951577922,0
591.0,26.0,1480.0660666572512,2626.8411687876664,-4128.37586682754,-1877.7541893856605,0
891.0,5.0,-1470.5913193581048,-2461.4155930686993,1638.850399706665,48.76881607854193,1
423.0,3.0,-13971.00267067637,-84.43447879048819,-24.855177020782747,21833.11396484375,1
113.0,41.0,617.1526453027562,-1527.9075481412085,3382.42958636211,-6836.014873071073,1
599.0,56.0,515.136154019173,3470.2538195222364,6684.822038328146,947.1866510068676,0
990.0,6.0,1853.328710149327,-7610.744717464808,-35.62043383684909,9254.68944864269,0
698.0,4.0,-2333.9725707401085,-11339.267755914287,214.7218363384469,405.0563887210028,1
587.0,16.0,3414.5715683052726,-1281.367422868698,6910.421971286204,-6455.573348291446,1
7.0,31.0,-212.4377365007919,4406.540702475488,-1986.6948190456756,439.6672062065317,0
355.0,39.0,8955.351401695763,9212.680506298075,10604.963129863863,-21.279192484169016,1
628.0,28.0,2310.356659750073,5004.72789744712,2915.8312361535036,1013.7130422687773,1
667.0,12.0,4158.186634881701,2361.380886098086,7998.280919650698,-9248.261857376341,0
53.0,0.0,-8923.571306986045,8007.66939599602,536.9248372756485,2782.3876598606053,0
473.0,80.0,-548.4389374225822,873.6093481205519,-10133.571706405277,3051.646476597213,1
479.0,22.0,566.5074241029089,841.8727122462215,-10599.32227226931,402.8462387084346,1
893.0,13.0,2948.506818845454,2964.187904655476,133.47765747903335,966.0933079856964,0
378.0,1.0,-3889.4647935036146,-5877.84771452458,-2334.193450968063,-2147.429234397388,0
197.0,0.0,2842.4689602979324,4956.777945546709,-520.20767906234,6760.520409588602,0
293.0,0.0,136.280066937555,-5198.5916894932425,6262.041753676935,-1565.0146185089975,1
481.0,16.0,5340.520142106052,-10240.603655225144,1276.2639535482986,794.5253946394746,1
600.0,4.0,5965.148228837054,5346.35853911722,137.23239791529443,9950.641536731568,1
562.0,46.0,1299.6914075332497,8747.316013317539,7086.505717382554,5878.028443455952,0
825.0,48.0,1093.6404437041945,-5706.352704914161,974.3993645744999,6910.627611924856,0
918.0,7.0,1635.3340747823634,-5163.867181660573,-33.35762715622829,2234.6491404010053,0
88.0,26.0,-11378.782528454902,2353.7466878349815,1981.768182339786,-16477.99989631491,0
986.0,45.0,-894.4021107188105,7114.870933854249,529.2809106834793,-11545.654854507686,1
734.0,0.0,-1854.9272604172188,-1450.4364991088514,5631.8738362902495,14793.273374289478,1
106.0,15.0,9957.038279175495,4234.736175150368,-216.5411482880263,1180.8676874882851,0
649.0,82.0,-1509.167005473769,-1535.7421976913697,10517.507675907602,-6025.8638384937785,1
1047.85,73.0,2378.697331717332,7028.802104766688,955.6415876220829,-17764.027467601816,0
728.0,40.0,8145.00973589145,1687.3250313911492,-852.3884274765442,-4112.849085844428,1
826.0,28.0,229.87556837406373,1812.085557757827,10022.601820402513,6404.291069984884,1
789.0,20.0,2647.492902302278,-596.9564077773166,5728.992765441117,-1967.3118058147902,1
622.0,18.0,-3023.508775583043,10286.613157556583,2343.0579540443455,-1988.6236775115499,1
241.0,20.0,-2250.089859968595,749.2533742005107,8003.400998853726,-1371.3819493237859,1
517.0,3.0,2399.1905144467187,-2728.7812524114834,449.8613181587217,-10991.339053973543,0
284.0,3.0,-4993.001381419339,8970.953033135445,9527.518231256712,1542.7527196249484,1
918.0,43.0,-543.3711380934812,-1887.3957887829586,4419.50135067763,70.83596760249202,1
710.0,55.0,43.74649746313429,1274.227480349242,176.18592707507628,7358.0568429921805,0
725.0,43.0,-2445.784526759403,-2313.0686831880594,1868.7385894065178,-6309.776038055774,0
342.0,3.0,-1205.5905943587084,-13299.244867436822,-3307.3796457676,-3819.240084375345,0
484.0,58.0,-2662.693158919056,-366.1836758344144,1713.7004347701936,-1824.7036750860107,0
460.0,8.0,8794.832431627827,-15489.893597998438,-1526.7966228694445,-1419.5507137695686,0
911.0,13.0,501.4582786150073,-33.900006409711295,465.36539597701653,-1521.2578003391818,1
199.0,39.0,948.6806114929575,-3739.1866198050684,7135.599637344625,-1076.5353341598975,1
372.0,0.0,3047.1633174690432,4229.541784398722,7701.580707009944,-14312.742484746857,0
863.0,4.0,1027.537507035324,3026.454686673673,7.854830352236149,-2348.7845242557382,0
884.0,5.0,3818.2052732643315,-4312.369615698488,10812.815089469426,2920.037008168232,1
395.0,0.0,2562.5052370683925,-4211.365607495236,2630.135420733158,103.97312774674901,0
764.0,13.0,1505.8239944846896,-897.6741290415891,7109.14765613679,10984.245178387824,1
897.0,17.0,10340.964749204011,8699.934271410897,3184.668189608286,2360.563401645278,0
618.0,4.0,-484.8546488796274,-2344.3435094102556,2214.461526391776,-784.3168786400337,1
0.0,0.0,9740.577595508032,-3514.005967184965,1512.4232390876282,-9111.425310812921,0
257.0,17.0,207.31954995149601,-1060.3051580251313,-226.26058682199755,-5849.616896055664,0
617.0,42.0,-4260.5747363514465,2932.8057470239123,5885.178985498272,2786.319083204068,0
0.0,34.0,4304.599535123767,-3406.2886562304625,620.0076264046304,-1548.821425659256,0
879.0,2.0,-3421.3526320642277,-361.89681675555113,1201.833016592624,553.6997532328114,1
733.0,9.0,2437.3540988261616,-1651.7981426022152,11177.213939579318,1605.81297459898,1
610.0,65.0,-115.54336014139048,-3457.3109635397477,-8548.945188398553,2169.505544731591,0
831.0,14.0,8361.083094767366,8140.585366147898,-1001.1804840327463,-1164.0150455059609,1
441.0,17.0,4800.093706960219,-957.3159757366222,1066.3725580979635,-5721.101961052544,0
841.0,11.0,5834.113815534053,3389.46940233196,152.76244037289092,9006.92790025086,1
375.0,0.0,1668.7698202131692,-1746.1135144492634,8819.613470593367,4178.67927890826,0
1002.0,52.0,128.88553688214506,1687.5128912500859,-4104.235468914147,6246.814839479481,0
760.0,15.0,-2038.5124235873732,745.9574677122504,4764.465677846605,6690.539656728665,1
487.0,22.0,682.0138613089089,-1254.0261673305392,8056.731468761064,-2709.316575419545,1
987.0,0.0,-3410.4271736936207,10549.23022774507,511.63054928824147,1690.8352099013982,1
835.0,21.0,10568.008415966047,7703.834314449023,1861.540780578649,4545.741340428809,1
738.0,51.0,-90.66078675598965,-1187.6774158543458,158.57771982431322,-991.5513849533287,1
264.0,35.0,13985.372453293197,-2826.5242271373972,4280.007467673731,-319.41033196816716,0
62.0,1.0,382.0674615285552,-12575.887137670788,2740.136483058817,-653.0618847225786,0
416.0,36.0,-2114.626461405446,-7554.980798609514,6748.3666923211795,2587.659864995465,0
705.0,34.0,-481.6683711401107,7761.6962355077585,794.7747036140806,2317.1245478081773,0
860.0,44.0,6643.712312773849,6115.876725230246,-2261.0703805901685,7288.019187239961,0
207.0,42.0,11305.877859016562,1530.0065219678393,4644.40410477751,-1894.512824618842,0
742.0,72.0,565.9972300485765,920.2064528516853,607.485795990599,-677.6637606577541,0
982.0,61.0,-3130.8692725014166,175.88099740008875,7673.658270679316,2496.4087288961096,0
420.0,34.0,-2682.0049327880374,380.35657761017137,1812.8357664227865,5179.7885894811625,0
110.0,16.0,933.4836768552641,-11031.302708496325,-1872.9734190341908,12650.484998179729,1
342.0,71.0,622.3181754574327,268.4354601101785,-148.34346840379658,732.6128225516493,0
577.0,22.0,7907.43833192435,-2535.1367329942227,2351.8683233331667,-27.362441289778417,0
622.0,43.0,-174.3617852765426,-107.74160727921208,-304.33271166246686,1282.1106280358672,1
585.0,45.0,-3352.877903937274,8515.70040298253,6080.174256318164,-952.9754198405967,1
872.0,0.0,11105.011468296307,-2550.715220382444,1405.209908474121,13242.80061451385,0
1047.85,18.0,5175.492493170878,-6005.610384416937,4732.599562025692,-9997.095121269429,1
945.0,6.0,6373.678395153945,-15010.31428487717,5251.664555703987,-4242.60121032634,1
921.0,4.0,-616.8510553209364,-4977.580889434252,773.3970046263076,-985.3335001495498,1
469.0,25.0,345.47671549858717,-9950.671126930682,367.90441703942133,162.51544688316835,1
703.0,62.0,1336.7721343397668,883.6272719838589,-5721.526322755239,4819.188862753335,0
712.0,48.0,1223.3137789974044,12375.92543244213,-832.0375542000138,-1435.028855623369,0
553.0,33.0,343.97972310111936,-686.7105660324723,-369.1679631237172,10360.374349631527,0
537.0,15.0,26.412240211522786,-1298.0972201321304,4126.135095740632,8744.152400813462,1
461.0,0.0,-9470.87908688833,-3898.6299028245176,3110.5148676050653,-1880.3029540803855,1
501.0,5.0,-8915.747383702914,3403.1866871371058,4490.724006907052,1755.7224787867494,1
231.0,18.0,3179.8610562879385,2870.1669519328275,2049.261043082979,-16528.949564854756,0
166.0,6.0,14654.149642660224,1808.1702536978128,5336.709446494709,-20937.790732850783,1
163.0,67.0,-273.247119235117,8957.090386281787,2745.9225277433475,3166.348554470421,0
794.0,57.0,-4508.119318828136,-4553.161085338704,-2346.9675006537473,452.9380281748722,1
1001.0,37.0,-1436.131727319661,-2225.9842109927367,-7060.559528205356,-2181.0642829155645,1
852.0,73.0,-3062.962195739368,-829.2962442602757,-10207.229882450343,-3700.25609459717,1
366.0,34.0,3924.2680945812203,-240.66090229879228,894.545016837039,9238.203167427619,0
294.0,35.0,4622.416102211757,10539.521065639487,-3255.553543024669,-892.3033758203126,0
281.0,15.0,1864.7955810017445,-12943.081219379457,-12522.903210183129,-1378.6478373108225,0
77.0,54.0,-995.5389815938388,7814.897848337947,13952.421720498009,893.1685040335341,0
438.0,8.0,7761.42861379277,661.649802899919,2219.6309126887168,-5102.04041507566,1
931.0,7.0,-1856.7357831566096,-3936.0708449782105,2887.079923927941,3854.8404263245147,1
568.0,22.0,2007.2264332667064,-203.31415531354196,5821.390626043778,2015.6426085359763,1
666.0,19.0,-3544.5301467772592,9607.292206771608,1131.5144439142705,-326.86346203253106,1
77.0,9.0,195.325303210744,-1896.086149193833,6253.822248298242,-1105.231133069335,0
679.0,73.0,84.41352727542316,8639.177390612802,1699.1255921801999,1951.5941812296842,0
497.0,0.0,1877.519475304314,1801.6544008847484,1435.4600309160187,3327.7780168627705,0
149.0,17.0,5159.550711829968,394.7989514845067,-138.51647665001053,-4162.280047995822,0
892.0,58.0,-56.74800313265041,-7541.828592785523,371.15749463663656,5252.66917536617,0
292.0,30.0,-6650.394409484593,7650.966742113241,7109.972813765036,1466.4085486264685,1
537.0,0.0,-753.7158279838736,1868.9342880872227,2918.8745502381253,-12037.887174676966,0
0.0,6.0,-3404.0810589569473,-3447.2301968756783,1917.0861394779517,-757.5701589562603,0
439.0,0.0,94.94126203074231,2101.42392412644,-5527.0969891559835,-53.57518779035718,0
721.0,0.0,-315.59929375534955,-10207.742781204193,877.0725972933652,-3067.2505830790933,0
239.0,29.0,-13953.858937677145,-623.8744399636932,6486.372046324811,-1307.3588387059326,1
948.0,10.0,105.24539229311193,5522.891721109656,-5650.277105326266,-3214.6906701490325,0
1047.85,22.0,-486.49897321955774,-6038.283950283772,1231.5001547007312,12125.876578208496,0
46.0,14.0,336.31911479765597,6126.6158973761985,-824.8388678848642,-3409.6129677805147,1
986.0,6.0,2405.9073872949825,998.5488673733173,2902.8052855184005,-3333.3286068706007,0
4.0,17.0,7317.344736498306,-1069.7042324576735,13629.676424721169,-13498.152746667089,1
290.0,39.0,-9232.761857291332,961.8586010465501,1861.7506688627059,-960.6015264307111,0
697.0,9.0,-4543.826953707918,7633.928399011025,-253.77488602514063,-2569.683211342364,0
530.0,3.0,-269.4012301575651,-2985.581683993349,9569.610096055287,4315.428853039417,0
751.0,26.0,-108.10506286109921,1300.10301499709,3775.446819268101,-2633.1236883188158,0
430.0,1.0,-886.4724477953798,-5714.851429452305,2851.9592861883325,5013.2122036798155,1
383.0,5.0,3403.0911657194033,-3823.1134407078553,1330.3094456170875,-1304.0709557844752,0
819.0,19.0,-2005.3837397213479,-3867.2672783198736,-211.9602169107277,-5329.768710683056,1
181.0,37.0,802.7247256042299,-2043.452109973768,5981.654141338853,-3196.0900507502247,0
638.0,17.0,-929.232753624869,-827.751192698338,-8025.3991887841,1926.2835207224148,1
560.0,0.0,2573.8955073812203,6430.308197862676,6143.29321917444,-5.214974808740351,1
559.0,39.0,-281.042014362751,-2198.167342556243,2137.217588158702,781.2853707241836,0
940.0,18.0,-3696.926569301471,15445.669988040187,-10233.52569113992,-2332.1192693735097,1
821.0,5.0,1878.1564097255705,16573.253828417153,3351.413934878022,-3989.3128518118656,0
712.0,6.0,-5141.439258771243,-364.57067818502713,13004.109101574133,1315.3104883330832,0
838.0,31.0,-96.2755824660619,-6238.441767656568,-176.93861794874783,-2151.771775872972,0
651.0,26.0,38.177021411785034,960.446355061033,433.05831274527486,-1892.7180471249142,0
780.0,0.0,-9492.65622542881,2093.2606029265894,6458.281108305568,625.9623060923996,1
832.0,21.0,1561.781379796365,9766.98535592857,3424.4284867506117,817.6042505572937,1
380.0,60.0,-2833.372074115931,4432.995570863394,-2808.800423452126,1833.060375976016,0
663.0,0.0,690.9213508342208,2231.21831183066,-2995.9873037409047,5210.521195485373,0
206.0,51.0,4869.1246470444685,7681.205470720922,-6509.737380442989,-5403.032562092032,1
249.0,0.0,-11.125918173414874,4131.907802464419,4966.514106460536,-5368.539192285309,0
975.0,8.0,-29.070243641673926,663.419774202782,411.3640874000778,10462.666685758393,1
152.0,4.0,10851.732762188683,-3924.0380890772008,12743.455706967936,-17721.61506733284,0
727.0,41.0,-588.8391137736967,3681.9969870113173,-2800.4429600258923,-1413.8359156929582,0
838.0,29.0,-5896.357426674784,-1666.0690342234893,6905.568369970475,-4133.494702207529,0
889.0,49.0,2297.3010108625367,2856.7452508641372,365.85076945647097,-3861.30303984494,0
804.0,9.0,-3800.672148533139,5972.84863160825,6992.888538805915,-5765.646925873346,1
167.0,9.0,-63.354034945571044,5697.69196878896,5309.127575343509,1903.396935985213,1
805.0,4.0,-15358.822902310127,-1927.7922396611991,-1817.355259224466,1577.5378727594195,1
26.0,31.0,2832.0987767530514,-1139.4248832665526,1522.1727443699892,-732.837507933662,0
107.0,40.0,3082.908601895654,2210.9468302805935,7319.773650717492,-1923.5988142552364,0
849.0,15.0,1029.8711772870402,-3037.7287744465684,2338.292843789188,-2869.920670622272,1
453.0,32.0,4884.394209669786,5954.2442616349235,-9624.43143308717,-675.4607655483655,1
757.0,57.0,3754.5100971709758,-3858.14556904857,2097.4291925376024,-10670.370515235492,0
430.0,13.0,-4980.494923273109,-6091.687042181283,7931.33760326741,5841.939446945503,1
303.0,9.0,-13.138608630036344,-2091.8625899295907,-1674.8383686975492,-953.4777396603108,1
660.0,4.0,-2110.8304557063866,-984.532950573755,4216.270364924442,-5042.028423094664,1
155.0,18.0,-11980.183529347449,40.79428004971214,434.88064413776135,261.8119342204368,0
838.0,41.0,35.39713473719168,-2906.895568075585,-3248.8633835522605,-150.7814825034493,0
571.0,53.0,10402.480167181671,-3743.260183556174,132.25768895325467,9217.162431738974,0
390.0,12.0,1019.1205612867562,5388.218320952714,-486.9635797580502,-388.4002347753503,0
261.0,18.0,4570.713625377669,5251.382605731236,1040.0999215421757,-6279.650250391092,1
566.0,6.0,-2441.095876475669,-4618.106282741181,5931.08130169872,-2127.8465377823895,0
92.0,76.0,7930.155939150061,921.9285018605963,4895.144172827143,4744.4617424612015,0
182.0,21.0,-175.57508427919777,-233.95420705342008,-1035.1962668264744,1802.167285968391,1
141.0,12.0,3511.4404514003713,2450.3070480233114,6988.800587524514,-3636.878534024546,1
159.0,28.0,-6568.103845167464,1050.3975857073415,601.3359131754441,-16336.24301217358,0
852.0,2.0,2377.9673244989845,-8361.258701641678,-60.849039664069096,-3206.546342809954,1
906.0,28.0,-466.9994745445167,4065.3947604983996,3920.575236830147,4025.8331323140274,1
